100000
174942 810209 974526 692011 832374 969766 68238 255985 921241 329038 873934 973248 565806 903094 614761 890849 616248 185282 828852 333996 
827436 55536 631714 258444 585350 309056 559921 652505 496989 869952 797310 76924 45708 480169 238702 304990 992503 865941 181614 841610 
855259 770930 378768 462952 37197 828430 591230 751658 596056 678006 506203 648101 761980 186742 732168 327184 585162 416613 237154 635058 
303415 157664 687470 500739 253895 91046 295124 274685 681086 303716 476705 983814 675613 135337 527672 186838 340217 863599 829835 91731 
931316 986120 801341 547528 76873 252244 391411 653540 68439 322855 584035 96811 474959 754753 808362 510751 185981 397572 642149 877522 
215287 975962 454715 77515 781708 735661 254117 829340 831473 371787 909452 408254 19339 118400 302832 506699 272762 295284 76591 350929 
719713 125046 16107 790209 481911 847725 943799 382238 185416 553865 653536 384501 753650 523461 627367 969912 893217 586993 179676 300766 
499375 40007 531074 26595 151414 236056 524606 964360 203840 197770 791589 652097 159644 172704 79300 338284 333724 627583 153097 85934 
54867 130988 665241 361964 370491 213397 958884 615314 788689 124038 936015 198023 360964 278462 728450 778453 904902 695390 123575 277879 
462592 861160 826855 982451 220453 579119 421330 704129 361290 56342 7798 246007 497839 543451 951965 640342 787865 807422 438904 423595 
683761 932194 535609 208985 477102 892624 669615 272129 55818 159603 362273 602813 472833 279477 710252 737841 160565 122624 512851 903124 
925945 666780 22711 592627 157715 995049 499449 124315 459331 684450 810200 478333 570989 279216 610939 641332 298198 239119 420750 933848 
31949 968389 806453 855706 512910 988964 165545 567604 381365 846593 586118 265484 229468 7130 756052 344327 836708 768230 468494 368545 
162274 776299 751633 769989 139553 280352 960024 425705 491723 494103 370264 496025 906227 1693 854494 325315 452000 556762 982104 110634 
607841 903263 881317 679175 531752 648082 82904 4175 725494 837812 103517 74519 665964 236885 298483 48252 242800 360548 296738 47493 
156047 154951 819064 871610 317210 379959 433913 360304 925529 774616 469173 671117 969560 674268 46174 238117 73444 505276 210153 60293 
459273 931599 964007 163513 240303 977720 713241 166371 119803 727040 370246 381010 992812 924303 667960 638181 996328 387178 924839 180210 
824165 552950 963920 890678 817564 747725 8970 506321 765368 513540 612621 447940 654408 823379 196285 219774 305307 111231 309748 622813 
461404 458760 773599 383040 570327 880611 976436 471743 641953 139381 855405 384416 194131 566504 529582 525115 689887 847238 750555 192212 
512597 555070 365520 804307 649949 946808 513689 779552 355821 337448 308320 267294 123864 381582 98964 460483 876790 675920 409856 592227 
523277 147824 955689 519808 906944 211083 307069 326801 950548 562040 579327 470237 304366 925166 646430 681279 952732 903317 637907 854894 
963034 498251 568034 591695 998416 764488 891022 441122 3879 555194 189095 395703 491299 430267 141089 275495 100713 710053 858419 36403 
778534 62425 835488 237927 924875 139869 176792 645327 361876 506968 698704 483914 243494 515311 534792 712895 212670 141589 931948 236090 
521827 981905 104979 306421 861567 73159 961395 269788 879258 847127 99338 649362 576265 585213 243104 268184 71726 465578 437491 726437 
252654 297373 961991 90928 362918 687928 253305 11724 258781 241127 39257 649734 621206 78741 94753 670798 559150 504469 706212 833681 
507485 192055 684982 797685 4976 882778 591884 722938 929306 146280 195878 868300 775008 633773 356489 104162 672018 620373 95339 671029 
400871 971228 239970 247413 227032 735601 31410 244681 940237 962218 523423 742357 389442 781778 466864 837148 706532 980407 312106 624986 
455820 865244 537409 379211 740440 537255 923311 996144 120997 768917 817613 837419 653448 409262 91888 954574 797838 662932 725753 565155 
75000 674648 317615 476840 288202 444168 152170 980576 508956 733104 42513 85974 467115 297158 363629 474823 386237 842477 507498 133696 
835857 21792 219426 315803 381335 802817 95210 825466 497587 326924 98417 139305 50038 386016 503179 812798 725517 605314 530754 520735 
29231 340137 690075 477020 607657 218567 117025 76191 918785 592043 266606 858205 405674 303177 874978 524556 312037 818066 221348 568224 
343393 502895 519035 219546 484143 417883 366547 283015 865123 975207 626703 126620 814917 155275 83383 194351 559952 770562 415540 512413 
955613 972845 624410 720135 998725 423603 733277 878593 934002 584145 986693 812307 406021 400232 732175 998840 407855 749188 310856 151103 
215648 96714 693170 105929 476654 625202 428365 140387 332256 380386 645923 31471 451815 411777 904119 647320 101639 900967 385468 305800 
294002 164083 906383 295852 753093 575864 798662 713948 170209 94959 516603 649920 819235 818968 725355 146528 291974 799770 499249 318634 
885065 944703 650203 939368 203232 741379 979743 844071 747598 19172 205626 951573 791128 744545 754627 205256 542525 101000 533363 629893 
244094 65254 86006 980869 312452 115989 626247 100908 740553 956963 363756 132999 460400 454224 490085 65470 303809 199185 899326 369118 
953664 942355 332622 85032 827581 929467 31170 619742 60758 990350 850357 105476 316530 505996 711706 737431 539405 265396 792553 888883 
493279 838647 667802 311929 62514 999036 688206 821694 57255 761971 784948 447275 225975 348770 643945 881460 378548 877222 635136 944441 
803597 593427 27440 687716 456596 339463 375132 786063 842490 798239 878581 713900 336882 309028 651545 993895 895743 491123 602780 705115 
958335 139560 959139 523094 725446 713433 669990 611679 695487 887615 672049 242986 849966 963392 255311 183696 123119 282826 413260 203397 
348562 583115 363126 429416 990569 29034 990220 499361 751656 273108 97603 597487 511613 840293 345779 76938 386939 417467 492336 215803 
110609 854060 758 858423 843151 861846 783685 999520 629735 440624 912906 455698 350092 312717 843776 785731 962924 383699 611349 37824 
809718 468050 488630 526190 950467 581605 994264 354335 496764 775364 395564 424821 566873 196949 286676 869872 941082 641876 736444 822173 
4842 311780 92357 292688 602326 797169 368201 923848 843915 490309 771143 224752 839224 268716 51299 476077 163935 551850 156009 886916 
519595 777046 2870 167488 265250 228445 54914 785010 341155 938610 319636 424950 590294 742498 530424 312795 685264 215983 216968 596883 
53908 170378 4200 602083 667429 233622 839719 826880 755336 702922 387047 648630 970422 73748 819301 480117 745795 49022 143615 788359 
770966 189500 459919 694895 424205 128508 489384 106571 517936 52639 370588 284683 896931 497511 177046 300045 444263 537670 520242 385622 
103844 470245 443083 96833 226875 504351 904614 268543 251893 306640 330179 562021 458309 642772 78621 999009 388049 80287 105596 719456 
443328 872295 962744 447972 849383 121728 95147 670359 551509 873458 971005 346309 479718 295270 111378 648333 700458 716156 110317 600831 
462503 674805 252625 398849 431573 228103 127503 923024 775668 731508 583494 376773 986661 853759 542712 844157 901314 716544 185997 823329 
491482 987852 590165 301075 608562 173907 872065 13832 354684 308108 449340 633050 231161 931353 539409 685866 284676 535715 171186 945601 
63852 276166 732336 417909 174773 65819 358964 873462 267360 497720 836719 275774 907202 461508 239963 929732 379625 365196 837798 140661 
897812 796489 324026 460525 976777 886237 590803 880642 93860 395658 689313 321734 21625 158820 971857 521812 449055 870366 485889 438168 
453093 466761 375806 158418 98497 970000 202869 656210 459332 257655 859520 85022 391894 737475 831785 508799 709659 251907 622282 752814 
902335 495631 435103 638857 105349 406969 587905 688925 716822 175862 945862 360052 81491 827328 232456 9237 343843 367897 741110 781065 
575758 133958 44376 417402 62099 855662 681003 259251 947819 683339 189674 695520 568402 288513 140474 837880 160927 951659 169854 927784 
93045 384645 476018 516976 233642 904991 402429 213186 167249 19892 272792 520954 524863 475585 602768 48309 553215 813765 524440 42776 
480802 278143 319110 484390 378318 352416 377734 520172 15740 725294 998908 829079 826157 83159 152979 398111 937565 830834 748522 555079 
970043 316693 513242 542449 444750 674172 573253 872258 409910 527662 653243 475633 881168 511356 207739 537340 28007 241135 77371 989517 
992535 638633 889250 77756 298669 30286 731693 903230 677783 821234 388919 671401 704769 233599 652200 117244 185221 755530 987835 684918 
212097 908675 282452 773242 685167 759397 710632 998959 832576 368050 710472 461912 779489 789882 771687 571211 819540 901920 345551 653586 
58730 92112 628296 980995 86194 723081 688712 597931 408725 555926 53689 550373 502728 282087 87087 573569 42779 83274 637901 335704 
769999 759652 65042 151103 447564 441536 206171 585037 416374 453036 311618 153723 173845 702871 959910 686019 544228 629694 594715 157313 
816887 923719 238466 591335 22820 806047 951086 475792 959480 666771 78775 882997 769467 784330 472543 720567 993310 207200 667522 949348 
69302 705919 666109 985994 550491 703983 987115 449162 785495 368185 7031 960748 812166 626841 720204 415116 377905 843447 902869 641412 
615887 327511 549059 148271 977343 910260 687644 399829 809602 513623 84712 212213 62996 160634 639964 662915 86986 172047 216084 230226 
361513 520011 121364 694531 779557 88960 795390 871206 865209 40113 348497 116477 72202 886945 162535 347639 877534 200359 889753 609250 
468236 632912 469357 390330 482919 701541 333238 394895 160432 998584 352300 845161 95757 330779 183981 952350 389766 959968 262287 201494 
970533 818177 586621 192152 844685 797625 915934 241092 320196 883552 247456 242446 672295 859896 726969 971229 78958 294667 439921 478540 
626741 238320 427342 465267 324034 211205 702635 75020 770015 44988 480988 994622 269397 904113 473125 489789 490461 543456 20554 802926 
49200 912196 126 412795 948408 960703 678152 35412 616696 437864 429678 190452 163340 966343 202129 263155 174951 645956 475626 584467 
881598 165085 784912 156575 791116 328261 200237 588763 428277 816145 369924 193401 482146 107394 88509 172904 705245 499516 274867 342756 
742397 560431 932973 27676 835378 402976 277215 311353 474256 202787 285929 490939 146933 37436 601760 780484 310553 396902 748222 981103 
36959 429431 497787 874384 958775 339610 350672 572407 596499 514206 651796 275534 758621 451648 960486 479584 95030 765642 532854 727174 
537702 150940 926465 161213 264250 294051 581955 518119 107457 577929 561124 697411 152029 653691 152892 631974 252895 387614 716428 18117 
42128 166095 374321 15258 482787 91606 387245 777089 377444 276925 707946 105504 539130 160516 675231 190916 581984 513154 925000 382131 
6869 171547 549308 287122 279564 951787 86507 128158 231209 869602 862291 127451 417955 419040 198272 738982 820485 751725 220392 98443 
371359 714894 972906 777628 68229 341099 969641 45487 503022 652543 204156 60324 153574 456185 915987 384145 611585 393947 288015 661091 
623169 426149 62128 20162 251334 495743 152512 155951 301638 637761 936844 435523 384952 267480 170541 861397 340863 70391 977308 641245 
91609 424719 929057 438847 862003 433651 839074 422372 780213 464299 747453 416312 747136 890881 507130 647639 619763 483853 675193 539353 
635599 64106 819774 41071 549129 389748 736512 966464 825723 250218 983603 765757 810355 631442 788520 476647 336438 632057 559695 8285 
685476 28381 995956 884947 78688 97777 718616 990240 492762 278255 466240 955825 896141 668402 673847 910813 91344 663768 663827 673071 
527240 932538 78684 323481 271203 989794 316190 207246 816837 481575 397097 165342 707239 910276 102944 121561 489592 636789 522071 556686 
881649 718481 891219 670059 378935 125255 200221 664970 195456 391244 440389 260107 457481 443003 731947 9592 211111 769555 686922 854001 
745368 831897 424661 93823 675948 441633 797935 65187 544896 20435 726346 960891 725157 390077 583654 838 215394 307195 103564 837117 
621810 342994 695342 777567 326343 470603 299416 252485 736674 588448 897968 852831 22635 12626 222700 747267 214202 876 779157 290824 
197603 346028 669727 484165 16585 257076 626283 780358 521773 530821 867410 784209 638094 922942 604855 668334 804476 589694 678770 522199 
912036 200464 900683 838357 955807 599563 276004 122016 513999 264165 956139 147284 61352 196887 163863 289836 712256 528434 103160 253338 
672374 615819 19261 749828 172618 699089 940409 475396 760675 114415 435550 337754 418805 164713 639432 851599 305500 409047 508353 582454 
230931 766785 946481 250205 665757 536547 801422 108949 626647 384539 867596 955485 220933 645273 582327 670106 113970 320408 789819 731173 
693360 374857 934573 538720 244565 437035 376945 671202 931698 54052 599199 202162 994941 440860 856463 778213 132451 917885 910928 971354 
440041 620450 219610 67665 901933 84497 1175 578026 107919 567442 823108 872051 644811 10121 904932 673027 672418 9200 190089 680380 
952980 13602 208748 842675 401592 27547 450056 920069 203269 835110 466434 759141 975474 362428 787852 564555 731957 730450 293407 151576 
34937 640613 321319 467554 159267 225014 786649 755763 991884 287589 428042 442012 428207 377196 70470 80494 202872 992542 80785 631654 
689891 540304 431443 579062 17210 242738 324375 897554 174815 631181 596814 778907 486674 884422 27282 21242 476253 643987 180507 784211 
188662 232982 981052 137683 732612 718730 580446 932285 788942 703175 909232 744371 265439 49198 838647 823007 834866 558145 112343 455059 
433560 357615 303468 91328 963069 551752 204105 744484 149394 787396 1312 164117 622373 735556 945502 351363 614585 385787 587052 451347 
350293 77457 148804 864920 575940 575588 173095 214778 772593 732103 932143 873262 257246 410414 422826 38936 381038 433658 906147 196028 
755215 187520 375597 304824 910438 896880 719111 420641 202754 408293 408330 243013 310197 188851 755512 434461 401913 920910 575040 313992 
636177 548360 670231 64556 882419 637047 359383 662811 526835 45115 840895 971618 396486 688584 140229 470177 974378 398007 442501 984483 
124170 859135 816260 739272 613890 242684 618226 776104 352437 378568 451653 102248 233420 382038 128679 942913 838049 737022 66701 680261 
66401 496283 671046 699651 735128 699673 885668 326291 815601 672100 95921 332946 589127 342505 779031 68218 148232 532628 715641 888295 
941026 327662 833957 677853 863775 127901 216121 878248 751290 625401 638344 681017 611362 952566 901756 41469 496163 422938 137388 864075 
839335 991016 31253 941871 164402 871800 972621 11322 133965 718063 187262 655321 7655 396162 572671 452620 796878 528598 744946 847201 
679751 689421 341022 861612 663682 176330 360138 461732 437556 325638 230030 38175 462780 175341 978784 248782 273402 313867 753580 549774 
109061 215999 970135 594193 286793 413356 801176 294575 583565 278529 430939 768164 997859 2530 754853 197626 753569 30352 956615 77062 
586030 547542 174971 137335 712920 56034 703088 938976 946102 315516 488141 404278 155817 993577 86120 347431 356731 93451 19952 874172 
642949 937026 328086 489565 886717 487306 501930 374282 404345 597764 192318 354362 481937 913007 893435 661713 660373 347765 15596 145050 
235483 795621 595397 35892 373600 481252 682028 672189 472939 483316 142633 556496 547815 73859 788102 544403 149453 91801 338537 430258 
219579 796775 708105 513377 921981 839892 321284 420753 197693 374398 302359 274229 214086 811002 255029 141928 406417 166696 401824 295482 
839522 618669 395105 119998 630079 503546 903089 293805 60256 785157 724624 113139 622691 242133 483912 47098 901779 404826 30705 994374 
151133 973329 800745 496387 184767 69105 325488 639276 877387 849533 828918 468868 635715 228968 878173 899394 605282 533781 997901 62427 
286648 467617 758655 330167 990870 951936 547667 768676 990937 424426 486065 818635 143110 660390 674267 737244 704240 338483 962243 109767 
533931 800537 177793 474373 773543 904120 416408 52273 930995 428639 110954 50066 524110 420150 79197 614307 191026 254813 838679 665191 
351226 804551 748295 517202 637186 820292 112740 54904 665907 931611 119442 985316 449790 118554 494193 930513 424078 834379 90435 104166 
696424 22716 17956 707665 80887 731414 382220 682921 829478 273817 789143 828414 903249 192229 143512 538782 250691 469280 762934 283935 
786784 726084 600946 354962 729860 36895 722300 926475 171065 901606 975839 448656 139233 660565 133873 745698 266513 642402 312389 191407 
347312 82218 995252 510672 100372 680139 381429 939297 373058 365565 29055 104612 647401 762677 890408 788488 7066 867531 916730 504243 
308899 24781 512479 128810 590570 118911 166571 169188 91019 659200 195009 773005 65606 931902 176296 684714 384331 283619 127038 464678 
780491 9876 168068 932448 353738 915702 447131 997128 359281 43524 688870 649947 821566 247453 937940 11762 190498 9707 395370 764035 
186514 282034 97812 499097 295308 991917 143238 454719 323394 335123 86842 696819 558112 947342 339922 962919 120644 277541 56280 821560 
292637 215170 941579 728835 432658 605092 922289 666290 147732 135338 161607 995794 522681 265428 870037 961378 434223 377298 690741 522501 
663842 477741 678038 966761 520761 819158 403319 841075 183562 189183 29213 779950 643928 796691 856528 438535 92781 316422 349647 397742 
481505 481762 790915 616836 799857 174094 499213 352483 92422 639511 941594 28900 546181 377438 658996 176835 745244 94336 808532 457326 
794034 72865 583147 531383 337567 424933 173079 229877 177065 775981 903449 63358 753607 556512 839796 44479 379194 87521 91412 354387 
95007 965876 485548 633527 197499 855610 866709 378988 649109 788883 873134 380157 681731 511687 275136 807202 711212 775482 321370 266949 
319232 674478 186270 461575 175008 328399 537630 793186 793845 297837 41602 906647 532436 148603 270465 101639 857269 754787 57259 307473 
818350 498529 954556 233452 689524 859174 177279 523210 607713 771874 192531 687659 912661 89661 526181 266249 509506 947537 555753 95329 
553249 483837 470176 961836 554699 899796 245425 846188 6238 641771 839466 975482 762427 931336 314113 929227 467108 914516 441124 402636 
859790 169395 926583 295566 29594 848319 131634 171470 64736 380155 984589 873273 503417 14382 507936 334977 499622 489178 209462 18001 
653447 657361 571116 158661 394828 866261 294909 519698 255353 879552 975628 205414 438579 755734 708374 34534 845162 849213 565001 164976 
637995 813 979834 39442 989892 333442 61695 754249 50077 26775 190587 338725 674508 641896 947275 786110 742847 955 937016 908783 
807438 151236 713886 723920 772885 723212 890708 516025 601395 385934 535038 578798 748303 682194 299152 768700 653117 545987 237352 705858 
451413 561848 598427 520142 114723 949932 25007 630217 317824 863227 79451 567580 480732 680260 739682 199147 695966 223722 881917 19823 
343191 841729 409484 675472 813432 151307 489696 624874 86190 655702 525021 948381 274490 401456 796163 745895 997274 750881 651003 490790 
457051 688539 292133 702856 405357 719047 695555 301658 99712 738228 602673 979249 288722 576204 338702 986398 841929 982343 723416 955095 
783761 25594 267682 707130 295574 280176 479447 991156 444629 681152 249912 281408 184298 906916 145854 980344 27581 676807 58082 695343 
949152 138324 113153 503719 380804 691634 50104 982508 906299 271718 773272 530122 215656 540195 198517 340158 820335 755955 712831 645475 
659088 511650 548418 62230 113140 441907 768514 731203 578522 904555 854288 601830 858358 842395 547348 656373 107227 951001 176333 236972 
634327 510296 9654 271717 408369 509578 233372 989267 737401 271852 564298 776309 918107 726622 513102 394310 336004 82843 442381 995332 
391546 655955 645930 906883 38773 958022 740410 381919 978578 429168 731288 195771 51099 125605 763718 756900 337122 145050 961680 434396 
331147 867241 107209 876389 895970 805308 522577 342181 527935 189557 485740 351621 339879 690949 186322 997731 104740 389019 294190 589597 
699551 738189 914346 388793 899589 503609 549695 139327 760506 159023 454823 3932 306900 951253 185413 283559 33637 769831 746871 457587 
262863 831353 538352 771973 898230 533647 975865 306438 665720 320612 68171 247926 485231 441435 543433 78441 151707 38659 320049 150085 
230518 884724 929846 794986 841787 37517 975950 798594 29922 49490 774758 275037 107508 733080 8975 621550 955524 37099 392182 16332 
237349 649396 444681 49012 793630 827801 229980 301949 105921 603139 154542 716099 1100 29343 766228 894985 985937 759109 358773 700942 
732320 77320 57700 736040 843566 444907 664199 125809 786805 209826 639836 432578 172795 574172 614866 440538 580895 955255 13935 85027 
776745 120554 185273 796368 303038 53741 714428 993521 337908 988018 184617 459802 520051 261725 356521 543857 356703 691407 736093 186226 
258407 884035 680253 671211 407879 289230 891357 374140 212185 886768 894476 342517 717704 285165 169545 339177 5692 159660 819908 511947 
762070 708632 949414 379571 536083 40867 327833 789564 24607 263569 142944 270781 490296 220613 734614 418932 845955 96984 99603 353176 
106291 546459 692777 13115 51537 614722 150881 692638 476134 438747 200127 365626 609730 259356 77052 859326 597787 754712 581121 73332 
21297 476942 23836 722834 640628 648650 7766 258553 915535 531087 676579 655837 357713 500958 932366 613477 575808 796375 531588 300704 
814911 604829 990356 276182 795548 960003 98535 138266 372219 224383 428015 745769 101808 913033 587766 563471 877812 328095 877581 750525 
360325 552172 414964 161663 688032 363044 129323 878295 954128 570363 38317 56275 577178 191576 679709 628726 228466 120468 99391 833265 
452711 626198 509667 862349 730519 802512 322852 557283 564836 541757 442954 983028 365021 481342 723186 902224 263949 212445 798270 220325 
214599 206799 606452 241229 905777 241330 515204 519233 247442 721864 861704 516645 560145 952946 704574 2145 513118 227128 517422 378326 
304552 877376 780391 16913 881258 665165 782878 223289 344940 635502 961559 412039 386867 1023 832575 374496 567059 231566 244516 597449 
260783 439493 160510 499934 246132 853989 302807 873155 87650 935780 123470 17742 36498 673146 905003 710206 164879 805811 675766 732293 
690057 873894 648761 304530 333816 916519 753494 333181 313356 47095 201164 624855 309150 596705 502597 811414 316641 783320 480219 257360 
178712 167342 253338 823213 53624 303537 229659 591640 557072 933542 518605 662808 344465 873234 765984 792638 439411 904677 71697 623275 
842144 44494 289906 840679 922208 959183 938278 426530 59365 875283 593147 29274 316049 116677 580953 404408 387825 763698 109180 809140 
730081 987942 733337 754094 775585 734196 29679 203695 670962 666119 696234 757053 105470 845519 214550 189642 358000 293698 175153 339017 
368868 203724 493413 626681 344992 509898 42657 811159 13556 469632 732764 385368 844262 15126 782913 151699 24167 684251 376466 690788 
776397 731125 812147 62255 421667 379620 104488 691735 380682 61254 366933 830962 657628 644049 526423 21077 506057 584732 902288 459787 
488642 375420 881798 883304 65876 60391 819800 197840 569500 496899 39883 220161 395918 211362 563323 687881 872295 831372 644108 994256 
570290 340965 522077 717590 695642 48318 300676 240741 807977 462743 975180 548071 52459 423707 167064 657668 495687 607726 44954 354142 
996578 799979 331859 376291 824324 862721 977267 315810 38832 673843 168334 462111 3968 801981 395093 570260 506535 212748 935054 810679 
421526 585867 477487 351123 465205 577769 75548 17748 281851 74918 980063 910239 337407 611232 909821 451539 799202 593082 669822 402973 
150626 502465 27844 62968 342395 753872 226461 895670 525257 716980 376085 252286 81038 611104 629318 258790 637882 210528 984197 751727 
932154 239374 215756 926004 34061 737570 844730 706762 875948 452963 284977 566237 483421 454708 501094 724431 990018 657192 785384 432024 
147284 170607 399895 772903 595260 56140 943260 846541 404145 394689 64134 739474 896776 819389 809631 13738 189031 293410 321149 542070 
566153 100120 865055 529903 732652 891435 587597 378340 859162 832285 866950 655443 275951 760 82684 244108 746548 285617 119203 614207 
590340 338523 175829 909474 259279 15108 843989 800151 666774 640728 740797 706186 588724 52828 247366 841214 720119 924816 352012 347825 
710419 128884 638705 199879 32427 714238 872298 16471 102773 71662 27453 554843 627931 810277 846991 339462 633707 653815 291570 218827 
57600 881569 902227 472817 55395 206689 736150 423699 858513 614857 80419 505249 746399 449870 774054 558163 268103 312184 382909 352153 
471840 44114 918752 404787 203887 133595 299563 293307 606745 372380 769360 647473 686572 524447 831 137988 863231 586251 42922 364354 
509248 732621 873729 533521 881795 564597 504145 241564 978847 58145 362947 634788 236158 68766 482517 208364 141050 985762 88394 52187 
442763 976533 953707 842776 86636 614977 993782 42417 839219 240519 754842 832890 877302 622970 729850 599686 559196 466707 364318 936926 
597744 851061 714981 605293 428060 867164 793125 841512 79037 565461 281538 53768 482268 770623 132804 855376 253749 637809 886756 931547 
862742 63183 230220 347120 794767 439346 806028 258944 8691 708204 831277 615148 882084 506307 405776 564973 914518 155901 55072 614132 
514679 564856 5181 981083 579547 423729 172668 782572 390285 282045 908969 291250 466196 540564 881369 99225 437596 163515 808621 12342 
942853 133578 403009 778226 44877 853626 841665 803335 321580 205843 149612 778875 148602 379363 143826 668322 951205 999447 989178 981636 
786063 653177 912292 936907 14044 934254 832191 409778 335442 396714 16471 323380 452861 659957 938761 223722 544775 981408 878958 862887 
163237 612863 795403 227575 166037 715217 566014 359511 482371 657462 235055 246510 574624 21207 682499 909922 414786 883103 961510 125139 
548400 682146 29340 866189 121039 32062 529042 79882 418527 497683 228080 62014 79998 715059 851055 769495 454644 564114 413252 16140 
415160 889367 156306 219120 644681 120632 943049 301254 974780 386888 72899 527125 30530 859208 768792 65522 71084 812709 94803 477621 
408615 625186 352151 300342 519275 225988 169276 42425 105861 503056 722489 333685 801617 949535 227687 311009 111574 448515 891759 637482 
928686 923982 616139 281533 976443 332802 705727 420379 578196 580108 747656 32044 46831 7363 521215 271058 25905 22630 859861 676616 
844448 359040 145012 790071 781090 895902 294640 794275 708810 36535 737687 413133 56364 219176 933331 195775 269748 19708 159294 552764 
86906 232371 200004 217353 233791 635948 495588 208390 637342 184713 762467 721355 502717 423479 673038 362015 803130 809030 838513 716627 
237158 186248 192381 632722 155128 41884 521859 876134 737234 452194 899928 633178 310361 158976 793077 556403 325720 227477 318041 302712 
546471 313565 52830 448560 803055 891476 168208 375017 533974 929596 632987 970878 470113 937850 203342 965521 412257 92859 684988 199060 
467010 325721 697266 834851 984111 320362 984970 995072 867906 650826 367068 97677 295699 599702 262919 3546 288853 60882 512432 303479 
450223 593162 691533 702386 584994 204176 118081 899505 662514 886670 882000 523879 529072 854268 354146 508248 152896 128610 559053 35838 
57237 933220 614349 976280 112795 738061 284498 330333 695200 419314 247760 312326 557572 567467 865844 96734 857219 252436 584182 433691 
515185 688913 150565 332130 984063 639664 627375 869891 875388 150080 700803 837138 929959 162611 649896 297276 948289 813626 479391 944989 
296275 331634 780323 895763 30623 405880 444773 256728 526226 751775 14574 372009 656797 745508 807742 420618 350030 50464 367707 309399 
994849 82214 62249 229891 506427 779221 109560 123472 702215 432152 351393 363525 505758 335837 426255 446028 771835 900262 167591 820929 
513557 493412 560207 552631 206327 866276 643737 425408 684434 377612 145929 59643 990036 913999 404399 740612 421653 330130 67286 483915 
411704 923728 977303 321654 184161 386017 253109 255739 772217 645744 642539 516285 360016 164970 872518 166468 506969 624148 891375 772634 
236796 749257 421177 164036 66642 466047 391131 328825 322634 337291 537023 52463 950677 129350 362477 671774 991510 864693 669848 615385 
642426 725255 559630 509625 41264 801024 625643 782238 706627 183011 835557 979725 151713 995346 795400 704044 241522 664598 846927 495416 
972881 233480 456722 244303 259620 583191 78855 714843 139563 238220 961233 29777 503203 659282 845008 309815 134372 923517 801025 429164 
203368 931564 690675 144973 355320 861556 28184 321032 817925 509192 702719 269818 702641 155030 523958 41620 375894 60359 726418 309071 
326706 94411 646548 947855 894084 397827 576221 999824 102277 311745 798256 379409 485679 771106 428213 479795 705699 519791 763699 482110 
485027 616272 424309 437009 735984 825749 883367 892060 921422 527657 616510 570788 363401 301646 754852 937733 609187 489598 532499 330767 
183247 843618 760231 122791 62882 729772 306706 645873 21577 359540 630187 742719 344181 356990 748060 520062 521035 518611 801964 180522 
916527 766154 445120 920819 712359 288457 216588 761567 34885 309908 611585 889745 891341 799458 592388 684511 765963 143311 636603 645026 
157430 42796 443172 837102 652263 509280 207429 819055 203553 142659 147497 752782 291400 102200 276314 774826 661880 75907 735154 943044 
961228 527080 943141 540857 914909 499882 280346 45709 597750 639727 840994 3084 621145 215661 370253 905931 929241 721980 904325 725677 
453632 591942 810789 641520 260837 248296 277619 39094 916700 278090 724899 237892 476415 184791 699261 8905 325938 754983 220893 836530 
36646 819400 493904 53025 231877 16384 25436 586894 68443 823012 783528 785890 794532 261166 319182 519435 723293 876946 494175 219897 
290242 951948 218328 59752 101310 868765 191262 145591 986553 754809 393177 419564 704468 416448 999127 679025 180413 95729 967535 489726 
419057 1023 42283 232731 894617 727182 684809 944503 576819 825593 63826 928519 780339 197182 509739 283841 821941 810593 834051 466340 
311709 319505 46766 550608 86433 907915 904423 463943 147153 971971 576669 996916 667707 253268 605130 611856 889156 960744 230303 730232 
440856 547891 539693 404978 863722 229634 839460 158574 775868 285245 910068 511643 834329 771365 561996 581016 276955 787590 376295 712718 
477102 480976 173177 34815 905370 729779 196028 378006 924485 665847 256355 322492 411906 318157 338626 996463 771688 291728 527953 577129 
922875 285732 152906 702644 299617 189366 675867 69842 506858 769276 552247 261174 848048 361666 912670 468159 871834 55929 129619 946600 
327937 295249 946437 117030 992351 884483 133563 171622 448703 19515 865457 390241 867298 2544 177378 235380 52250 32996 152185 119069 
715745 15872 226364 713600 954990 901107 588126 216616 124386 600044 308043 426436 778780 498402 663822 463434 78054 16804 826477 718341 
129583 911769 832043 797619 12655 219644 881338 769085 670874 514356 847623 987857 778653 470703 753212 465591 311182 239992 325650 174466 
717797 32339 950920 450663 377912 978823 687827 812499 353466 948798 84131 985093 294565 253785 852532 894280 874109 830076 555903 172986 
215335 900604 584663 372067 911137 183944 191811 67904 680007 252828 812102 379485 176727 186367 633708 192282 277939 991039 544217 326216 
530594 465249 193699 933648 90383 682941 198273 699739 731998 69833 370753 47314 832919 510286 653327 765181 299935 669445 174665 166 
374028 332309 485696 919503 26894 886626 246000 249280 424053 581848 633348 818294 54020 889194 187388 419717 93604 334375 192656 767759 
290260 907828 550616 778314 479004 97367 154479 604983 849584 470445 267969 548847 169738 455981 59901 611741 371764 150054 95383 805177 
452916 854875 589520 32179 387644 592872 644997 28421 626375 459454 239944 401594 218775 220955 476595 30167 925306 711410 480036 656108 
776766 734365 73004 804584 888554 26959 181598 239123 83771 8723 663412 776718 210794 167527 678029 590572 630388 694448 829259 458774 
717689 85506 729221 129341 398150 81129 965118 494978 876973 94189 434373 407835 735229 215001 817430 694949 769559 835317 840258 729134 
748616 376404 972787 812353 997091 460952 72306 165353 821702 415710 899480 122931 726189 836999 829856 80938 60364 931051 958323 728183 
294362 449058 375916 452512 319263 269482 709649 323668 113537 35953 204897 536692 547145 437448 472903 565906 56380 198743 271878 772360 
372182 681370 495446 990431 68483 461080 434594 911542 869560 380327 831981 238266 339637 958906 193496 986107 808644 17536 773413 226038 
172000 117775 876643 974396 462772 714839 670876 477298 241413 212445 79984 849830 25492 389864 914083 896602 431418 354469 388367 255023 
99206 15222 685134 439894 184426 222671 824389 585298 159457 653579 198367 916945 587478 503979 610407 279874 923437 704664 599400 467572 
500739 912036 21014 122262 929081 616951 830555 732298 276886 978138 722220 418532 137575 785965 113265 961651 344783 808833 266113 312632 
831983 27697 610697 951964 164806 409172 42387 810653 891784 471646 802204 123692 482972 957208 878776 984367 972946 827120 279865 43621 
89670 474636 727542 106131 446984 796773 24811 405018 974946 205430 976793 387711 659387 993051 68140 108708 656687 142081 377229 602239 
454300 930010 35424 411213 902484 318271 946546 739725 275524 936293 930167 753378 267217 302646 312240 511698 968269 16029 204819 719477 
420566 368627 704544 478225 89578 988523 330579 939877 755964 171189 642094 203853 48144 533174 582842 913645 200044 886262 695401 297115 
50537 359385 175260 659532 738206 17410 5801 485156 160851 619527 910513 41859 846059 41018 93407 24300 844139 658888 294299 34011 
989814 959609 756252 660596 262912 91569 541763 112494 649779 778054 770145 525585 220061 316304 225246 837643 890833 501331 587182 654285 
269958 127848 726340 846063 861225 251984 91213 407773 322579 259644 225531 666815 529124 627577 990986 458260 110692 876304 66197 455414 
454286 441636 424880 412358 140171 281848 352180 737764 885501 667384 92809 335329 988470 376762 675243 973893 103941 479538 489862 174444 
414712 187105 138068 635780 202298 417370 990156 691241 730977 647322 731566 676541 422393 479648 932759 946881 373326 321944 444062 369337 
318072 392527 562965 821638 497675 414105 276035 78319 503875 49207 392822 700967 711053 137169 666636 105386 185491 742237 301125 343259 
660535 669831 100246 9001 610081 915619 344534 711582 15863 315941 965650 161610 943901 858549 861652 973432 733159 507323 670236 965252 
38143 749254 357282 565250 374450 213418 647049 648616 899626 668355 206541 783375 249822 13438 944348 856789 114998 975765 603248 990835 
253955 341167 638607 471057 844147 845567 165209 125858 963339 438842 249566 777024 335757 220809 694331 439518 675218 105470 115061 909226 
50672 868797 318880 262104 869287 417296 306677 682867 615563 537574 566718 338256 954289 854670 707318 316593 659412 101893 45474 100178 
257822 87931 145909 98590 78663 524885 933926 798574 173535 305803 493034 844971 6392 311416 613330 639282 135849 478485 45983 527535 
697790 500089 326475 924929 987675 898680 94761 337734 97331 283159 79277 233610 323972 159788 855298 887224 552616 554940 280351 925028 
751574 48360 280487 318562 128247 178231 141161 922080 497661 871109 760525 986135 134441 660035 790019 304140 271817 62941 852624 998618 
745631 316535 633151 496290 123423 785879 840948 343214 235649 772517 545427 854381 663238 43821 419486 15727 176680 8437 922588 553042 
851961 645462 251552 271790 126721 192630 670249 346972 493904 294761 468650 61557 922311 541 590713 420782 978651 347994 684128 20268 
686393 864899 306163 739485 333498 347807 64477 367912 907915 410133 567134 482178 677567 866924 487449 350934 457137 790440 972865 509166 
154387 267609 722313 228850 906491 690817 760121 717853 35561 474800 308025 417078 638363 76432 246986 952531 304608 648768 402010 78995 
562400 206513 65731 481701 595613 269131 305494 749077 749714 455339 823690 297593 203317 820195 209187 185724 75512 485988 738565 873790 
605492 687640 746853 97313 86361 516747 355584 693250 48850 831133 995365 834966 19103 332596 608747 178493 84435 693680 659693 928246 
585890 707310 563751 241082 922007 145069 848266 819495 114003 987375 912065 595471 93106 75642 974237 924333 218874 524323 169453 830967 
575097 772770 665862 73170 505249 163039 594506 586567 507746 230618 58864 217103 893505 401349 404579 689375 539458 560702 697437 164265 
489512 452111 520145 456379 883190 934148 135453 665704 570621 465773 902665 321556 822263 30921 626519 388445 621561 328504 602095 340371 
455467 95575 580475 412981 995598 167050 124597 55290 327659 903609 353512 104578 181915 68210 728600 850060 766078 195045 613185 630110 
591269 544136 824467 399562 965322 825338 811606 482855 935614 222149 706624 290930 37695 647151 304869 957631 974795 54633 505340 810031 
236612 871869 386882 994473 436731 398498 263455 84071 542705 973511 71898 18475 828226 500803 362132 562711 847074 728753 153228 973721 
85888 654946 92307 214856 116092 458426 753527 2394 347259 840048 98919 741727 919646 46862 172437 389568 509440 553123 123369 5494 
814394 510976 294793 201965 427121 318592 68960 677081 953871 517088 712559 49394 969878 233060 879176 395364 8397 109657 145497 13576 
187308 289760 541304 973693 532604 581555 468801 702965 599383 156843 308796 382589 764323 811467 892269 455890 719474 382562 979468 14531 
356033 459773 614572 948832 680461 88400 771386 482150 416820 664285 950156 213678 152777 186926 237461 969062 821120 481214 771373 204375 
213978 483580 764295 641950 123682 301598 908290 619694 5914 976351 100389 949783 799722 758024 813833 425329 182208 957650 342907 380402 
562071 11940 666502 102011 67188 870004 462311 275186 321211 334828 262472 503852 843009 106688 976537 419590 375804 954866 98743 248973 
691228 507876 536359 82674 977321 76572 223936 514485 540894 754014 930298 391594 313867 812208 354992 764281 531748 439423 598646 55446 
663264 845115 780126 405379 618550 473583 617900 963844 233820 904521 906994 906356 210443 730057 247067 754333 38207 747457 118476 33979 
960636 221953 256447 881850 436231 746019 45428 411425 906484 225665 644198 85769 865368 366672 3186 880530 92384 874269 914795 251369 
891719 69616 801337 799306 953920 111400 84671 321111 313786 776028 206338 368109 249932 429400 979455 973146 484359 831607 886158 660857 
155888 172977 445836 367452 354467 707490 855722 777760 728268 431498 794989 712880 475404 85022 547752 155448 385320 360246 253804 23651 
40132 103016 517441 887396 824804 565210 253538 859164 988792 688424 617853 543663 177676 322742 431511 224820 874339 131852 738292 100886 
323289 520671 693470 316441 680872 904894 213504 622995 131602 97648 819307 311205 218333 109730 492870 746828 302739 557514 861956 815913 
133450 513958 113706 40069 694783 343318 722715 614916 921877 625807 564552 896461 693121 48651 786439 937514 326903 672849 31823 616292 
710250 42310 457190 112312 291196 659541 33921 180116 970915 891554 443828 826823 383679 166295 392569 271516 46612 274458 213269 4061 
173314 141668 253191 186073 793479 704462 189431 127282 164159 128561 122691 780313 420415 670367 493785 160448 174120 814452 829521 588112 
241988 577168 547479 138285 883261 462212 333598 638849 797527 238249 586991 995020 676662 299734 901052 612474 265982 614484 404059 258851 
518094 167087 43694 679240 735854 668883 252511 471696 350092 497501 47784 313006 653657 688522 429414 433184 174571 254498 258767 406455 
357983 568815 511146 777229 960618 849875 198762 804560 902813 908711 293945 6100 490855 376883 778775 250850 344704 825322 285652 714518 
36031 764827 691350 143590 250928 447877 140351 492531 141567 450736 366213 79286 70946 837077 763434 180666 999252 834451 504589 588868 
169184 781689 939460 898359 19722 45741 655756 525425 714334 749308 394757 304422 388172 177192 619056 752270 446216 319230 552531 884216 
278347 89135 421068 885078 693864 125178 53246 109111 340825 892933 324525 893521 439085 683193 507084 354943 781571 61030 126282 618024 
333033 456127 23833 602141 466596 95220 633321 617860 812783 922531 450368 127070 11823 598554 109308 438975 530589 958617 21183 504080 
766030 995884 962709 245497 550395 324702 567712 37302 521335 121747 972758 210008 779282 512760 46135 668081 170333 888624 758109 400375 
863630 291888 994157 501552 845187 210435 214467 605694 509138 676911 412778 901452 793943 724658 182177 25492 534800 836465 989885 216676 
633518 561104 397310 256351 303469 864659 479965 844333 764366 165725 949263 305008 708439 964023 359423 468783 500802 424761 604512 880334 
384835 637656 702463 881402 999556 630953 895714 778424 577200 61108 55056 398453 307942 5060 881302 459456 827447 24640 93482 791564 
890094 901933 658663 933512 633542 998081 726182 636092 449270 410375 426087 933616 988121 676982 417579 964256 456345 23084 213454 27071 
461712 597878 372173 395689 788377 861760 858734 403812 458464 442423 533736 849150 390248 677605 909209 739617 186793 700288 831144 458125 
946747 763988 820382 925967 534311 268431 296464 492503 282611 381339 498731 709107 681602 724352 854699 172541 238836 509156 723110 316316 
328243 25530 645228 285898 5498 488047 460587 910282 544962 126708 603024 63799 680395 25354 467652 810637 70425 1956 403301 738779 
757918 962257 432049 322533 882674 388626 648259 811036 706251 789610 288785 474328 99340 110066 362035 145588 34079 17455 738884 808834 
885284 431682 298122 550427 803929 133201 69075 290376 525961 26182 793679 247034 410687 331236 855769 95688 2200 145790 606143 973822 
542946 528002 519842 124463 924322 557741 573896 211529 425217 817698 895 912117 94445 216386 466023 761974 860908 464034 135503 112233 
465593 915097 840383 617808 818750 169926 968448 36050 455486 143353 959893 462408 471858 34736 42553 151234 639515 537200 584094 142399 
920814 352927 695010 373776 117939 682757 593595 809108 420430 736489 713035 179520 518620 517588 965994 80307 519974 494381 910279 707643 
186747 237528 859156 781072 612003 794191 854300 835686 184152 520390 390752 526774 610101 794364 690305 873698 306851 481881 688813 122322 
478605 82408 916875 868496 387872 790446 390909 746576 320544 396421 198742 4066 138570 863895 545021 100585 349119 755678 414098 103659 
465153 613804 540679 330466 872242 680984 684391 566670 386118 39569 956672 953528 434733 778851 22906 60394 775754 188709 75846 662301 
137505 329324 77712 647968 60494 61263 838876 924493 556699 166692 56809 202470 735899 390879 907607 956023 937682 838007 301799 350177 
179757 839953 284178 178432 357199 934737 499900 785324 404857 64557 525874 967416 138070 331573 600953 901038 82350 532878 572613 933830 
151260 632683 892469 769043 211375 644316 747835 21559 160118 678216 287183 655166 815605 25705 668964 763501 142664 469257 182914 213830 
386179 620769 293513 548324 558427 547242 203147 945679 565848 172855 285519 28951 602839 839238 441653 429541 299334 522700 148695 258298 
619457 474434 527948 36647 874300 542161 807090 772452 152480 889043 18486 626101 663971 559436 987765 367356 938066 637329 551916 80762 
345322 807053 869347 497181 263854 45813 93375 835059 148711 308046 376049 530754 486636 874580 345271 92090 289034 421579 361245 573525 
815685 890465 439748 283007 949817 735088 41922 374799 878240 404627 900296 798763 761556 385135 125227 470928 599026 877609 656329 53082 
710689 655516 596974 487863 272902 901239 66201 311345 95233 959348 395135 984802 810143 649946 564470 625566 823682 628561 42220 508646 
557352 287228 766809 734405 229639 357346 12910 468712 517787 132864 107060 418890 705645 609085 666222 536342 931960 813530 615655 240663 
704809 653482 889979 509333 356910 465546 783146 915987 210261 838486 171657 775366 595251 494374 412536 402776 350251 611491 525262 855222 
387215 335937 963446 838865 219637 491429 938489 824787 590660 431849 784485 651641 233135 800239 481384 257962 552039 748129 56668 289491 
423345 498669 397156 952950 727475 716865 814885 106687 262832 879030 414754 270116 14299 461178 14405 190875 233490 805535 272757 245063 
281888 993991 448300 547795 498364 250287 740036 977099 456935 522112 361975 508721 192364 584018 356795 326998 938959 521434 321965 416510 
888143 71594 411253 659181 194576 17693 621696 579944 960709 147574 366811 653234 657563 225317 693216 763027 418869 188319 423988 705310 
183831 177959 729843 231708 455004 44501 746367 147457 519128 197951 615331 376427 813393 262359 295842 120516 137884 806449 933069 199604 
885004 977215 859279 323317 39945 395306 695785 491533 413245 815314 24969 729589 78009 359243 638584 443386 573374 133699 994570 758673 
364300 54791 847613 454715 771712 120105 603609 869867 638009 340958 51762 72260 435641 174572 615164 511842 297275 643161 328492 343774 
638865 26204 588009 817019 993129 755447 113403 390016 766188 409103 599454 966756 585863 163469 267927 363665 162163 786343 746312 446594 
591768 503276 800214 246307 921156 22538 276812 599806 233811 557808 302376 11870 605395 157889 9956 490450 734254 292286 586712 753546 
231326 108326 735994 558312 704578 52846 38783 780563 265298 38279 879534 754952 462598 147787 698504 137264 8063 588796 372191 589598 
28756 683228 423996 622585 740129 915639 551564 283943 397239 471018 378155 779690 34836 133861 429689 450728 614673 813490 222327 14781 
859316 992131 464056 741535 524608 360102 798877 966739 803315 982560 754691 356196 720760 759341 415495 256492 219521 662756 753860 374244 
590463 134365 777882 826025 539385 729670 857372 299073 307128 439858 820353 435582 841505 459844 182811 596421 645202 635897 558500 338136 
22588 575127 663207 221627 44408 254051 466692 870366 864089 755926 917453 362869 105529 29077 136225 91843 149574 552723 282771 347227 
916033 314972 119395 51199 333912 592352 252247 985307 117170 675867 982801 806785 743834 493592 2042 990450 579828 78682 72273 758994 
711349 695557 65138 157966 631450 734595 513943 519380 799832 729342 628637 455492 941736 504568 180402 866018 597299 891998 279833 888209 
128274 628649 461439 637837 299560 167746 74771 150400 421625 416171 608364 8931 981620 873821 106181 108613 117873 283190 255839 677218 
751338 846669 217797 305929 755184 207917 761977 740965 623789 724495 973545 126076 45729 813037 511134 760734 200070 665523 170343 527574 
948770 167100 785097 443211 671324 938666 909541 793556 441612 589276 694995 973775 170971 46007 536806 348672 365851 897176 734856 309299 
659802 628868 280488 115207 376228 267925 689634 504282 545214 652810 514036 317954 397080 670243 560538 852969 969336 829610 827556 125891 
76125 101055 513572 914046 150443 838894 532197 385307 443020 409 301868 174996 160813 820943 650902 153419 816867 456188 254455 115799 
172607 917152 236815 325067 34240 308544 705868 808469 417613 580269 86285 840274 93318 442365 370139 993737 439631 68541 902447 473604 
668437 458332 78598 623883 75503 59716 542862 332335 394562 854134 640138 185744 556823 758604 741196 190222 853760 590802 174052 54124 
682743 610954 353291 454391 880364 874876 446914 424517 248 779918 884850 446884 878716 186917 819899 363062 142700 89901 583926 149467 
326598 651059 191834 718449 342707 876954 585571 206645 959224 999928 186531 483819 468608 271072 47346 31426 880111 266239 583394 717743 
34864 618077 271306 934145 520735 423005 146958 41278 41700 989467 75250 656612 307276 399211 62627 171096 665226 369209 473341 62552 
640309 165408 201575 799279 480554 477651 859522 910756 345853 318839 837698 108949 306584 675185 114595 666824 380393 141875 876010 657789 
565575 777958 563587 732140 248704 726121 588015 73366 196615 913918 148654 545496 767114 210654 975338 44841 186210 596609 609448 521094 
409430 622531 288107 966742 110091 135505 207752 963775 466715 194771 545823 301136 671114 515678 109263 979288 552186 121992 269029 149860 
393117 57503 298206 44195 868780 478641 881076 552561 943987 308337 833436 809585 630284 339026 426239 85117 798809 592645 649232 321813 
756978 232469 506970 668446 20919 557260 374571 53750 451969 52304 899546 487687 986040 606694 349188 430441 559536 939774 816377 505633 
604290 585503 255235 218898 814720 402126 400923 486462 166773 443131 989399 319873 37846 201262 468698 365467 302873 871151 259307 626194 
831909 702020 890238 70564 80711 805702 747871 256813 370599 869841 765937 453654 933985 643805 810350 279028 830987 42066 179481 828422 
507913 320576 799660 563200 750086 578583 524956 308859 822350 415267 518627 504497 123963 676160 178762 68686 878344 406719 600250 994610 
868350 487434 39883 833284 156981 773033 792574 851810 958835 389107 943795 826308 480211 794456 335089 414200 875984 492144 734894 242445 
544784 412879 279474 611959 200601 166568 692054 541956 27723 146854 617361 269607 889410 125352 114528 599920 151098 118321 179171 350865 
176285 100828 425666 623615 337983 574120 120632 38851 497810 389914 928023 311390 966254 634115 761563 969616 503687 686241 726258 325340 
452050 350597 886513 152880 678587 61340 899801 490560 972408 842768 545328 543976 831376 321980 631266 484161 234937 166093 656591 927167 
812602 923930 510135 436282 194304 419194 240550 322296 792758 32119 660227 743205 142521 688501 270369 924031 118815 787030 74410 654074 
27583 374173 594888 379150 428006 813237 315976 799953 804486 5466 380967 811709 722646 834063 733622 89498 201895 93677 763977 996141 
731696 279531 228834 458555 645725 145223 320794 429730 668812 386410 607832 776702 379202 490820 856645 39456 739410 473616 645943 339639 
713305 179533 547608 547538 110421 593870 248441 914577 108109 894246 48418 802499 477409 6539 997961 795785 522601 500683 892129 189006 
378275 458094 761222 965547 263506 664621 60785 1012 788570 92756 570713 67593 861073 767690 13969 601267 822366 264455 145337 267430 
490074 726299 423968 35697 785942 223866 926366 25429 675383 889195 173558 674426 146868 296755 353730 514864 672285 62203 921201 759776 
887397 352857 711325 647559 671741 433070 803161 110696 378137 762080 687927 386183 514004 263209 967098 607585 769943 732014 74163 894859 
723625 589435 60348 232109 69595 649681 246456 915814 666854 472191 876445 382038 249657 765316 64451 815880 265355 409143 392159 69932 
744097 840269 261092 687244 774445 684792 882270 755581 576883 943858 913645 704241 354552 892829 4065 815070 885631 661680 787211 196712 
337385 285939 360684 525878 730851 663914 841490 697204 854774 195130 109366 873056 255476 362000 298770 874151 541840 689012 262964 560204 
960857 842691 405351 769852 599379 224615 848491 358590 17380 160745 758160 725084 597803 397638 77098 26325 923112 964249 96875 291229 
498941 971199 73230 762440 537558 492936 959932 450137 312534 88868 999915 133244 498980 97221 492378 389887 532813 798344 383159 924062 
143379 705142 92566 120307 49909 918462 168538 331122 369557 884380 950747 329233 353906 584724 955806 960706 349018 42662 759443 386714 
904474 959772 805746 698647 43091 952845 441988 38918 25511 238739 622434 291121 871993 213650 413639 272103 856516 551011 20056 804412 
496427 90966 206635 567596 159265 256470 144064 823902 286027 824959 527036 343877 244191 175976 614047 894627 828211 160180 952819 26574 
621859 414451 699421 917101 634378 724930 820888 373482 463814 56285 651035 233275 856438 788272 59764 190455 278602 346010 10331 605083 
525471 470649 921149 91084 983628 559236 264026 439881 605939 756612 493912 109206 896435 921174 66578 249811 430938 841442 484714 250881 
897732 362955 844416 323313 868431 130228 850634 845706 802073 149089 883211 656032 591272 357734 626622 415882 396622 69411 484187 260553 
559249 441773 531593 36158 729158 842431 269683 639506 49820 595857 981016 181038 673409 175703 889333 337001 870465 504438 506907 120455 
840886 623039 770695 453645 672459 391288 407340 669932 96027 979768 853350 675594 498548 858223 50411 248363 513062 409877 715371 508775 
901894 413078 728661 557929 512046 510387 172892 160012 513045 999788 731525 128024 762812 210154 199824 682047 265978 105072 106771 998818 
245966 248683 70013 183398 957966 865546 739026 258829 780621 788602 90172 474391 775691 814584 814784 114107 36878 323531 79215 535189 
134575 434800 6131 937706 899989 473714 199639 232213 991412 446100 502141 370654 589936 4261 472553 434515 352255 205894 536596 660997 
545466 307383 26814 27835 321210 719719 834055 929248 870073 585770 653242 147743 585516 403844 806698 820773 198785 367946 926563 345543 
996758 152090 91526 721485 895048 580865 36373 490021 375666 758847 152590 440659 613557 697737 580283 927301 79117 912699 941678 130490 
24551 118660 348562 969464 709183 505654 59424 216935 452829 844275 648481 358093 204858 997187 50982 849124 812291 884078 969243 684861 
722082 111794 333606 817452 584437 319098 320340 215239 381808 643778 880797 807489 379377 987948 681500 964065 574005 969593 816591 514592 
42614 169702 895472 932355 394487 291613 964381 243478 324850 430103 827942 321679 186145 971718 718713 703337 959249 494532 894779 703350 
202657 926102 358713 360900 36482 695994 206083 888570 689696 326076 6340 919129 378717 53439 177651 286704 325638 848345 578717 597103 
160088 654815 477056 350196 493958 833027 368503 13078 822230 649336 639485 610323 7942 944904 2916 728362 2635 860703 535218 270017 
654118 774889 771552 342312 87072 671835 928939 914457 627875 948396 237275 937374 621897 681986 325539 608444 361446 387165 246676 757820 
156480 775454 750630 113871 810162 663863 109197 64828 599080 838408 66873 897274 186997 676512 286667 792367 856758 280391 232644 835205 
243729 953877 86210 822659 457151 252462 391359 890213 283063 431681 572949 336745 534299 424220 751328 654434 4652 384820 790950 838015 
330218 720012 364766 618280 379080 850358 163038 371344 900726 39638 478154 579058 561648 795870 675970 474457 761728 316780 719912 949453 
34986 994893 992938 273987 473836 789923 410894 691127 243572 221608 208186 640909 252751 637865 796546 654019 923907 136170 139284 989201 
777329 996913 982248 604038 851899 43718 186807 713322 645212 530440 216725 488559 548692 37062 497818 583918 29112 925617 16261 674012 
536961 576578 228135 815517 413646 692968 453329 58776 809876 283763 242640 577173 5155 947385 141452 903882 984592 251869 736401 268855 
816537 100155 988725 389181 784809 902680 783440 336757 299532 692549 390387 296461 681565 174765 995519 893001 484006 264799 366671 413257 
720627 220065 280617 693421 595052 474804 18990 807709 855358 721259 814091 731401 512909 698904 664569 872220 461844 584072 733298 13044 
763371 223043 920011 619420 872450 2501 89641 921800 487948 79907 860562 979382 949148 563409 842312 535566 522238 267921 321203 263404 
239858 518182 995205 21286 825826 638851 277176 348832 460318 609133 46974 46851 152542 552102 944542 85086 15614 975862 223092 844115 
411301 832836 55697 982574 983591 646405 695919 5778 640803 116981 537779 993081 734106 596646 610028 844276 329556 118713 888910 200072 
778214 558327 390890 825031 600433 755013 520012 291549 822237 492952 119128 387138 268954 654134 454336 125535 165639 924085 958584 985065 
51167 13180 42126 559914 5024 529197 678946 368603 817496 269135 122743 163726 360308 181123 209555 771108 511937 477978 275681 103320 
368955 726348 764924 441746 648351 141087 144129 378210 936147 53796 482004 559012 109746 779299 793631 794600 684099 212736 170461 131044 
44610 590091 189177 476015 932802 994307 212093 478639 996404 359562 637039 396932 375035 949845 279876 773731 379486 160309 116851 771689 
617613 365762 551329 392637 247445 668120 70566 777762 828435 414358 711101 262886 797740 245445 380915 983412 708462 955279 98223 492450 
310641 59944 471114 510773 975569 534699 845910 879555 587990 905580 947040 236600 84863 183970 542526 234392 800236 375754 552682 649599 
27089 165157 405095 599119 356803 375801 822349 809494 46239 947829 729889 387650 562193 389581 354527 505254 967267 315528 530144 732209 
546610 616564 119930 155688 218690 454860 778187 487679 236489 230111 309793 333800 551375 630734 126835 226647 18567 649229 558355 940666 
155636 270842 852999 687589 838631 575324 394688 536444 930055 64672 558783 789643 103129 58562 490205 790881 54745 935031 602201 796353 
43268 809571 696505 181037 645036 571541 517370 829168 550115 374012 190071 911916 913371 800902 300806 421349 275320 90844 830966 655223 
809656 341953 320708 265107 667872 919626 164869 451624 183328 596163 919653 720155 241046 249940 239714 950235 961611 925518 669836 6771 
141455 666629 695484 696890 214179 90328 279857 735079 541545 563387 544286 350904 824304 657982 975948 2445 722747 654390 314961 626760 
456388 243117 297158 679814 941895 22915 832364 135252 42934 419382 826325 717487 725782 331011 619745 757059 583599 965906 557098 653044 
942428 447476 422467 340124 624899 758738 131773 515650 249406 201726 447323 408302 886567 534857 100284 875247 20883 92240 852192 238389 
641357 781702 459953 451455 967356 428267 592462 687186 374187 485203 864676 927602 128724 336096 724371 127099 361446 861923 573830 740620 
421705 17604 646241 344870 117927 946671 847834 782122 155754 638754 333779 848279 44801 468434 296170 286922 183846 323552 580494 623588 
521187 93435 965228 648179 995928 47222 39211 943437 54542 820854 343740 994900 898657 901586 491338 576901 833905 82360 654550 952871 
705457 418746 46569 706573 173550 574870 289492 175619 377364 823203 632026 426532 944741 494699 385547 235453 110689 356175 442911 824662 
302739 68576 989386 906030 675529 545290 323303 984500 603001 968246 800862 819895 392597 418421 79554 432172 399704 718781 255673 80340 
870438 596379 621635 394272 435442 607475 43217 398835 661969 46663 230574 902 990300 727518 761339 766351 839814 837587 818917 122604 
466005 954430 791286 518302 231796 605768 771525 74676 688248 485937 943010 542313 803838 514168 78444 576000 535512 988242 23431 710981 
32005 803244 94907 953654 545712 783644 689190 548739 681168 171620 242253 185435 148159 569081 433826 750675 337832 362638 469894 59830 
752647 120072 446517 212942 897620 8705 251274 217625 318926 770244 350988 268990 736446 377039 578674 138473 455516 926708 739856 238730 
267532 222635 788086 295019 290009 10417 63142 490946 824463 474016 707955 14600 349823 722862 261664 962694 254752 533393 626218 836929 
579482 443947 950236 784383 865712 182436 162780 330229 526717 685465 637943 877594 941257 535625 222538 384469 358579 762982 573514 182250 
966009 539250 98701 823396 854243 318146 152797 628784 910337 393917 212944 681137 55238 962167 687458 128014 117851 863388 743 758166 
718266 614522 768680 223601 858400 685936 17212 15388 131302 944053 387979 918472 108418 28632 630020 9392 51743 429131 784659 349391 
814340 364443 275909 719490 763145 476169 374769 28378 823623 783752 552084 619253 865587 794022 334143 747177 47521 219440 478410 154223 
258787 85680 211310 687562 863826 309254 131317 629622 387751 437141 638132 212144 507469 44870 655080 705272 233297 227978 299008 212767 
363221 407355 787676 850529 466713 951050 191173 255768 939256 825213 10951 669254 607705 986741 204791 471489 266164 52898 622720 753904 
196640 92849 283686 973831 53762 813005 759152 572898 565798 923871 654270 381604 968400 6490 393724 638605 315231 370512 1510 390767 
47648 961857 284728 196880 37721 936893 345011 926062 8355 519542 62552 915059 691019 506389 863171 742494 831019 836335 642617 512908 
120065 77156 326798 854080 202480 799909 58214 68242 948657 518659 767334 56688 136479 743198 33193 980092 598361 313450 702161 605407 
192852 605609 159759 613543 171660 49061 29287 313123 465321 938617 285758 989688 127088 143801 183543 818604 816915 10751 362301 196903 
594552 950930 372150 744664 103773 718931 393725 478209 608251 512469 823672 903695 410028 323555 666517 765673 435492 194049 241088 959407 
275093 828081 516864 391105 19665 350949 708154 600006 86944 636573 486572 426649 904518 685673 669202 103096 201687 443835 647146 552936 
758458 119605 925735 152503 929996 171542 537430 19131 117248 168299 696102 126847 14322 218674 316541 509232 781444 217327 392913 243181 
896262 264401 96876 723284 189612 189797 304855 681077 202818 619444 96956 638922 860119 26864 331410 195568 560647 193138 351436 628009 
985120 149191 356008 717159 244780 882239 238486 353799 800233 294627 562436 435646 46257 563268 85020 410331 841411 139080 764522 532468 
739989 327703 568549 849070 445092 703278 443070 247969 299233 777670 359319 562003 646717 407974 183872 368900 122015 89603 411168 773057 
68641 755057 125062 341391 563026 287233 751110 800250 621217 686063 841818 691129 614847 536689 501542 936228 926635 641471 609777 561247 
264558 328423 923252 101194 975413 416745 750371 112258 546303 297171 657438 99596 844799 273742 703730 95888 809488 524051 235192 789163 
733270 63811 971190 243052 101102 9489 44880 803195 936616 559739 491527 15951 482646 153427 988477 229191 55132 900455 945893 945188 
707404 760519 28372 981139 319824 525067 50901 894094 927305 144497 60664 366122 246912 949777 19148 697417 646597 678168 447716 527876 
497041 897847 389971 512241 588367 819675 175415 760001 501162 231547 732037 442084 743015 769856 733397 529114 75125 917911 186231 779263 
231207 735032 843919 679892 752703 778318 491250 316424 200444 667896 798555 222574 38482 450185 554799 204998 32134 729398 924433 369506 
441018 914153 999647 486868 91355 199930 218809 143504 378852 850117 421572 841558 45088 857174 485683 325 523565 293825 979704 818182 
87984 192535 556968 33126 385217 20735 672231 153625 510677 824119 842086 609236 957688 211765 929715 593228 198239 457283 730234 181897 
453356 85031 236616 693926 299437 330922 336483 943835 624936 799707 607673 661428 670186 537054 982879 465046 921411 796452 76660 435246 
122413 286234 694814 870473 770921 814550 350837 707122 479803 582497 67536 822938 362687 973880 862782 943523 930158 95102 637367 525243 
978250 165950 391005 713202 783966 634335 211567 955462 243075 315336 940044 234746 464728 275563 109315 790129 980415 379041 69878 499082 
976291 330207 865279 923277 819150 81956 539020 81713 790767 705667 893903 843997 942233 932146 751587 185098 136644 376433 920399 98040 
458311 202546 429854 537914 615937 236815 128284 584288 776461 238645 985025 543974 530991 289492 579052 539104 131900 74143 38742 298894 
26365 513173 842746 48116 761171 541583 752153 588662 527976 456323 927500 919364 447137 523476 746705 908744 506390 123957 460843 678523 
104180 756633 878454 490704 577615 508881 344624 166536 545635 263410 779864 934732 195771 421128 534406 376450 593550 983713 245655 14872 
758774 966855 88998 181870 741764 661453 861553 270214 439330 661200 93645 190289 965710 417714 22016 843099 458510 718972 636757 510580 
136380 770139 547433 382101 662218 714225 805987 15576 48394 98302 466753 108119 26297 196429 296225 360573 115620 741912 855860 739522 
500414 206726 468711 885738 37515 531420 678693 558788 707059 505178 702759 387125 836117 120655 40374 96956 671264 235005 787824 718646 
436062 949194 939425 646348 115395 971764 939874 637783 232204 548132 243644 828254 629464 705336 926224 329879 572432 810647 669424 110157 
97747 641315 429146 268261 884940 591149 437436 99860 794943 958912 890401 724498 294054 251486 974482 89506 81366 739064 227084 929730 
474325 772167 468412 465355 803500 687904 184670 432983 914027 227227 510122 528374 884803 315043 146971 401689 218908 686073 176205 296592 
22057 585532 721475 75829 19529 730071 153314 998684 510814 671638 452911 649646 560503 863319 326186 18213 94063 301409 546302 724897 
226854 285454 725949 222733 519400 299492 162102 483775 238807 377673 720650 596324 499734 651893 265624 818786 401091 773418 481375 49261 
854243 130345 689147 334551 241392 187115 708425 750334 279387 154701 132948 415563 215115 360931 710888 797588 787502 958520 463384 463964 
669781 898127 645138 420967 495173 551678 258284 317964 527577 997870 625322 953418 509680 287934 296120 98360 117284 228009 455858 111215 
907217 102412 662046 937505 552275 455149 552399 225445 897060 345624 747794 244673 972851 808405 796279 835840 383117 813720 448768 300476 
16422 152465 757831 257333 935653 146043 795819 341387 996839 716142 35364 904767 170102 460175 585598 934870 418425 197886 586736 484755 
599006 790069 253195 792967 580962 823114 551223 142494 73538 997757 875215 91951 691256 972528 271214 764335 942449 149958 707370 722957 
184257 580069 252891 781810 679794 502281 778920 64991 550665 73694 557615 651324 11168 316645 80804 486236 434423 78664 70828 821211 
839129 211274 678161 244215 667655 495064 34190 346269 414941 779030 806196 783784 907446 76405 979666 820592 519049 116156 475242 986080 
527174 992127 230621 592500 559142 712662 523363 550315 37601 508408 42035 52761 138665 425539 623671 512840 53098 312633 501305 115315 
93536 604664 458036 280555 570397 604400 298200 764162 386049 777170 376186 905668 84824 762035 22057 820559 36491 590124 704250 712624 
643187 920920 732750 851567 204816 361566 383048 939994 524152 630950 348374 854139 596402 419317 708216 773652 816075 752518 353110 734930 
529228 441967 898353 287586 719769 563626 468013 670516 902755 186812 719840 528925 808415 866683 892839 773454 824206 318586 135160 988536 
798565 176268 550283 271373 664667 913262 928675 810314 859258 997807 229893 798503 692136 524733 272220 479873 756723 941203 815664 618535 
676426 343569 520201 444774 279633 725360 156293 201092 110262 651802 380503 421876 548705 198661 483369 278396 568539 528240 460456 746608 
863542 976904 492545 158726 359298 683205 562372 788504 294374 698919 264509 316373 164082 47914 698569 471646 154816 826098 532484 173818 
139146 329825 196053 503168 626026 560534 324327 101258 50770 926835 823532 25845 238820 765863 308355 265976 213060 641882 325097 148703 
287116 502476 615643 816278 319224 607916 262105 994739 46915 920884 940221 860492 467930 42747 254402 483264 946188 663409 877581 135762 
339205 500873 65296 310790 686003 867008 33048 202635 10432 122861 783719 272354 304626 73171 514689 109665 535531 42920 444708 824850 
953463 778882 168856 855989 803724 769779 934005 178416 634535 602628 671954 640880 774898 237135 421100 618457 650360 220228 43315 731321 
324087 77411 267935 529134 695968 100892 640681 108451 296262 616572 343153 150211 923116 414756 559005 531676 464655 570996 275758 995080 
736133 111776 820601 495359 254179 393104 915450 293591 600434 50736 339041 550128 546403 785286 905778 324991 151659 779320 591026 589735 
685202 549144 376059 359151 756836 981646 847054 927525 296071 145675 775849 968592 53944 867348 239968 851645 281745 990810 625501 579574 
976878 296083 665790 20644 548767 981300 924214 56878 906436 849251 834837 176355 151438 222247 282698 247542 106776 982003 618102 805054 
403045 494783 72003 842644 750799 270537 897370 781037 159800 386640 45343 777597 617145 435234 385093 632446 87393 217437 44483 982355 
281882 833735 717404 617196 870274 762658 537184 797758 561965 843864 677090 458420 730958 690098 822962 760136 23413 600406 625127 117142 
951684 591230 283629 320934 930413 899514 656997 151970 309772 164560 390923 620920 627127 611074 392393 258103 813402 254168 747221 629259 
395555 559689 576702 500613 532232 904233 819362 974438 589416 923817 173550 527728 178549 584341 59534 785169 735582 437064 439309 82228 
131636 48245 973536 953210 81838 787612 325679 647127 399464 955945 135296 128702 141511 734820 840555 821584 751948 32153 568668 328599 
26448 481820 78886 282156 103562 74463 584461 347525 734413 599139 185464 874846 515630 468238 367597 776054 779040 31735 184735 642847 
540044 776813 820142 36072 785133 648590 844835 232938 449770 59375 121676 639446 465211 224302 159516 826118 803097 712006 261150 903233 
800133 492048 822784 892175 276231 506317 662850 90402 922565 855792 986224 808020 819164 502739 610959 249049 951822 45034 639258 66400 
799756 770230 129727 205728 271786 22063 797569 817329 394913 993321 154004 917558 43012 764287 873234 25264 682021 839109 270463 174148 
525060 922902 727751 630837 912219 706878 196126 175339 455712 836770 330839 888645 739627 461041 79874 599178 772164 3707 446726 346487 
929510 659676 652418 328340 572821 753250 692878 979908 725756 640230 189285 885311 883556 953865 784667 91780 459848 361041 737245 578611 
376836 437108 151201 390786 930891 642355 766657 912816 617293 465179 444251 638169 62567 987435 230976 66466 710005 246946 749335 774226 
826519 27036 789629 627392 857039 999848 918231 522412 70681 538205 303258 245250 671013 637444 758191 447454 779258 394261 461951 675876 
221667 335338 243879 690471 624688 333432 146964 196544 343158 449051 606907 482875 351150 387846 533862 580391 319074 148584 816977 513729 
493010 883874 373262 507829 261771 820393 656134 282945 878863 963286 418902 641787 392351 770235 640348 503712 48564 919920 631427 443391 
51201 708238 373905 190765 306520 698476 504702 882905 770045 629689 563543 778843 187240 931837 6045 126571 625600 349671 67267 524381 
863770 920465 960879 365434 693665 47502 968397 326282 524574 12815 510017 303384 605597 495704 583325 194103 202438 655679 144370 663277 
558732 472428 612717 185482 735975 103770 667183 84732 486186 720618 566570 14012 578302 744673 887046 105411 970992 257745 667514 501613 
436917 805480 207069 849739 979612 496812 487156 821505 94653 225014 755887 255420 197443 487417 298397 369078 271938 971066 261376 430736 
57811 976021 668362 842804 885716 969738 798351 306354 864351 937162 982230 698104 329612 301295 511731 834590 264555 768136 757191 750395 
48695 500033 680770 636115 819331 42285 124077 265793 971043 134585 148995 923777 760316 790413 751261 478481 285097 942079 473093 890379 
373099 722526 985540 339885 169607 555962 600011 467915 819595 43616 68768 460794 964820 686881 360667 640107 968972 319174 756024 789618 
803285 980667 849368 492037 857606 35712 288538 726951 479078 377959 593537 781907 716506 72242 26945 699340 807885 601203 306246 973265 
161474 12069 518633 898287 376341 962167 73388 192071 788230 139466 190812 972617 83478 153335 824319 498576 633755 195734 202932 325817 
155948 4947 484495 39691 28572 211673 130738 586526 482159 457618 373954 978758 255654 180589 974645 752099 165964 740045 383223 960824 
977984 334222 551655 255431 378220 11603 400811 28907 554637 711323 162820 975685 434429 125527 806222 24518 893061 257854 864800 642355 
72251 486386 229840 75960 723586 28467 342649 774257 679689 656106 222194 795081 250919 609252 470548 374305 366149 95296 647037 139995 
360906 807297 358008 770951 594376 657579 400648 386714 605279 4187 420453 634888 529804 795574 344704 498436 886603 237633 33334 161717 
149010 191579 321510 839434 774731 546617 152740 774091 405560 614607 139879 389585 120255 170973 841420 640365 905772 811129 143957 60300 
841004 889416 645996 687518 405106 616472 231771 919665 344448 486810 214706 654352 991843 527508 281337 632725 499407 768482 593261 324334 
473080 273596 756475 841476 619983 676412 336236 118186 905127 904791 832325 211477 98793 683969 226191 213966 317711 469057 436978 199245 
15683 43684 980148 388106 222475 414188 294915 590568 604263 939081 451753 989441 868887 954635 570709 828909 1626 194508 79146 733431 
183985 745557 684333 81629 653791 183387 309692 495120 777039 104098 799804 997148 376984 563872 220541 405460 850591 323649 52129 364123 
615985 550734 337736 670339 122923 648024 486449 688543 100837 651473 724934 308417 449988 915132 231985 464582 552568 842141 174800 513364 
549510 897783 41761 237337 934995 530513 517582 176529 693665 392172 848049 478221 768808 260784 729298 769057 973478 414676 634504 583225 
93715 420801 564676 994714 325821 785981 376326 52589 424856 803394 73148 723849 719129 925513 353122 93442 307062 749946 198364 401251 
497567 931675 183744 598454 669304 880046 602335 156191 584260 335553 852303 826155 510468 887699 679318 245189 272042 495483 882983 499151 
903750 351132 83051 75374 66697 676792 774228 896896 926320 550352 903376 797916 918042 110371 867332 246429 573339 468377 847546 789200 
391231 743816 611847 365538 561422 868154 819788 441007 754453 414998 185670 249777 48807 883632 781195 85550 42474 151681 670118 43612 
171796 743078 689133 859196 108726 194520 361347 450834 668255 280673 687765 650496 700779 959591 187713 257222 64091 741920 838560 315946 
613958 33021 993163 51350 110616 609062 814423 215539 349798 174505 609479 700916 917525 531003 806334 494170 357472 526875 714832 141757 
790375 735255 329565 918070 527311 758570 898713 267706 256065 970710 47444 526965 6409 289074 32172 420429 312815 774924 892484 496183 
499513 365246 341803 782972 247035 391717 63543 446781 539656 664475 436015 547698 540315 341837 476809 384586 11947 200356 603597 125638 
976781 824600 113080 577275 510296 170250 821212 68955 80442 697110 299951 266714 167284 49349 339112 982201 425268 769329 574449 815542 
948638 646863 684426 882668 322486 738510 910730 199238 193971 479517 820679 263591 604137 581326 503924 779449 453177 329446 259862 377912 
835102 69639 382946 429778 424659 753985 772659 60271 821977 784215 542314 928782 523876 290741 808847 92721 456997 421007 401264 369741 
132758 94801 824543 336231 289093 385325 725894 323194 79398 191527 43289 822638 174963 232915 824404 361639 177953 933367 529603 964056 
165726 840417 100163 445586 582461 585273 900499 531020 142414 986587 861421 849435 970823 449554 298734 244086 736807 897286 100533 617385 
54918 137841 438578 282852 602783 132102 943383 218655 801897 747416 729656 209020 341277 240234 593951 320501 425377 417106 611750 45663 
132573 518898 349281 547196 731412 130604 942098 276663 496526 365877 59366 710484 680881 469915 694033 131673 596830 271405 839085 881293 
639957 258684 255975 233409 232203 526046 737364 708705 852419 548907 481678 266946 916841 303557 787763 55329 915985 467897 140386 809378 
784787 188557 196599 8257 958761 218903 506989 257101 660140 222872 822077 668379 824964 572223 103149 454633 279655 287308 73692 358810 
501429 45438 823918 984370 913118 249611 649311 820884 116521 334457 772770 638689 51052 205214 746119 50396 84423 381390 615772 988160 
706376 481127 659293 469378 438519 262837 379131 557335 107774 800544 100355 920289 165897 943586 177900 343753 833754 684355 507472 339497 
655035 689405 867966 747051 829535 825798 227169 315408 202884 411620 877684 781561 629506 588681 556867 295739 588129 994186 821219 265690 
539779 858740 796944 344820 278300 20434 895617 47038 335155 575417 735075 248171 374670 461492 108911 988948 179407 280551 812344 496569 
115670 289211 377887 493708 838236 807455 5304 237308 602559 86212 235657 263006 166051 412580 555292 967055 19256 183311 502443 539927 
665848 113649 361894 82834 520735 10357 47453 294030 935530 95195 653531 630970 522243 65806 919121 798344 413094 596405 78531 134697 
389524 642363 88916 528790 436947 749025 134425 924911 704985 748205 237721 816373 76789 950069 197044 245143 305437 197071 994709 667763 
150045 987722 942222 287900 693182 226322 567597 213988 671670 132299 3890 827095 738267 656779 740410 903782 727943 602899 698979 307585 
749180 396977 372219 959863 78813 503044 298410 622938 486405 788376 187797 742048 370147 354575 185110 341741 847632 818371 396172 461676 
130283 567523 202951 311057 325534 254354 198750 945965 293171 922749 703052 962601 591197 805159 38488 859233 170451 751871 896292 334998 
630890 804136 835234 849288 39193 590623 68632 283692 7999 667639 100527 631541 74856 479689 27425 400936 491077 412792 747615 438970 
968315 133307 581773 117807 50669 809532 574100 330892 423504 805314 477194 590485 596887 982197 459975 351166 410148 675061 876546 785222 
308773 631905 248431 922707 948683 370846 80595 473287 34013 724012 990580 966279 641753 871109 999872 53505 141700 968736 912576 167552 
207082 854795 215160 134549 848844 296926 356813 699346 264664 910348 471830 816650 73381 831151 329165 873449 456297 429831 154826 451856 
853753 481565 671828 139384 968701 129332 361202 433917 760593 504911 924803 376293 610517 100711 124790 402849 588139 484280 5222 461314 
432762 484622 618115 259626 492373 907289 919794 95314 930068 277348 228814 637947 429643 255522 565575 869619 818874 335755 540254 852821 
676597 892572 651446 951210 8089 680888 584381 831963 689515 148740 468312 983550 464845 494988 651273 931388 714505 359359 148984 549365 
707592 202422 839441 57404 768450 718715 630864 148856 884715 419263 922381 284324 791729 615812 229550 975718 118717 610069 198651 543542 
9088 361143 777128 565703 172586 410893 630706 647521 679441 261251 729961 614859 247404 192520 705264 888459 161857 692703 193220 703515 
323752 888302 389558 748800 998952 817520 161090 37351 701825 658931 301211 512938 936585 868872 393931 451656 479347 607075 53332 624316 
854401 324603 365203 958207 299749 457297 897033 596010 471000 376919 323198 298788 263108 628913 254621 555051 671400 518119 543167 211640 
312928 14481 304149 549778 423902 227838 276359 118858 152529 476559 850237 977938 19067 811462 671149 895429 392163 231942 34448 375148 
377517 855879 713811 240211 990725 691444 215588 923945 344500 344547 429519 879487 968636 294254 495825 315358 160309 954384 617628 987934 
144274 815600 620678 174193 913410 533246 683452 660359 170 820586 140531 691984 954224 44027 802370 445477 760528 596572 690533 466107 
634385 566889 351058 975244 606709 352911 739497 14639 427404 257796 747690 238670 240392 937726 967839 471021 367697 943748 278871 902533 
417249 531044 954070 629790 629230 52837 470676 900961 878270 592088 800764 4502 351645 737879 630773 135162 935694 584770 690024 352917 
812535 71031 25165 397656 694131 142547 115464 235878 631916 31371 114046 110046 210796 664030 937365 405096 437042 794141 534860 239421 
420455 118074 502460 519763 892050 883452 827941 459345 220843 989237 311072 352560 563363 443899 709843 544499 79567 758625 62538 104112 
390348 670618 909196 483678 399379 880029 520582 968026 992164 839279 907659 624816 864506 58670 362970 130572 915386 264946 357100 100899 
856787 240925 774272 966553 650902 82117 696980 733247 539798 444746 790730 581592 324177 369446 811862 151338 190995 757748 837293 858821 
304151 72889 382543 470420 697675 551919 127116 341698 284148 331697 698733 142291 458751 238742 514233 132619 463077 943890 660405 761875 
549901 24686 692203 408839 21092 757804 664145 182615 505992 651757 144851 36413 726996 876629 151341 15760 322517 797150 185889 825760 
416869 462266 901527 569033 296032 864547 786735 668091 623530 737884 972764 968710 304850 449112 229577 729106 703982 159700 973927 401725 
145866 36725 77679 61229 723084 399795 366366 543663 539417 235896 535259 947917 623202 970273 76211 805797 358077 186998 729394 110503 
978270 17272 104249 734653 143091 723417 439682 125513 858484 269340 856733 714776 262093 829448 577157 6316 834688 662606 902207 335106 
897444 757150 206375 326063 977078 274071 108481 263518 241512 94095 603742 790277 192746 789575 520724 584260 878002 735184 356775 512718 
776498 514332 400331 66725 472877 620705 348418 154581 193678 827390 991899 3416 674165 152427 330730 788381 719812 850084 510190 486437 
830829 329331 156317 985147 385513 115122 397773 436693 861681 338383 686650 72078 630508 168763 814792 678980 478123 156707 96719 960839 
162887 556413 735461 35228 779375 54014 733957 135245 956076 186454 807493 493762 648986 99528 549394 688305 405530 386517 975645 262393 
194262 725053 390053 297048 182359 870679 901909 626295 919375 677166 350235 456223 274824 674214 1602 704277 802456 12979 89511 65192 
27395 676739 513713 948749 933773 71551 554598 517908 958374 824093 487945 171189 316178 243191 633953 92687 628179 869411 243818 437954 
266692 45042 2291 802409 720452 630029 277362 432584 851233 924075 30406 430043 694257 49507 420193 880164 914443 900202 587590 906957 
341536 782409 689624 956115 319947 735398 464517 536555 269634 31301 956856 570953 889493 944766 66101 661172 497442 265406 868338 198498 
344400 452511 607706 21804 577053 704116 305177 500628 129474 762486 318793 331881 93396 726297 585732 721591 807191 928104 457655 950522 
223461 171652 278963 365156 849088 797363 502684 476240 505472 657575 406783 494353 268746 109376 328429 318774 592082 214205 179909 261806 
10495 196170 924436 867331 156434 295216 583307 287698 106999 132071 343812 611926 638667 669090 52319 66090 812871 356597 459946 466823 
177138 978067 328147 475548 521676 3342 700669 874831 349600 206062 282705 240786 186458 895170 63073 587787 671637 198061 62383 854222 
588465 726850 906314 531699 87138 88176 728881 826343 975506 639357 388579 994991 981732 643523 120711 543989 382046 567141 989248 638173 
172232 893963 753773 241516 437379 819493 240088 499812 490439 701989 587340 394529 813221 349685 636459 8105 449814 450556 858928 622387 
50514 409829 214896 197296 729986 600786 549270 580954 996593 922508 35651 67130 493668 357339 568492 317060 996723 40718 609759 355686 
439151 712367 500247 780264 953440 195309 617906 25583 488651 883774 619341 169584 955244 536063 195986 857354 388005 601645 203840 305574 
788978 252136 691558 79377 1801 530186 786036 963439 112539 637983 630395 263514 55017 448253 212412 773977 888092 139814 933355 146025 
239649 328014 164031 182618 169719 397232 963129 839515 611583 716211 780190 629078 421581 637499 716440 857525 202037 432179 754793 959274 
199577 393208 927185 834919 248814 164094 742451 700844 923136 266053 866161 287233 198761 964420 964801 186015 718901 77452 535334 19361 
120752 637671 330866 909317 166073 912917 817216 218143 117627 431315 24390 371754 427297 878262 746278 651407 83016 125585 451506 995031 
141591 224312 735546 313427 207892 700805 465658 457483 704250 810437 541503 42084 215342 964775 443214 810657 213940 179665 297733 127778 
682354 777803 450473 951796 555602 150053 163928 781021 238051 661143 363520 496109 834833 906188 553453 373770 284470 401457 38663 54283 
57986 468409 520232 216064 91492 743620 474949 616430 825305 838421 871870 631177 365564 59453 966529 862651 116385 396315 443374 822751 
735054 151444 156452 176482 871588 138078 730056 259305 361567 284688 700830 546397 429291 551503 42252 569665 216548 900527 602279 5573 
6386 26816 14746 726175 126756 395396 807295 495506 629914 464879 604331 113856 820349 823714 909492 69960 829901 52367 986226 659218 
226944 762745 998359 703333 719826 666495 23416 426118 512133 793164 52507 556439 411103 445541 913972 398658 643249 413252 194598 105793 
661247 528584 995707 776678 638647 680284 634766 229606 373477 764901 531615 560356 791720 771493 668455 330063 873127 668261 726659 669930 
771214 455217 402368 304943 167212 254885 861817 964959 818078 687779 469086 908180 818288 66193 773005 276051 181990 398791 400654 146593 
675792 952579 652102 83537 466190 547599 376212 155467 466222 283651 680015 740707 718371 89693 362781 417624 701539 672180 552530 795943 
60690 173315 709728 977578 912921 2150 353439 341412 151556 796849 784427 906055 605472 193674 904702 779837 857148 769660 210411 909378 
625216 355448 294762 101428 775691 661545 34796 364332 940027 656750 690157 367302 573483 514446 411850 859608 730472 937722 915607 516379 
328900 633754 34265 758138 419631 576749 512803 593989 850436 102691 230544 761871 766714 832229 892626 756372 632714 179055 356578 833966 
54974 732771 537403 177269 747644 982479 895484 849652 825098 889629 921106 700566 472813 495597 698987 191770 102017 176582 734879 521630 
198413 824692 574367 380445 192231 588944 473942 822496 927833 58993 54967 47680 930935 631237 607607 897645 55218 858224 748033 542931 
750055 18409 137377 934279 696724 210004 564279 655587 278228 738492 886526 784016 744556 949865 894005 132610 851213 216371 637086 326341 
417528 850746 4728 810867 557125 496978 745766 827214 451970 463109 348529 953118 86939 842766 814348 525190 396995 291139 154303 141207 
762483 36503 625431 930185 990156 399157 734942 659315 862413 87747 107829 611512 911102 195091 577138 848575 233487 746807 117883 210913 
753506 758181 421653 713307 596578 595205 559894 963509 617437 104976 24665 842100 169394 920989 854483 833144 612450 730395 916258 602993 
769883 264957 5786 427032 80762 796275 338700 182697 321821 965991 994730 818713 744056 94983 812822 799761 188807 701506 936657 319048 
707478 47264 228468 409475 772344 269815 694364 2747 59153 494285 648068 460629 944426 158802 876204 80709 87304 538464 135671 766475 
112042 839045 707004 24098 685425 343840 797614 175296 646910 418251 881778 365723 101077 75797 253218 261645 353210 482025 606278 474245 
878946 627502 75131 293828 191341 686467 183878 806219 770262 933270 703720 898016 349170 422285 593239 579387 669217 184043 340093 158689 
367390 694371 677034 330751 198573 773555 223558 315550 102068 177151 333298 657291 510754 148020 631940 88714 5555 917967 818014 928147 
515914 824112 752965 670234 782054 520964 65397 213896 139316 714512 367658 769804 151907 999756 472518 699402 810930 724150 964642 140471 
666107 567428 698163 890970 103855 193649 522960 548235 501400 40599 829163 431346 514739 795678 219419 282470 867364 787995 390249 479325 
253179 3054 787021 315164 795612 857056 556397 523057 279350 459548 311364 91426 743679 245450 511313 765700 971015 855964 299579 197472 
461049 934166 39339 498309 92241 103477 500921 3438 861413 649622 925428 729432 745422 608376 835315 908175 537547 548854 338952 197644 
958590 867722 770785 484736 582622 798521 212565 337384 978787 614858 571746 620486 863864 699219 435638 795973 55077 864995 719473 109103 
831319 839449 308964 916031 205243 67337 805170 15660 397206 338413 868810 908956 697600 842509 633053 398028 645323 205803 513527 438912 
447598 811848 901157 554609 461051 643376 653330 407125 423965 294705 257478 303351 508460 247400 195945 922707 286212 559672 877610 771491 
567414 735194 735851 923238 732304 854140 679662 450965 223415 503195 57642 219772 5991 470335 549392 855702 987732 572201 68391 714256 
267762 994315 343166 921666 373188 216746 505181 209277 938564 818360 170426 959606 504325 374185 809547 119109 470202 715527 316763 457867 
260631 726583 365221 801393 95670 146195 514241 295136 985788 574142 501142 378524 434498 956553 441830 352364 997461 976011 188829 770426 
598941 878163 759594 498268 950598 283837 285506 976604 549024 412457 862626 20914 596689 229822 73306 676778 189261 908440 930934 296919 
487338 893653 76012 691226 276625 824011 75646 477499 384480 921819 121013 225165 344850 686340 838158 588188 196993 559289 512127 215486 
842006 332960 96866 665191 74649 745280 867941 866863 660523 768162 527802 509685 148790 203070 46615 599654 406376 124877 139435 615113 
433533 253800 143672 222125 757880 161090 9386 918282 452519 826660 644563 477498 389445 268396 477359 67518 226973 3326 798529 111172 
162154 251038 485653 418080 158258 870996 459582 65027 266221 333149 33528 590901 385366 608712 750906 826928 641696 905551 555883 355583 
264631 3321 582575 425862 219478 581020 627987 214634 428146 444360 214954 478269 54336 144963 63356 271840 952261 126284 531224 31341 
246461 489785 455074 359115 482026 916226 357009 978430 478011 686889 809723 829989 618396 839090 194061 878126 403663 459595 939000 558834 
600265 862980 574980 401618 849863 623354 844291 205428 192469 154492 319550 105670 934230 144171 62203 81086 183192 141917 305558 856645 
973869 496237 933576 535351 709976 491260 938875 81767 438797 315406 445418 973479 243050 281331 940912 178992 911405 350611 695780 471366 
912534 204529 294003 998329 367803 620878 534239 907817 247142 445830 720468 192973 793065 407338 496364 259426 701917 360158 694147 737809 
986719 681734 57473 409825 810072 799842 531891 908054 275498 219270 784127 209399 691020 929078 183690 355938 934883 476868 867551 740881 
958596 964288 500374 662296 554544 678740 779192 221493 561012 138912 570739 291272 459196 974711 253818 247416 635561 727025 591362 805893 
557547 764901 836147 416596 708290 936977 309744 923167 743677 641593 111812 665423 154668 925881 409945 604492 159974 403298 191395 970834 
402150 534805 301850 108577 986047 282914 442789 887790 48065 746059 921892 56755 810452 307123 97540 476127 406832 719707 31546 708242 
418758 347808 428241 803435 309906 544541 660575 937877 934804 324721 220028 617448 395063 815642 548712 886449 104079 2386 699099 963484 
228739 409539 343590 167967 646756 14413 195228 425559 632326 503563 361027 250114 105842 723338 282083 393277 660986 104237 123015 33580 
890335 137528 318009 929901 447600 501416 404415 241545 28833 894477 449366 606894 237491 899746 509461 328928 971967 582056 77560 361294 
772138 348095 701093 41673 401736 639152 466095 616944 264135 811160 488186 245187 913317 373652 667730 649061 204168 152742 892676 991458 
508009 144301 783656 105216 246571 678346 875549 159768 184470 256058 564839 36939 345397 805031 482988 384113 770613 946590 390283 947122 
997054 980351 124112 335312 715760 794541 229343 219302 36324 397103 751601 708845 500588 209526 618987 264144 298376 124469 622611 801078 
605464 912741 305603 448572 293354 384011 423428 328307 207380 993519 638288 611067 872241 438952 52140 441091 940316 495827 607692 897021 
889474 4666 637179 688409 325080 495993 645978 843427 854663 693525 539908 644695 653978 514586 126053 474546 207019 121835 455825 640935 
480955 928945 331823 979008 391521 446677 95234 542143 320095 199995 967600 661562 181139 134386 843521 290202 123763 601893 969239 924483 
352159 339231 857288 335896 949393 871736 318291 90267 810777 9798 967811 273709 676751 853111 223914 171895 536191 718665 110235 882267 
540101 399436 512525 624011 472130 837819 552158 685164 218675 475324 835786 426516 37164 735193 287321 539438 607091 216323 339861 544950 
920533 595868 177950 986137 474000 126348 415091 176773 595626 685605 608113 427707 421917 295614 477883 524574 188443 825236 497938 118887 
318248 574822 64205 706242 24890 534296 111749 362797 942341 525657 701635 767273 172786 78224 80335 385054 329267 129533 799661 988873 
25716 98492 550890 767541 765144 776164 393059 730218 508308 516601 244195 923668 265190 375617 990526 501771 146486 538129 535472 900506 
712295 194024 656421 607873 417245 188301 902278 449228 827120 550661 447542 424628 221877 798131 209483 561853 357022 475128 597643 588569 
251967 787769 437584 917586 798616 831591 656692 53791 423410 285131 353507 355012 923873 326721 860827 793099 836850 397799 544667 683263 
524422 893553 444819 297574 185969 268284 264704 961429 209645 728181 156204 699856 719460 672065 473598 820470 409158 214923 267136 155893 
145988 620503 406390 352414 596565 302542 879903 475457 876930 489282 102872 346983 272650 275662 674687 758209 209922 577057 380733 110187 
999388 313469 152748 901619 571220 495526 980395 555107 370620 356173 139587 758769 313145 616406 736714 989985 876933 651281 103361 123556 
32305 923620 258617 767720 404371 381180 16279 610140 91665 149678 781295 159250 420656 816988 250851 931431 123667 520356 801058 833805 
762323 578158 444882 660529 980232 851794 895445 852759 98442 317660 769768 155230 626019 41334 577666 803912 586506 15034 118641 661749 
357668 432170 481759 133377 684782 208222 902916 174037 984106 746894 558814 447938 33535 616152 297541 455480 866781 164638 298541 685103 
838427 256966 953493 72645 537474 451310 69971 746170 334782 750468 462956 369054 146231 117259 197470 340823 971060 223123 723433 36321 
203303 655032 49608 833894 500743 334934 22446 183281 436710 819011 47751 228612 805128 486874 112745 168933 56945 489788 689500 51491 
938470 652739 188411 368404 428861 320051 357718 651516 639967 747697 21819 842593 856888 901012 296552 598290 242051 939578 64418 326258 
831800 261287 967876 666183 419014 698515 855749 605023 135336 626236 753654 697552 374030 657589 378358 694130 711595 876887 974829 343043 
18171 439010 246827 428024 246113 150227 633606 713897 908992 305060 352687 929789 282519 845594 4409 888639 997754 278142 303613 491778 
286775 42181 578566 189896 200581 239700 297369 632145 227137 213874 988288 668218 636688 803265 224041 966589 419327 828798 658096 790847 
587802 721497 869718 54441 145861 651307 386629 676594 986671 366068 617005 382959 694847 825264 6314 307688 871472 281199 752743 889451 
83950 431854 691712 873948 306651 737375 386191 344348 793492 946756 830675 96987 168725 955906 90162 898014 101022 585394 269608 340199 
251151 44140 527664 47938 223353 147054 992803 142043 366099 547661 838244 35843 142206 620325 607617 965486 860079 606932 7265 369274 
98662 74502 219023 919646 902486 924372 481832 295823 139745 256059 282533 820174 878590 876956 511162 484393 312663 784286 122303 848616 
27747 287796 135893 463688 811479 733211 401575 826095 143437 226319 556852 63356 523185 902879 331813 738745 40558 625026 982477 742188 
378545 308744 234490 570397 202837 15846 539233 647032 456976 320272 936141 213483 265277 184014 873645 658955 558886 707550 339811 359523 
351095 314858 769861 939131 495996 609364 421152 265986 825003 880371 643958 754026 290152 14455 360930 160268 273195 875964 129419 422176 
202544 147819 915600 85858 848932 480838 745980 307386 41925 808837 189835 641728 580195 462436 887723 656393 334098 570292 482691 347219 
107925 81893 589575 825896 247298 659183 208914 906029 404843 31181 1393 930933 489456 907183 300846 815896 835032 720807 909161 269686 
931331 465488 920742 697554 425314 686650 44094 125878 363018 665505 387869 333955 375888 301270 725465 560052 790318 741696 222990 960328 
616877 459814 136546 746329 553094 521152 218131 738178 651594 878530 587647 745148 653742 562706 222668 495860 576057 545565 584840 76425 
971789 667978 343014 575305 377459 759529 514330 760088 645301 442712 872982 551795 108293 436777 844863 569431 109407 761667 568059 537108 
864865 265781 990941 228100 820156 236542 28071 409785 302994 782297 581526 198060 709856 979264 391678 851367 413678 104037 326199 384716 
214932 210147 765238 364763 831445 310410 155579 104923 824855 328827 218629 968514 83200 136590 885601 498140 411912 889958 843203 443683 
623405 62981 908278 166584 700048 760271 29767 840046 827104 792518 315369 616936 646828 382324 630854 187626 601414 487142 48825 384327 
900975 650209 415957 904213 382600 65369 569478 481889 519085 322800 254756 664300 608832 80917 186616 295936 618614 722410 20745 397471 
552419 741201 457555 130280 53744 428410 751446 365662 321982 467151 518167 493923 588588 452753 674472 181048 885092 817870 114567 898221 
885692 634295 100288 476642 392031 151514 63490 936892 586836 751933 552309 56957 749528 747528 765496 85871 661379 778556 387192 720599 
54777 171070 988700 952352 322833 700202 703784 705646 270598 111053 219718 305567 721504 972630 413443 85300 886378 363141 282449 276058 
562532 367985 641141 875560 280742 40528 969179 135229 479726 401163 372463 961783 598837 26938 391641 702872 847097 128020 861688 907616 
309118 460838 14976 275974 364327 699614 63908 33834 745779 606769 679342 267897 600605 819411 265706 916248 762351 356339 995263 728304 
537789 239427 394873 194144 8043 616810 918978 166045 262347 101054 597889 185140 142308 517127 130586 778931 173884 609704 475700 121282 
493875 770485 388742 631474 316749 158928 850285 58182 990114 992053 872995 955851 255865 158537 463412 249882 278087 382681 1957 468304 
801336 173813 442720 229971 702125 391168 495340 816923 161930 761903 966387 115482 725792 28479 14358 848873 769605 555345 448309 690379 
867627 831821 796794 377229 664357 16201 328898 630657 318869 677449 442164 727115 339129 513105 488750 593804 181665 462337 887909 536039 
927000 952475 284243 407295 106664 7149 590555 609958 901792 517445 861780 235668 437485 173606 20033 930455 17978 741074 817889 804570 
815110 116471 541111 219374 865978 826558 413101 233971 130424 472799 158873 349880 993777 36675 222108 776057 664857 965158 113608 777978 
953494 3058 242964 118857 50080 320693 186916 217464 767933 820091 902725 929149 666735 946604 271870 847478 71106 80209 921555 523919 
158872 955702 769238 235808 427813 950309 799475 431304 540460 882828 198570 684582 176152 463842 59956 18352 10274 897241 280587 488658 
227264 562304 150479 846192 786527 513171 845085 490710 93818 569060 160737 974631 565518 239267 840493 215894 975941 488146 874895 608040 
505739 161956 318703 430899 736645 720439 14982 70682 375164 405018 522659 362937 632479 404913 555894 517804 786064 123771 356269 174105 
478795 518923 566165 518662 740325 54354 472154 978655 170647 623819 578654 502518 326296 645779 284802 907257 185437 899349 438067 976547 
664117 224584 606217 454582 444906 813357 584445 256857 101374 270963 537818 657746 495603 597947 964958 452237 482927 929446 87264 306751 
362114 75897 700094 489491 221065 270072 164352 181580 1393 61929 295307 414576 349935 394109 563745 200247 232512 92969 277470 905225 
429187 282660 655002 349861 259848 466508 306731 349598 645705 48282 229655 270381 606011 187177 736575 233686 507018 289159 383381 582933 
327659 967851 627189 706896 453781 424297 970512 129211 828207 567345 774000 370356 585793 678659 525689 461642 354785 438723 224651 903748 
603617 285771 278573 219046 326560 191873 148884 463078 621754 443070 521345 771259 272646 763377 830099 336571 880489 662645 149998 189237 
356527 513326 119462 493343 456053 227118 814908 335759 950216 534069 73504 849707 234470 920843 612102 862989 543039 257480 706276 132253 
235359 783251 734534 181236 276474 365585 164349 437441 838632 554200 827606 354380 612882 429787 731782 453364 433088 365466 465237 785786 
26888 189239 712124 145177 682651 410265 134613 233957 750277 49690 119481 519781 797068 66498 198119 656079 991756 813681 211855 643439 
920175 715041 584332 717728 465110 539490 479200 367772 566355 723878 279026 225795 488550 750634 743024 37540 915750 310827 599004 424947 
364536 850827 364778 508470 522617 529655 133559 206226 799808 144144 835651 58321 408127 139886 614224 119181 514876 484076 126705 215470 
111439 521157 426664 961202 221831 307974 903857 976176 591370 274309 262658 729566 299105 696397 119636 837062 221166 595903 934939 157203 
441756 394306 561202 457721 462921 938103 822091 578855 14271 413103 805789 71016 77020 413369 527275 956038 208212 321546 96211 779117 
758984 876531 236706 874620 848304 680142 381366 821220 405777 52041 371088 12747 833479 881377 458654 64579 894642 767032 110956 967346 
297598 937176 362289 96257 3479 452957 940314 921146 894958 489777 747495 37982 712887 558662 912330 886665 264115 217140 105785 185965 
531567 810312 315809 298653 605149 761423 304924 494544 427984 399106 401588 832817 674745 30703 677454 242272 964824 256782 711414 222114 
389449 18078 751693 120081 904605 229767 387485 357026 660979 564425 297479 503368 357044 610866 509050 770293 837436 6104 34716 813529 
721388 33322 769613 913211 310414 267876 321584 753796 28100 678608 899940 317321 193626 383646 869556 401563 960078 600357 41194 116782 
989582 157263 837975 712588 992301 299788 668130 391597 883141 8609 672238 921952 985900 6081 809349 276440 938160 357624 298990 216273 
738058 702701 529654 422285 887080 83756 30590 839389 639728 68365 85114 909995 698094 362171 469549 680669 326979 233957 826302 585426 
198271 126854 853568 804889 421941 498005 70172 718974 404605 200014 178553 682143 786121 811046 845524 112530 187427 778305 687314 435583 
9259 187449 159530 242632 139278 799891 30573 292596 684814 722782 798217 201617 704862 504748 594909 20115 381562 313472 880089 959382 
572468 4960 73534 458980 766752 49346 240032 29730 748116 225505 627373 732234 943466 436799 154879 789042 906160 105690 983787 165642 
968283 535962 108004 544195 925670 787068 813006 105105 976519 101416 298377 781474 542061 80149 153126 372552 445857 165814 375946 523860 
679722 707610 222978 685249 807353 38975 287435 987907 579939 962874 78155 362529 437427 524031 312964 950189 805799 142278 648670 423820 
845173 655257 415537 734102 622519 286529 810447 19658 394077 455169 459363 504219 197827 649650 9998 835949 593075 378491 66656 480284 
883325 27527 81510 853061 137326 426978 727366 171732 877034 747952 379119 97837 646679 208503 20870 369002 151061 439674 157702 351576 
445808 110748 307883 546673 396931 463845 142156 159684 868989 651939 820693 772355 592070 489603 739548 964997 446205 858662 291548 96526 
253302 819908 267145 163692 120344 689252 870439 271156 629714 208875 581511 303063 186359 128285 885975 756771 49142 463040 724265 583027 
167910 443463 803391 637525 799276 358452 715133 580399 918028 640671 307910 957831 356678 9896 819431 718218 668985 588416 469589 533492 
675133 469306 234284 358008 825070 43953 258067 131276 599430 867839 545642 501503 4791 562263 349807 252448 455886 972838 12428 135681 
932571 478356 15665 671712 819287 657268 106479 575002 313920 735107 370992 671516 540882 712159 127205 643140 873163 636302 739637 600027 
710753 780564 646339 9287 983234 578355 956148 12537 338374 563492 906821 892843 296970 942191 97019 612779 588691 115550 164193 958659 
2371 106968 513143 463934 33156 635056 196906 963519 247538 929720 606945 132465 630850 30734 12579 954723 744980 890990 941896 464076 
375098 350580 11248 257122 913818 567744 126520 416848 903916 782837 369248 889334 524189 609860 535464 936230 383116 201197 971194 101084 
925930 797862 778063 959326 917122 333522 902831 111129 888251 618900 479967 796209 952304 84755 614436 26644 926636 541112 797042 691399 
97001 226453 985191 284892 498614 225725 362636 561950 422061 91828 593958 976291 349188 917127 609249 211188 273347 454340 451805 934430 
495641 132230 920620 646998 707675 978008 79975 445672 949991 580251 510427 27229 594932 962404 139801 739352 593287 233776 574615 997389 
7582 980657 281713 20860 553901 485836 129809 133389 816635 531281 340774 415371 430089 302233 839607 489191 961213 818207 229164 141049 
259974 482763 640291 963859 790957 687773 695263 327957 372622 165195 396469 427940 613567 895895 971469 666557 460558 427223 876841 419407 
129323 50467 386703 281475 258179 384143 8515 409444 103259 427414 877360 156354 432168 364638 134391 113101 299983 86968 293725 430082 
569566 276284 349772 823459 561141 48201 129276 512597 877325 421936 316497 33816 460501 867042 454972 854572 813298 985560 546145 172575 
725403 71597 501083 504107 628437 984277 477410 655703 197455 589842 523555 256335 447491 879676 765010 57515 797860 817261 120843 660339 
574632 882152 115864 138648 570552 754669 553651 887070 260719 667813 924747 302527 608337 423187 398270 242642 780483 73129 843951 127944 
458565 144377 5608 878787 152095 5547 502498 575844 603056 835168 753919 828573 839141 156272 644173 812680 769286 345549 487597 499483 
869757 537067 56555 162304 791734 25206 260283 209483 299060 197154 173672 368266 626615 392051 138820 693880 791993 46822 168039 141849 
651614 131488 621942 788672 34718 104285 750080 484578 331546 596374 806852 182535 610955 949420 14964 121860 539911 397530 749527 213617 
384526 937943 423477 394129 2581 153016 478923 187173 848631 445063 272384 622250 119980 223470 611690 727429 66378 441640 342962 484494 
238336 764599 935724 185541 505244 484134 548407 294149 49286 102113 266165 19463 289626 120628 324224 185418 210734 742293 975239 188684 
351893 605420 705821 903948 268835 220602 971089 889951 832727 850689 506862 578043 53808 332139 253957 435900 424833 672300 205769 770573 
609443 699542 161848 346473 621755 973227 281258 860759 329449 243690 720233 935417 488096 873670 846576 627783 570390 25085 764073 728047 
905627 948239 453519 65593 27195 116700 523134 745432 745445 808769 839506 273326 698643 112562 151141 449807 909651 408826 258918 981654 
923876 284016 931644 471133 978269 97984 165734 933672 960807 350563 764467 372446 814336 972688 589542 236054 966345 378624 659170 729647 
881944 580975 464832 537756 101003 462476 169804 730400 48612 660398 322742 373808 55499 238340 454565 286860 828812 112917 227143 422642 
228835 619398 946664 731807 747429 718503 344576 293460 576334 485416 179030 97189 565727 18248 323345 227611 16344 572768 462808 839017 
420251 836375 237966 283123 170251 874842 527286 936179 444562 687902 384398 187726 258593 2800 640595 400559 876505 68780 916475 528799 
386624 420695 127693 106318 43757 977306 310528 36895 344315 17487 290005 610938 834106 151920 919628 304961 287528 397173 616502 415421 
792749 561667 938488 836977 45557 748398 347278 248520 269617 232415 429282 29307 345949 919333 866142 186504 286346 588352 803977 152416 
117945 763401 362392 55328 174234 860183 407429 25231 744500 384765 605263 737 133372 288848 469168 209645 428935 855716 741078 626066 
114129 587001 336767 115079 642291 202412 566411 164327 160579 51677 832623 64366 587053 799808 419025 534605 55117 730612 351167 53301 
612410 137196 152629 538802 588032 734145 217529 292831 509212 594455 378113 861241 902272 557729 817336 744197 237820 489703 296137 524257 
963752 457896 748062 192398 235088 672192 633521 319144 39640 47907 122031 337098 655175 64453 643811 364789 197469 840301 558163 507487 
988842 561054 247752 87711 420955 187503 984039 653581 688229 718885 78486 736627 767317 93718 614746 819233 974685 184145 171032 913478 
216346 612374 887333 878994 669368 757368 71926 431259 373803 351191 800770 341877 773955 634318 939582 385677 110384 617404 372050 480821 
900396 634785 813085 883840 73244 137955 722037 182883 643742 299092 738669 929402 436060 976335 96636 605583 781643 539080 848059 763502 
60810 185419 752438 996151 382863 947432 573593 173367 617488 583584 655206 512820 727617 764053 912417 1429 850077 746795 547735 953850 
112865 167400 150228 29886 96723 902473 236677 990766 639700 117862 395923 636312 528932 167604 401989 717691 934012 466770 414388 312926 
285124 602624 270770 100189 815849 315975 193340 82908 750236 742316 31714 37604 502429 567204 41674 145947 241593 349789 947253 462868 
776543 774532 337048 437424 604540 271516 791314 641562 848607 574577 171826 887181 996633 178855 999770 24950 547648 87689 764233 718250 
673791 531290 791800 178815 961977 476087 876039 498334 153511 449057 659958 413567 293754 560069 976213 40750 669574 27371 518667 382321 
271912 998509 675900 365127 798591 831347 433002 673071 995249 468948 800185 433607 990412 227512 981525 459845 293152 398668 805226 222094 
2127 210018 178312 704100 715125 693877 563998 271513 187361 798560 640358 786782 516817 478422 434998 118168 605015 259159 35033 232777 
324612 411190 653271 575587 279302 610139 175844 249912 368547 515819 545021 258815 618881 318736 868240 938573 791084 884892 385816 851354 
782370 982404 783305 897591 788428 203550 89905 483927 639105 266236 152829 506101 926049 681926 159721 121589 138606 812114 501858 635364 
264853 92439 40090 465604 933816 301155 836920 683703 805256 860091 664639 156003 813227 284339 98355 257227 110880 716499 664066 196665 
175918 469712 782002 347052 843252 955612 652236 552213 916716 812099 696399 39068 206382 949094 759255 779600 10068 662194 946515 835904 
401635 139803 515499 399182 737900 681162 416976 950800 151328 972357 686340 346542 504950 717184 750736 378762 686336 38461 407753 112225 
43577 663954 549073 235832 660056 751093 629789 669881 343497 854164 625146 739125 210795 57254 315817 803168 454667 71026 258173 885814 
18749 856287 554704 326134 51275 271815 59346 495180 702940 780445 299813 417796 66393 227183 193886 6961 277634 308949 871019 673238 
30904 228951 818222 614819 196958 401308 411372 589106 519302 68296 772107 912852 684568 880388 234139 381372 390474 386385 877566 999032 
819226 70280 57624 128448 433729 653385 232023 380849 291819 337695 291827 214779 814873 664146 387528 855778 852988 134875 796418 162859 
230210 841698 656830 770788 826387 724874 162204 369210 517601 999623 915287 534447 800151 415516 607443 563209 179289 393042 956801 115441 
659239 456861 934395 807827 311398 478624 186124 419405 38291 134520 308218 1690 19370 413948 204188 197348 61990 470040 600452 779985 
880925 124821 866634 149379 504821 101672 760133 113570 156613 129565 775519 279370 412240 578561 780362 474398 945795 561712 906532 25988 
522147 357582 483312 496742 484406 664706 363950 395305 169448 439102 555059 311627 569519 576401 886257 585489 398053 658519 265340 866398 
372518 596266 951172 274776 260404 682710 761544 722859 629092 234509 833104 317818 24295 347596 763983 805405 561909 812734 194513 158140 
906935 885113 842715 661956 950461 625614 980084 626887 64321 756951 302738 387568 526033 257624 294359 924 172247 725372 899883 475126 
521979 140569 692941 273741 248650 513857 643378 103532 174869 698319 570903 530541 827301 505288 948633 911138 239136 776829 842732 901646 
350668 252261 864725 94893 897809 435248 747454 516366 662423 394953 409771 220685 922077 977138 570385 24271 156630 335673 511862 866349 
616021 962784 61136 578240 503469 396589 292134 926889 337612 388070 328383 90519 860568 396099 162385 989687 633177 777715 204037 678795 
112299 485600 702403 682806 94223 687870 739445 348698 589246 87546 15349 160134 43697 597371 952459 925355 755059 485143 49114 529712 
254386 41208 128152 105449 771324 522310 590363 214525 803958 594438 618509 725802 811726 894339 611854 865707 868030 106782 485160 819222 
45700 470888 176812 854090 938462 666833 720434 656502 737639 766005 282726 700852 850044 561973 765021 518303 467195 75306 578306 714653 
197946 138579 217419 931641 951376 906717 794250 650749 784845 786930 257134 41240 172470 421685 767124 511673 153742 371843 244280 564398 
67155 883154 102808 392113 751226 887467 841075 317449 93932 858893 936916 52424 736502 676081 519892 878672 425543 366106 795894 68146 
942344 785138 541415 677702 622809 773925 834876 188426 808132 546990 838365 717281 712707 967698 871851 84415 281479 973200 332866 803932 
794418 287548 72015 639099 467367 14455 47047 683859 482913 636181 114690 770982 887405 692225 12982 336026 314438 279046 474354 873364 
618451 592030 894597 38002 732703 319374 594330 372716 312013 44821 63089 631841 975351 530245 867094 283110 432356 844998 654302 652576 
26810 291893 391774 952613 165523 234259 746675 365541 446027 993896 702153 68935 242132 943199 900939 91429 610438 93463 284754 895721 
234281 88282 10047 878962 604099 715190 33923 351430 339858 420219 860557 192249 272402 695724 55619 580659 65146 724543 470122 720937 
45298 551504 270527 149495 201677 803234 460723 921853 99740 831588 243939 328588 208093 423977 761337 673692 402699 635781 224603 102557 
245993 840940 580251 754000 820896 460309 433301 704606 796538 620623 891975 719829 582953 671292 14699 254255 268074 572304 302607 539829 
528055 720843 473475 278421 115302 601212 361962 473590 597723 20691 446112 377806 906605 927206 604590 438027 587138 917976 237644 518309 
404940 4159 613691 800027 730865 270079 677335 583748 84776 736270 707693 950745 436020 653967 509982 87097 426896 834947 173972 13905 
540780 702623 71405 105263 340364 491833 702498 96157 4835 774654 480367 211143 267693 457053 393749 815321 790525 131651 811708 8413 
513944 287046 296926 57496 662763 43166 229733 787700 445828 863997 61313 190511 550713 598686 873430 430323 154691 303463 142410 126070 
943997 196579 547321 882951 610807 27829 17251 905369 974856 631609 240183 254698 126187 376675 941417 961731 874406 471706 774886 476985 
406570 314348 9728 503662 852736 316643 108312 418218 292372 901305 794856 76824 928517 55444 932045 666437 824896 113359 855196 396168 
210173 364656 126607 352216 367285 83997 903814 994762 428346 989840 801560 54062 703650 959244 165248 494251 119797 248684 74574 535259 
349326 74684 445178 668534 996383 747517 207816 101355 991259 576400 271100 462347 905420 799269 269755 638677 752602 595785 426865 566762 
239941 561827 940912 807727 170289 136382 840170 463816 855422 335524 846988 288427 597177 270266 787732 818254 870978 451468 268034 181842 
805488 88898 71154 644144 823747 693655 665559 184113 389101 886256 168441 145901 430239 905366 197920 870278 842551 360120 598612 212499 
280578 327373 335890 736647 72912 659951 723164 829358 333939 738610 482920 157028 189746 489460 671160 148905 214387 511439 752365 546892 
225652 812493 528775 386795 283113 843155 770518 904014 800586 899871 613721 579757 134345 25562 371898 781150 961949 123449 361681 953528 
953965 411258 726687 886349 406646 542248 357792 383293 748816 669449 116912 932591 339187 752585 919118 257574 873637 918632 70305 57201 
674825 777252 857008 544922 954736 872296 71774 271202 314018 613543 994751 849304 353110 397687 545175 705718 619423 200202 959161 754334 
623748 296122 840203 977402 596037 722028 319075 863630 119644 9361 664551 73567 618328 396445 697232 746836 408789 406726 11131 275160 
36701 180836 722730 769343 271930 697718 511921 269221 511942 188794 790621 81780 476976 3928 401424 655543 876923 304299 326240 538642 
505427 918414 491554 211858 326835 150770 249272 247927 754847 613476 766968 697422 295587 937796 313127 200793 860708 787304 865515 42310 
697428 300206 937108 998504 941516 3512 390311 219916 675692 381894 431289 318652 606061 848230 860835 571567 796513 947792 231916 854230 
233045 151050 529584 35409 739169 546879 400940 342056 445817 241179 6508 107318 636572 288873 782645 851222 68450 415201 904560 383445 
922651 187951 839205 546512 72725 444269 367047 908353 280973 858788 467341 586221 366869 30038 733435 557361 51816 738047 692367 546886 
214099 133864 768205 827524 217653 522371 39583 900496 573565 216542 690454 104566 895956 36814 311467 18863 249600 160545 308774 817278 
276678 197205 657479 7096 913411 141971 928840 798801 519369 99286 612787 603120 866455 729062 74805 716980 203304 674216 585757 951955 
133312 894683 707116 89617 554273 931814 97149 909488 10071 951641 655753 794466 789699 557812 182832 286460 301228 671551 765429 430354 
418954 676641 505912 628721 146588 81787 156960 303965 8015 967609 527750 851668 842319 601649 220026 805718 99114 947201 124503 62023 
346530 703368 938886 947444 498479 967112 244244 347316 30423 941770 484388 629414 827654 163749 972837 344334 814705 392569 536672 422633 
229027 652098 114753 683537 738121 215397 533503 283776 503573 947806 529108 769662 928234 942788 217618 984689 166977 664410 591371 412723 
245368 566374 276944 345099 710680 908902 834112 699255 518900 339643 33446 462451 853973 451137 262643 602572 964638 2742 803221 868575 
55221 845288 985102 25479 52397 968176 361322 975910 897586 740927 944947 206857 796245 462947 590333 524479 239007 877460 457817 152919 
712486 227661 748056 983090 979678 575155 601910 584661 627981 577060 975465 850791 613808 41108 300538 380980 296134 432955 202878 923343 
864953 24752 291714 895012 239159 620276 880290 165581 211827 521515 402030 4921 119874 457634 761369 851357 419737 904040 942908 669253 
855303 111741 263271 832608 373318 579297 489503 138080 442316 850451 354409 575632 339904 251965 60057 358419 52888 970621 400391 186252 
869436 634902 517274 240727 439668 681830 346241 342984 89582 231829 550894 663568 68120 716297 210892 462984 322950 236291 63563 198412 
818482 821047 428331 248483 558960 322482 139593 626816 1250 665115 400210 292387 559148 293505 471870 988750 898906 629501 473132 241482 
200669 308540 155205 850588 565652 371010 569302 984184 527880 144775 876148 668639 471197 108846 383425 859651 146680 56918 310212 791825 
591642 188208 312087 334761 761249 606003 69937 549135 910097 32542 810108 346529 56523 121518 321621 491438 212464 78117 887347 809552 
661551 697517 857286 442018 398671 805869 571533 229119 53803 180330 82369 990640 317082 734389 818867 201941 737303 869083 67771 720652 
930884 433393 347543 86410 505972 874239 373292 257142 912494 828419 218895 382086 756633 155829 792450 103325 495584 800734 267661 502855 
202180 93222 368119 365583 78928 161253 499676 899448 666540 289776 348075 351389 717464 683865 547490 372630 397463 56514 232710 831882 
67438 879934 30059 677842 100183 419157 613073 614120 664956 527592 252895 829057 724961 245367 656104 574875 870944 219661 449916 331581 
571653 448865 541185 734489 362496 548854 247725 448262 997911 156651 986924 995594 889973 342380 311280 978822 95251 314819 92548 727743 
573200 125020 190727 562199 329750 531635 54819 134076 357308 459083 232241 365239 84304 568956 332848 682080 644453 765996 111690 134499 
423071 320290 482359 496239 523160 553820 137442 279444 738483 96422 586438 688579 737754 382853 531656 416794 23957 226164 845312 110770 
48323 633637 614858 955338 387548 39139 346985 96583 247863 674063 956422 831834 64152 747989 533663 969929 68466 416735 616847 884999 
659113 484987 858927 591221 981329 174367 396083 424821 910029 145254 15117 466891 252881 354209 770055 112629 153934 126923 868298 978092 
914606 629844 483771 12976 77052 86761 579101 34281 834325 718677 683214 502884 954020 793862 266512 944810 457229 845239 380190 963745 
979197 289856 34517 875094 172056 830071 148917 991361 965388 906529 419679 804959 392519 221611 44771 2755 399911 46574 116697 504999 
513920 204762 87963 809150 275007 964425 236835 867468 133822 378095 162623 813677 528140 295693 70349 840959 382320 770005 396107 586725 
982100 758764 12559 189020 982301 41118 607343 891229 884402 366747 493534 752418 875078 758387 750703 874053 240278 546302 946934 629930 
212850 604961 947210 276476 420540 405570 280152 968732 317725 99935 363957 24706 427764 220727 481993 731334 230499 815351 786324 230893 
535998 635330 806492 422448 142563 725857 61919 559002 701596 272776 332999 470949 352463 403774 307760 366514 762588 830153 364884 597553 
137685 564254 632811 509736 14444 416425 927079 507764 843775 250833 38670 721237 477832 800745 970673 81363 129373 263727 249729 154166 
703020 400805 381079 640316 576823 355627 657853 411687 289111 958105 557230 595595 986610 538009 562094 441271 213205 496441 67992 167968 
613962 547073 47921 44896 306236 469713 104912 139950 49353 79259 200067 834753 146387 326977 204863 731699 927181 436527 303536 582211 
339047 900364 724494 931923 734823 859697 719813 975295 319713 805033 855422 430681 516861 689050 254598 555621 879055 745248 431659 118507 
750963 322846 999063 806517 633333 633817 132281 595112 106477 172051 742072 786343 486215 935043 335083 95294 588048 628488 75987 726788 
616887 890635 806108 693313 166048 711049 215077 296443 873186 147914 44569 779997 51705 342750 775196 594158 823195 273977 31794 938870 
925430 27399 139401 101686 487597 474748 610979 6981 213924 436571 574134 442450 40755 24215 159935 226780 822615 230582 57166 975499 
796676 286493 202380 413468 869441 619559 683092 92965 695508 579055 218744 261181 63221 141815 137318 301938 169225 713200 661147 356125 
882517 43686 936454 743741 443480 425536 952707 612800 775784 399055 328896 487370 948286 321016 767611 887971 180708 978267 373543 990232 
490245 1861 912442 600693 691786 220074 489696 239564 582676 619666 856907 936638 47786 777746 101891 393305 482755 495359 123628 523106 
618785 768631 806658 147478 48001 43520 403018 348527 862352 21030 13049 271135 713758 866480 820540 870434 323873 679296 221621 509450 
496374 556286 864774 290028 872490 152701 152634 15377 361514 504134 859775 675346 726154 366417 739014 715934 803469 231266 763976 723070 
608906 460171 605890 845636 982026 117505 288700 520478 328117 231301 918582 866218 327133 214110 92672 410133 27462 294220 523744 563274 
420568 914985 222583 90636 640003 779253 871350 831177 971374 419732 536097 354112 267533 643727 838735 104752 608981 30900 178803 635264 
292904 215945 448827 90234 360027 285577 377456 196182 520233 991006 412380 839853 119620 242133 636414 735858 140716 396986 549946 927099 
717709 426550 13289 461057 556723 758229 37023 462002 83240 591125 325514 579943 873923 714463 766051 717131 825960 853893 872522 142885 
970189 639341 295422 228367 228830 486479 782121 209555 435974 673962 459519 268450 269017 595131 849596 262868 64815 599840 869041 395238 
77748 827707 556843 697484 109556 432594 183993 492583 759229 891556 786529 938276 886650 216803 603151 28280 712633 380510 123864 244378 
497553 404459 211643 669895 58038 867753 586115 751573 854141 818807 522700 226295 917658 99832 154913 976780 935935 253829 763667 349678 
466967 716723 680623 559309 696264 800270 100141 950888 534323 920622 457758 71425 326029 815892 881010 939917 551470 422087 223366 157784 
38572 486534 79675 954555 177766 340695 938797 820533 856190 738818 91435 149692 686426 900813 520372 61354 1887 426187 370198 375892 
996141 37810 359970 443235 247741 12917 642549 705333 392542 711694 587206 740115 559437 430369 179849 139140 299822 382487 657702 597405 
548919 893742 936571 432266 176280 357152 512851 188356 866876 78942 810574 21756 949317 382946 281783 317936 410996 799247 639378 382322 
64311 937344 934378 721231 939900 611519 369339 279457 439138 327333 862030 746564 853165 911126 817342 773941 695802 66970 700629 17335 
662607 323151 868650 346550 367396 755756 728599 840216 217939 887796 197845 73311 729452 983526 16270 735738 511517 32391 433240 642738 
960398 559767 700567 686134 24362 183630 311873 277283 111896 193391 101258 100225 234671 385390 540451 90676 498138 192092 53603 345946 
383094 939154 795651 791735 66249 603571 564779 6907 998868 10506 620073 543799 814280 113718 215287 14282 569343 1660 150629 248645 
350498 710431 275502 356759 929092 237399 479323 731079 524695 596363 244590 54371 818340 337653 931773 266885 496859 525725 969097 520066 
759731 623046 372867 260203 519440 518088 625994 272477 581734 387678 957350 164108 482842 725583 726250 676671 187437 819088 779422 638317 
847773 168667 670855 479510 388623 158535 709623 326579 385031 690070 577313 193271 44391 180286 789112 883685 662781 304613 956277 465458 
117503 600978 452248 505961 97934 263158 228696 151168 461083 173053 991233 855514 263776 214330 791074 882877 536105 299876 913311 570620 
828658 720819 364841 26719 501548 930565 515396 23387 641836 161358 686096 708558 811127 31748 276689 381695 965267 318742 933597 900970 
516936 535525 673134 540781 292545 456337 102676 104929 464524 547708 316671 150635 11617 290689 300318 657447 922256 650587 788937 370753 
943078 177084 343362 49972 944609 320425 978669 629179 190370 319952 819785 988138 914194 130123 75304 220730 381334 679972 433540 274056 
562189 582328 99906 531174 847056 360646 498324 873379 830202 544738 517226 234927 697038 635538 924329 717143 962861 45390 208288 145077 
155281 428795 959801 338741 209284 666455 341973 358420 59743 730105 704578 685393 466309 507120 593720 793033 431559 323014 174418 539569 
152810 32227 943248 571161 270566 460423 108976 113829 142130 139547 824405 777829 504415 107774 951809 632142 794939 71030 803751 850124 
448571 585329 359334 597841 975549 289255 795516 5239 743913 482339 853083 680789 748659 956097 577567 395762 999800 448761 306950 204168 
927480 358129 458975 223445 930728 653344 477615 189994 696111 798834 815060 79932 225075 297681 396116 635830 928233 978666 491665 934875 
453142 696426 357579 403317 792413 875890 452424 133842 62199 684523 626244 17739 402526 139406 399329 408381 612714 399813 526678 716720 
841869 799105 985228 85543 780693 105363 354444 794995 994568 130993 381740 582042 783499 65244 228670 885958 614958 230348 249795 141088 
569838 638130 186137 806632 716612 252673 158871 821739 867502 277517 462678 6683 308892 629041 150315 485902 720866 173405 962655 547970 
572231 211567 471933 133396 998133 963160 633212 146972 667789 43586 64428 699667 157044 876976 665716 506692 161574 749636 523229 914610 
48961 585971 825530 386883 676496 912046 804529 704114 76461 520326 70477 806777 894519 945777 582962 215874 984383 442509 17047 364427 
694434 305040 645959 659030 806762 546442 315129 844916 185503 369509 179300 76243 518911 243118 721361 9599 440647 367867 923574 852279 
866753 30849 59007 270216 680026 538374 556197 627539 420657 372467 597528 759362 698938 241961 253880 918043 204972 544387 24930 51309 
361778 963110 186203 655769 684177 919771 56740 624231 829558 394252 229483 91489 976230 264101 231898 398903 186905 360328 484118 757654 
719290 687006 489309 789415 922975 772988 126769 663930 548176 612528 166387 767836 901175 887998 925460 67036 232154 245961 905654 838479 
571964 801127 844093 435338 520899 865046 516092 879814 8445 781136 467262 23963 649107 392984 840559 419808 698831 860116 701626 915857 
153646 761729 139929 663216 764841 16348 627593 995952 235417 633045 271594 319610 683248 715411 290676 594867 824902 368073 951604 329207 
177141 906453 840847 642935 234015 702442 807210 110153 290671 418328 670707 486625 971588 11319 648484 587111 89491 595263 77341 907743 
235490 742649 423787 604753 981384 784693 829667 5799 459808 643973 727785 748822 782319 484460 79223 210659 576043 55053 257880 912496 
381985 248887 978201 245940 297283 143207 753159 519723 384897 622572 434087 352435 636302 191748 795309 641899 933762 229405 910605 809796 
352244 895130 809684 812104 267356 669911 428853 556839 234205 455499 349525 311654 4560 929284 16869 874177 370663 553030 144394 337673 
104194 422233 44916 903431 826638 338939 576658 829681 353258 848968 444006 31493 236011 493056 473490 939891 926435 53032 869641 53062 
581365 316222 332078 40058 209236 974068 444912 897491 185291 406228 225736 914067 708898 769282 332907 121107 737284 534430 24728 397505 
448208 398304 394591 472751 410784 212768 901112 62167 58656 989842 354606 899426 552192 626997 174469 499773 588369 314438 768353 181505 
915945 362836 931198 923611 789165 164980 762833 106553 31432 942519 324896 579322 753478 755714 932861 969643 870392 944313 655013 913233 
631931 653778 921271 656848 616723 600573 132933 411422 891411 917601 420399 762741 702747 114335 900108 204377 28862 751946 89590 396745 
157365 2322 641874 531764 143919 148271 713181 981349 147642 158984 631353 585992 25156 461540 332243 210758 41162 595716 570698 28679 
365317 211295 93085 67991 963411 95990 422339 299747 604903 302335 460318 553823 864707 121741 614783 804226 742862 902520 14789 722254 
394681 614902 853995 904773 154851 168405 947500 164279 344014 774230 867094 485628 449251 642225 167622 37552 501883 945492 219172 25568 
37138 705211 408405 856261 52809 489170 189347 443683 266321 502782 993946 905446 615072 170138 56918 424591 179567 52876 379567 376022 
395781 346308 73632 964011 961152 428869 99647 326898 945934 147258 687069 837482 550516 530387 233284 54586 272323 309076 322757 605873 
289129 761756 713629 463741 319736 549221 246384 786403 192801 517086 617704 490068 920136 593405 870201 105946 645766 406733 731878 519314 
833017 94545 779710 797341 257644 781761 193019 253850 729913 716334 389521 637053 140169 637886 191828 946349 599352 313457 312165 796513 
441029 317901 385259 229932 754160 478091 298895 426842 236153 632873 402064 528110 11317 938876 793862 886068 885968 750692 646653 533604 
410069 610437 316129 793534 907239 360370 802282 796134 84949 360778 37174 368127 345058 597390 952590 827571 869509 677666 278810 60351 
322163 358163 549095 261955 595023 506662 705448 306034 219621 243378 799708 999587 4492 489969 644486 918138 656033 253301 906100 667400 
98419 112700 837857 822088 458507 54761 15033 974210 199658 949767 611710 369899 784063 122232 500034 333204 647107 498530 736341 506620 
341938 164328 640459 357837 774901 195258 463418 224709 636814 790557 235135 968963 98500 228286 914368 285397 796690 651698 159018 357215 
494281 42776 739792 775408 281947 926304 228662 281910 545077 257873 999752 108006 854433 895483 2790 668418 822726 986724 939956 848438 
8336 501421 970091 67745 638819 207019 671081 976931 754736 380079 161598 387282 437508 711643 661079 822511 859219 867224 439484 981961 
243192 35474 941733 470769 627715 883355 396390 406635 72455 658130 247427 395708 144925 265513 657772 898573 493138 171504 615271 289165 
276671 824916 710310 642614 622912 893538 290081 381093 273012 673213 948750 13727 95461 137870 645070 109994 939992 395217 753917 92112 
48740 453094 780969 869370 819161 439174 766373 50171 388954 228130 824831 978302 552588 186538 151989 499558 270340 184779 470935 143845 
446253 464790 313012 13478 641034 187002 691091 455689 333533 207765 379693 776111 542845 877556 582325 103235 801816 884443 696083 187976 
762418 331033 247051 935236 814971 948946 543704 773382 173615 886410 960429 727346 132786 946071 111412 510252 104370 511056 603704 868787 
779514 986470 798425 95776 576968 228019 332763 575665 620306 551593 143864 222319 832024 109006 844146 414468 444772 436599 481506 588853 
316469 44047 626401 409751 53229 83281 194956 835052 345226 582491 6745 643160 178547 104603 438002 324711 994153 736418 732250 948586 
502066 150300 247906 905593 744988 198718 635514 721994 54967 531769 945476 640879 240543 431368 309475 649220 44427 302732 301584 419207 
5693 368178 425625 172050 612781 742928 594764 1000000 83308 137656 992189 10127 742171 54021 945206 600439 412022 311146 486956 388123 
606745 567257 4580 25388 521301 115462 958886 477650 499858 672214 341478 229100 264402 872213 485093 118064 443208 502757 921561 528794 
883883 292460 747453 504618 710733 920893 463747 696711 961409 504942 561918 171243 345386 307412 403121 369930 189176 565551 178685 451420 
877385 483850 790950 870492 624207 902843 856396 410374 665406 557190 607391 977320 261747 94312 547067 130003 188264 379960 399526 219965 
988448 654199 263986 654119 420973 790760 926532 726012 792024 465708 207494 407778 709685 197345 268084 781144 597809 457347 969002 592309 
476776 759835 258126 452627 882378 395648 579632 956154 616584 246076 253766 728275 558308 513 707173 552904 925631 59684 934327 243894 
533977 710937 619302 230578 741149 74018 952191 907607 871535 141018 730549 730673 685390 260216 599078 793991 368890 688180 486743 775998 
172612 572094 363839 971396 495252 686255 28714 806297 308690 513402 904255 69681 896381 406794 655178 735136 439981 563162 26734 561549 
836634 230017 706202 191989 157839 593364 683397 601369 752467 135240 394041 713202 900756 643995 817391 940270 918952 911759 110406 151317 
384927 576925 681104 966060 795207 349508 299756 548950 671454 356956 21113 347904 883753 276052 221801 158419 967111 596301 899889 822796 
970468 954427 132132 112363 791407 76203 144642 745084 649430 513230 298818 40524 852889 751206 905611 341663 122713 382900 804632 153954 
956881 462631 692489 415466 571715 288199 239667 531054 339197 655286 367992 575400 488621 795760 488338 64435 538969 519745 327398 738081 
791463 871849 995856 72135 436069 519358 979785 317221 753134 565717 118465 695866 445996 928657 354420 823072 696398 10990 672873 982050 
593200 477429 284996 228335 773487 366176 195948 619203 617559 99479 514446 593895 732228 310984 21442 96418 541410 903497 448924 555668 
847738 567825 25995 811636 685372 334963 174882 218664 882069 975830 392021 974820 246322 407598 65622 953315 690698 200203 898111 115427 
509628 793582 115735 369193 414259 764181 320638 718108 277605 399645 553647 943178 208512 570167 783814 587548 202127 948075 548560 851847 
34986 980998 357924 181503 782470 880739 546881 488005 288739 905626 324614 773197 601023 759127 969694 375709 267860 589892 331210 838027 
452616 933430 918403 639540 715179 105740 397889 719779 243235 779121 266961 20259 962741 996120 525599 129062 317064 877381 881627 197881 
281938 65755 891649 322087 119245 751546 526813 810923 833778 415541 18773 137235 709832 696748 846395 419854 49146 591821 316212 645348 
982253 664817 458437 990264 671514 94729 783979 931190 626474 276517 911211 140295 79598 982794 925845 829549 22356 506669 786103 112141 
767360 804601 344683 980638 975510 706549 357233 111319 772110 791100 387695 819575 639269 891309 30874 942055 798723 754392 8936 207110 
486555 559747 245138 47708 60715 904120 331778 468906 176883 138218 935187 673409 491009 836897 644841 369406 726643 939825 249916 830393 
174080 674516 716410 318455 742739 787911 11919 6457 333765 106115 737963 92851 518872 759769 423027 732552 670140 893844 450200 806292 
518208 369260 828763 17239 643768 678855 709499 349183 226359 949705 125914 12297 368106 985262 887197 41552 322440 15867 541488 480871 
818105 620151 573982 701504 864650 935365 505934 952516 14644 273343 657147 193928 162669 253092 38449 693996 659077 455283 296749 182705 
926465 823901 301753 122618 711617 674113 195556 851320 994961 625464 248358 875673 576797 169182 164481 713051 866339 806006 877331 122776 
715197 787795 276710 670458 404749 900470 408468 766512 774195 11771 516739 797698 371970 928031 45332 641406 416167 502843 653883 394739 
5484 339821 848428 758123 372229 626715 289951 85288 554329 494419 758353 788522 124860 913951 970223 656910 97425 68726 446603 834533 
702906 286859 347346 560420 802657 88405 480316 565313 567667 516901 85784 456382 762008 204202 935038 946622 964484 607555 257700 606764 
294441 478933 34407 441645 841393 510521 449373 121317 629438 276400 824545 601395 780288 914732 480275 354581 447409 834251 564679 534925 
148788 115595 535644 322766 522004 195449 216001 637677 691428 129267 750219 180974 720968 492067 584762 638188 784655 503585 606425 92725 
945822 668360 379447 825539 68514 288209 844543 732420 228852 155860 136956 365551 773349 171129 459027 601497 184189 968704 484413 894712 
940318 662199 606047 920625 142219 239370 365656 717090 586667 907927 491782 432625 28932 171511 106231 36961 586049 853451 364809 360651 
107641 261274 235746 370416 971395 77057 661647 261939 49150 559110 792563 30941 587 416749 634861 948631 866582 389166 310040 847144 
548143 713005 34675 256618 185431 812356 828014 734520 299970 66956 600642 55035 492971 954985 686105 290800 770842 671927 911451 973629 
116743 995884 910883 442748 299187 357838 595459 627185 94234 918744 822570 16007 802344 289727 174617 813734 783150 531025 274294 373097 
888329 111947 217525 747267 682677 897619 870909 438899 347876 696599 513067 964790 449851 298214 965463 709871 643712 311635 29049 825603 
110932 232545 934624 877326 251692 102883 563274 237862 370778 401585 134119 669545 462400 58175 737782 236960 513801 587249 761657 317489 
863742 504325 346614 146070 195350 770770 212833 517736 696545 775820 850427 186066 403933 306889 584151 750869 818551 580000 225727 661454 
920700 810694 949716 828184 116040 145785 51200 864880 626913 88312 144115 636151 799065 73782 534244 752356 3240 553677 45221 57008 
296770 796043 693738 612422 61661 590065 902805 467195 646045 425530 888219 63058 327579 183498 755419 636018 685231 781811 741213 210394 
149407 443714 340586 666809 424638 971341 985693 323043 655299 848155 403025 975540 114346 665921 623414 279436 682814 837874 625302 664919 
133712 465705 343848 531178 963838 646829 433086 566188 814139 264703 184378 341224 753364 205015 171804 887938 131542 109619 872300 183699 
876217 787529 194543 738140 25044 822422 171414 787719 610223 728768 796788 423060 447146 445240 505201 322431 281053 204512 860774 465001 
353276 248501 793822 349388 598974 1787 184809 155079 19787 509861 481926 57430 587847 794044 626186 715202 574918 963867 712506 63963 
341536 32759 977228 61762 426080 813787 62687 558050 718367 460224 422893 342119 110418 20449 363842 422826 597697 228678 582843 249974 
157285 958893 156667 456619 22498 981273 471455 636167 549524 348048 877505 420036 341405 886595 57120 567880 214103 976218 863992 188322 
653876 825117 948218 242664 88405 384365 509424 489373 698637 516614 326952 595967 41874 706151 577126 875350 394492 662573 562965 682562 
460903 220379 464771 368354 228355 123639 602584 497437 345956 488683 685993 105206 971259 855221 642926 933184 339289 164668 230877 918208 
797112 765600 419465 756515 903000 259327 655942 199854 929415 461349 124029 72177 726051 664192 252069 501670 229898 847188 55122 645409 
91033 270039 784635 304323 832783 233676 896485 284785 971839 589792 367425 504802 981053 227479 213433 970768 692117 484259 335108 323330 
316239 761906 552207 81194 938273 863891 712848 576060 9039 459073 680495 814688 920460 988100 623884 475978 953483 94139 534010 465750 
742353 147595 111938 203747 735705 460294 530160 622606 313287 894548 381490 692806 301101 484383 452862 76591 759961 805987 249213 101879 
326814 969085 227843 714271 478468 808988 72462 209590 104427 177408 623267 770780 509995 629902 440286 464279 269643 282408 42326 174830 
25542 504125 693601 775725 17881 471970 403171 879742 14498 335633 340076 27494 655183 142458 893186 689492 684862 435624 487342 766588 
693585 224846 292435 214384 47953 372709 980329 749487 495689 863183 255807 460124 521644 41890 792445 946113 188587 195939 806451 139285 
56305 711904 503312 409200 983405 546640 518008 772516 968496 216222 516459 831633 594528 861445 149801 452719 266264 379643 91757 869677 
812341 44046 937307 838373 790460 810776 83887 770421 485049 927256 153517 637912 33815 125597 797844 943730 634683 693188 436111 385485 
475636 89074 577967 708925 304583 771439 767981 83118 74106 789715 257188 816893 170110 626564 203041 587076 891995 377937 146994 100966 
448401 131216 977593 458441 650656 148290 270779 732901 355406 683182 929800 27328 911567 685189 841149 39883 802987 527221 170406 695496 
477916 201177 334986 498606 632813 471279 603086 116126 626907 717194 5977 887927 413250 351416 984821 505278 216717 421427 713930 807606 
810103 157884 208053 792315 328495 885659 444226 449963 710288 209640 783265 438122 471159 272635 616611 15862 642954 226257 273758 642405 
215156 168093 144467 729163 256316 453124 878844 555791 263337 834874 558467 520660 939443 713091 227106 679066 362908 486285 776842 939799 
781329 365217 724956 456737 538582 676687 680825 812563 814019 652225 336359 450814 805428 551535 526077 142990 644632 858343 692485 520705 
287471 990171 992928 236226 303027 892987 690420 716127 184014 734918 474071 603890 105348 298518 129391 512600 576342 637011 108409 578303 
937622 559820 341366 60574 391397 812298 950350 562200 282096 732206 734046 303259 813171 699814 893141 40879 57171 582594 608823 459675 
360131 68575 115407 683318 737060 910438 493119 812103 603383 120307 121125 306120 993311 857723 897356 801801 593576 611411 115418 728042 
218866 703121 775886 387105 339487 24328 204000 321682 503859 64669 903653 302307 648872 912200 182779 372603 85658 672002 836492 51705 
164866 86411 747848 316607 440950 294063 270248 448112 874280 193660 717286 201222 575307 865721 649927 875079 861080 10653 766705 745605 
704132 884127 633907 641386 608350 877455 89062 502225 767991 402593 522253 420535 543589 328534 214409 239712 154635 946587 510017 843730 
165155 955633 391585 847506 868295 854427 60791 235872 217034 973483 298013 858012 600685 614258 257834 657962 591878 11439 421979 271938 
227848 296478 722370 895739 963224 601353 629644 636336 307957 371099 991286 186605 486600 689503 709403 355978 837890 985361 162950 325650 
511068 688928 531898 348110 78113 557602 808154 695977 942927 702174 419396 432552 978717 943440 307597 367491 877506 230964 256152 979090 
894114 127842 401408 961393 368988 753657 770698 704401 568827 806299 187389 771799 202261 818499 691594 640238 866066 579875 494839 47822 
551401 90683 478132 486615 715329 655855 267358 638951 927617 649679 904679 204013 952710 346234 750835 1960 596566 577483 366941 71660 
66361 514356 369672 431694 376450 772733 442305 997686 731053 803369 279468 29150 467090 629578 847653 390271 992599 188528 273571 345504 
848046 239717 859923 177123 559108 670072 422321 517649 223714 871365 568482 107850 923088 528365 548831 115249 578030 951676 142683 475500 
771002 960492 914837 473239 94664 918764 219463 146244 935850 838802 786428 11678 674683 709810 98385 836414 789200 395498 216603 258178 
355390 434168 915014 248406 215663 454191 183747 204597 354178 520463 969418 552032 520497 519744 606248 130250 251941 985574 473650 26235 
634978 81550 153454 7670 156781 913589 852253 163507 749869 41046 79692 124398 676129 698915 570546 462729 635906 858312 221219 157822 
805576 342610 764302 333632 150791 681998 49342 104524 377087 889920 998048 914100 857563 571801 411402 662542 728970 700848 316778 515519 
213897 168306 818236 28695 988259 822781 166764 128225 995430 173572 92686 674785 147288 174905 710692 823433 2976 531749 576370 538822 
776681 90398 719616 689772 582472 533817 26507 584343 498416 242739 243728 441252 745977 844658 207735 700182 368104 620391 52013 85753 
544678 662859 573563 800332 62885 547527 52332 877232 704142 190237 762300 9546 43034 706834 618040 234339 380303 18520 431673 495914 
95433 832088 689536 575052 113024 967546 137200 766364 387430 471297 310683 212783 208897 384753 113891 43944 790538 267470 779183 274970 
84706 355323 769860 146017 756031 124438 951947 144677 389522 247234 243978 730217 424972 134820 717973 610857 358273 605244 846591 321208 
809223 753629 840420 572584 128916 537044 348446 930484 775274 958339 67821 194513 808731 85000 448454 504673 7296 928327 161034 211712 
910084 518656 782332 113332 657448 616299 284997 724122 897756 530995 380683 239596 825624 679418 861957 317230 62773 592047 45278 493698 
966696 684111 368427 73023 670544 589965 641293 829185 737992 888626 810365 71576 606305 284174 390269 297641 185730 826610 985237 900499 
834284 869500 991128 299111 20670 857338 244365 952330 262092 526617 503939 725241 755830 143520 656615 856071 164368 553437 388129 345560 
538883 360522 8786 973306 196733 378580 871262 661635 146946 417576 58520 573326 992490 779494 772981 523238 886509 358766 446129 519630 
959251 696439 523928 115858 745249 470039 137126 570816 66232 290797 676418 208540 901493 973825 859672 134695 569517 941299 311750 891077 
766689 291358 6111 133248 727122 59876 925872 795606 38399 761441 333621 433927 445916 883041 962126 628034 28363 467537 429470 196784 
118923 932677 416951 534948 331905 878616 51516 88236 881930 477380 699224 851427 752538 641168 772722 414824 903268 28823 820886 752336 
797526 918646 192864 282697 849942 451266 798933 612250 207597 484235 909176 776699 990440 363324 273518 248027 287554 91224 61660 103545 
552339 428594 876006 895066 552575 958187 142999 111681 982666 671177 821248 396288 562319 954545 597101 74658 661016 346865 618910 689776 
406275 481284 17916 100390 994960 298541 288889 353213 956758 429094 338777 85761 970257 404207 999671 12564 63457 605761 265663 931346 
108844 808628 905849 466999 871429 584224 271710 902835 15239 471395 734293 929912 338290 90356 654680 919567 724168 489434 456325 709319 
972555 420641 71234 513136 511762 207826 46206 835640 362919 568306 607595 337789 996071 814366 406643 517345 504363 530081 537536 195230 
460318 328964 439135 752153 219002 332652 105110 276143 559864 538416 64429 330726 509912 86813 265357 716645 756143 241017 962846 671711 
613671 458232 214863 478626 39518 561644 547290 407757 605686 82691 23954 427270 187528 514067 883280 151236 612640 130845 219707 784954 
386010 392659 257111 513564 910005 297037 836065 481766 460874 449496 20010 324386 206861 241844 65798 73339 68254 718362 464631 833461 
518314 401945 303512 372130 875716 796205 537464 842462 234388 978195 754419 933049 384782 852455 811623 180084 515550 170404 541663 405093 
662128 410050 683662 944126 831594 797806 229892 265605 479003 986457 716222 430728 400133 598645 70188 424805 135846 163002 672803 718967 
638267 587256 956808 371591 801547 643985 93370 785603 631087 360204 207412 917932 387481 474591 910383 54123 968588 137953 850256 920339 
167235 202819 743365 726285 820163 232184 135099 483759 23884 46781 122832 191076 331387 462346 863235 229556 295459 212534 905790 763382 
196056 110931 819067 475463 936347 945935 501893 783680 113717 336068 489394 384830 177757 165633 294736 824634 487333 398768 474839 54596 
147489 251197 219213 308017 139910 906959 305811 956127 55960 770581 950046 705069 552046 101167 136604 49090 191649 858731 413045 151767 
377436 14108 866532 697281 826850 194556 605635 990267 426755 18310 812194 547074 572437 818685 189150 871760 152000 714363 831376 516652 
231753 233737 839439 492821 477676 938018 611608 113004 819424 357580 781658 772506 577762 303393 884963 597857 982448 706409 159105 989638 
515216 662404 17879 432726 491232 7440 759514 199908 301861 624968 791081 539059 976440 616363 178509 461753 371819 526423 962519 456846 
976119 728214 471165 129194 409147 948907 639816 163608 899535 371388 695736 411670 131624 277004 751380 904314 996989 786366 496705 385023 
354809 987163 953610 899568 998020 174333 424339 202712 463350 282592 616594 940556 139721 210413 527707 134184 660857 823460 229493 728960 
21171 764740 380547 22682 870973 899653 940152 135314 564269 18219 888262 948461 970980 748268 715240 637980 947699 73284 321606 857516 
383643 717876 725538 927881 10649 58692 780411 611131 228321 14064 737561 460407 61099 481823 311602 774544 251042 651625 915634 3460 
955891 783477 561006 610460 32047 366574 679257 182736 48576 200663 681343 90841 173055 570335 530802 742958 377009 683777 596881 129160 
886723 837452 612192 537978 836349 911574 887338 903015 855344 876330 199591 40228 543744 860481 136604 137517 732233 324573 315316 519541 
86728 224215 102689 929363 35279 835618 152915 133504 908840 11443 158205 657008 238580 363624 444487 474946 883601 407195 553078 940862 
116380 732337 467769 451106 983195 248952 559385 392619 113118 896841 560278 241465 192378 162542 578486 702417 528476 791394 411233 95868 
407583 256570 669017 198137 758192 730684 98255 9333 53863 332018 338596 585693 883777 850184 524575 405678 563855 253038 60734 245512 
967125 447255 263865 182272 667244 361225 228003 90608 833225 122719 915227 382697 334230 635975 362956 512967 434628 904069 416409 83338 
783460 689948 832668 18688 947081 883175 564075 300026 472962 889835 757391 880051 302675 373222 429576 826991 26484 78613 175994 424378 
913808 221676 121344 242506 946661 45098 634403 780288 591433 149457 132249 71573 583683 713191 594783 282136 613740 308685 694128 658421 
109925 35025 144524 628783 110899 731310 866117 712021 630649 865689 213931 122587 775767 559994 233546 914246 224002 536262 996227 948401 
439968 133908 637240 967641 402155 973469 75699 603278 576003 681824 469313 117526 969837 222668 420717 359796 156792 724315 53799 242407 
542092 882120 961550 722993 305737 447462 598886 789387 15112 947571 89612 550077 324172 689866 270344 675027 316986 751214 730309 505534 
951400 742389 526295 613208 254373 509027 402543 578217 426994 583537 330 97255 474946 31951 125031 933975 204528 852371 255204 357482 
175094 162466 880295 749190 351807 788906 452343 709324 648604 142773 242826 444983 912531 37198 622699 311380 712835 96774 588349 750626 
245064 992737 76229 927229 14536 78005 479193 278922 999492 413343 602587 341749 858281 277706 297058 71887 276976 842252 467984 374877 
702639 402424 599536 807247 915390 166593 365126 752787 847713 56240 278741 354330 822703 397168 971061 547886 66440 549464 76855 896120 
807630 129405 88229 293849 196600 562451 615135 546769 840090 494871 412006 461578 962384 186265 411381 187350 388010 969681 87485 873189 
938989 201123 37359 187738 363674 862094 527228 722042 150170 791674 174351 104412 95906 250172 886140 403415 464754 718832 707904 969839 
162809 86160 245358 113867 395710 857595 993335 479295 559020 308611 39089 616735 188767 814302 179825 958995 509689 322692 3386 432076 
576473 866638 163159 575114 306351 951506 328651 414812 209918 163026 667992 156903 820590 181249 645889 293365 438778 427055 205824 45554 
442026 681293 250859 46422 431667 387127 113055 304547 221813 445515 450874 251460 652484 245376 423380 830479 894276 607504 687255 328403 
468553 155124 476869 808034 836742 14920 548079 216946 689151 157448 319694 899459 934827 520744 78633 508116 603858 658860 793416 131249 
318733 689664 525327 617751 659556 446367 550262 548334 162895 258985 449441 371034 755528 250170 349533 404547 14461 248483 928716 191236 
915492 14334 844180 757777 896017 253887 398417 300576 277885 100301 836035 881996 254099 952563 770012 863155 393108 80303 66666 716038 
693981 534548 492038 757254 971708 324363 230818 669881 81403 755464 293170 50257 963705 543841 17179 848600 75278 71252 396353 76295 
453142 426746 158819 596552 797279 740857 205561 999902 64487 733469 850270 377156 36437 366863 484460 134553 119642 274601 700199 917460 
658971 972089 292795 634104 480610 703367 587324 454922 441874 95753 365621 906417 295087 701158 273821 693227 646845 823183 732745 585597 
262974 73383 610971 785149 228569 825538 365855 390593 543018 615219 608934 683591 751981 128461 826413 991674 98303 185867 910524 58131 
744000 767355 109924 849104 798860 814097 863414 571675 318955 301144 1221 204346 656436 316378 409461 810032 280650 657382 368446 407311 
291066 392327 931169 836819 937034 854828 937724 900506 471860 387711 82866 180175 38260 707689 658345 513356 317832 390978 128927 105251 
790862 116729 437511 151989 631968 892212 244501 752639 374693 836207 939082 831484 721712 877655 573381 643845 729723 402228 67688 665027 
487015 359765 405876 223610 145786 77886 361990 1374 818333 773121 717349 827103 351047 83586 620392 709702 591673 760238 825252 512364 
388658 655605 288757 135542 322136 596888 158781 726078 880618 902769 49870 107792 496298 671993 13097 688045 930388 727978 784632 533450 
464871 200754 268840 5618 622112 395087 439332 313757 512157 791884 282860 826307 184468 434930 233328 980874 636192 97280 881392 290689 
785460 568896 9526 509238 647866 344124 811625 934222 745238 467802 761295 968343 989910 182962 289199 838655 715391 927599 426983 573077 
408639 75217 546157 247781 825853 509373 487171 356633 565043 768047 919085 188522 811785 515168 237599 662788 216397 339185 267003 602810 
555453 388546 585644 135482 907178 930887 661689 973727 825139 942204 362058 725402 124115 113292 138997 967151 250982 43734 30678 632421 
898684 460857 416831 194654 35954 622083 469079 669280 72729 872433 352460 105944 531191 106822 345172 67111 138135 921985 15082 683488 
512730 415875 49405 389828 347340 786438 683224 591974 673582 617595 282357 397227 2413 601111 558018 185436 230583 132687 948515 697815 
901437 77633 570585 841999 664041 2860 146571 430749 728813 363385 286520 995252 398080 732170 246411 704793 984612 243895 740321 800781 
410116 856836 800602 809268 349526 188055 801997 693067 712897 162789 902794 167333 40062 575025 171509 492543 176516 923808 806275 730433 
102477 163849 249193 93373 463410 424025 427578 432559 52262 851022 262291 754190 276323 1882 142581 496129 642399 697179 28498 932801 
17485 110001 201108 498351 572106 189872 599372 961008 214226 261472 566015 113156 950542 805505 281135 653382 398427 517581 408818 121196 
343019 125195 808603 778839 366658 358525 922004 958759 624872 804749 401848 924781 78122 452684 395574 290042 58317 118080 645591 355582 
465616 685763 237634 584885 822961 134131 286270 195336 909977 284058 410512 945698 436031 286876 186935 903355 298389 961580 972376 852710 
560898 552187 589875 368539 810178 946315 44369 836778 818780 351253 816272 442539 313491 455009 720454 383067 234527 753207 324823 65117 
825826 271840 610507 840394 79561 693660 882317 359512 571236 51193 158748 445373 443176 890255 341797 26927 267719 86155 321125 976249 
208102 989052 346785 974876 207105 610504 421040 824604 778889 202987 33564 595825 80436 222451 41923 391247 298952 303971 77265 117203 
648076 147092 228087 667788 175204 610600 821700 543448 631432 475287 435107 843495 219313 592880 308532 25014 487385 354928 564323 967158 
513757 926490 131070 959004 221122 84110 811805 353758 781248 282550 75657 495632 468740 530702 200416 459556 108563 315211 397541 926853 
665048 194229 510900 462778 843250 131518 720371 130466 8974 280665 173525 749292 213921 110262 309739 634572 496936 124255 960737 601425 
29930 90773 106114 160014 92647 978620 422837 939573 806780 176244 958885 736618 449336 426685 636826 405158 277928 402923 160343 424697 
81307 699687 170763 231992 155932 322201 266419 847684 404581 491056 155830 99832 725944 98268 27577 964363 525219 743739 763596 264461 
762272 795093 49618 396439 882222 936985 948829 340310 895484 447160 423328 945959 672226 547340 366765 151462 328555 272527 266704 475784 
631542 401655 546153 123073 444534 753979 589497 29349 565810 116215 896214 361932 54537 695841 3887 517641 852020 3446 959050 118988 
619791 366918 71491 819827 958713 352973 808503 57722 506015 67567 114249 558714 187298 574039 966438 438103 780306 912906 981981 426715 
728473 562772 509858 38993 180451 533232 97228 270123 380017 72554 862537 539015 68551 401589 602142 958734 223274 110536 405658 760896 
99942 407260 109283 12085 459715 658636 950393 717085 668669 15233 934814 990753 831937 293701 835631 280919 949266 671498 959608 25969 
743796 429746 543113 471452 827732 361967 946318 527594 731708 651110 382620 759614 75555 410879 787381 449072 513694 259439 200993 960803 
833153 79 95745 863021 358764 169529 967471 608351 817585 684012 389979 355189 539023 795504 533944 738294 531425 604801 789700 22424 
949795 752704 151370 172254 472825 438904 693773 551918 953011 702562 741200 285112 465476 978660 786304 988191 245763 587244 726939 726786 
266525 423085 889309 358831 266668 32195 376362 85901 809313 254909 384212 950689 674143 575445 915854 994179 192137 656978 711820 797125 
981066 128498 134539 710715 488745 879831 533370 393604 751424 220742 543639 282401 43044 798599 926406 629435 985445 906506 179175 578104 
523773 50180 930983 468006 27045 2646 416782 511973 738896 477881 91508 39493 423591 588786 443553 754184 371999 613147 889903 501881 
996029 462307 242042 643043 647565 74223 889823 11964 540520 875917 268890 177710 949006 254979 50335 207573 781585 316909 284738 422965 
328862 599175 237161 119996 451839 154534 124683 247748 970417 848225 871757 592850 416856 33141 107371 784087 277962 936685 11543 756147 
380904 610233 145345 602966 336844 376924 204099 116811 330871 872443 223087 693342 367630 307424 923508 603314 467344 153384 976085 483734 
463736 58716 255956 747915 585264 890600 380767 433069 733624 708745 33327 177943 584324 87821 739152 945403 696850 146507 646611 553022 
840064 597958 640598 85707 458350 976738 635218 474544 441711 696405 280792 85787 587696 555971 901051 686203 663847 251426 694138 117081 
855044 825607 348115 418522 204810 155320 485864 877361 353396 609157 714187 740925 806794 127722 380687 993892 359557 90806 865715 924865 
188106 503867 360825 167116 292617 151904 408988 396327 576197 211412 320044 689951 787124 218778 769719 250393 346943 670266 633467 608940 
1311 430636 716881 111406 942960 868284 846319 69842 499165 245190 500357 460718 262962 84582 976617 745298 367405 821993 613601 247846 
422478 339860 598055 561453 27876 108780 434819 368948 79349 460751 674215 9497 197976 821235 377775 559522 528728 268820 606269 369276 
421800 719723 741809 481418 585923 363365 161907 381171 530463 247507 385748 507427 967181 655398 723401 70897 980557 851483 119252 877499 
860733 74643 298045 608814 531550 338420 577615 991399 560042 644892 403500 672644 322376 790903 376682 259278 430049 964800 224728 104986 
449357 859810 457058 73257 33936 331927 537276 910609 304740 141044 94960 88363 979474 754598 303717 825728 930263 7893 191424 145706 
704756 889623 662472 688384 848105 277378 46136 629297 179319 618800 777154 182435 433677 978746 445172 72509 307034 431325 608807 932892 
833558 824251 410249 432722 17070 928949 689315 926007 190906 613571 756216 418662 286989 444001 901737 700052 158648 665526 751508 833314 
967569 494760 864993 587481 898627 44402 13386 174144 914452 725882 506148 755587 770352 828367 482198 222100 682786 812786 637622 507345 
215033 983953 798522 816530 693333 695476 33814 452075 831322 529227 375467 111566 317352 683791 97330 422953 705938 574468 892303 27907 
106599 696883 366566 236504 702377 794335 408029 336801 277280 987756 619215 345318 285709 708918 406917 183122 702612 666916 278756 367262 
500781 121575 456566 918867 32287 581101 188957 364917 827941 991707 121948 729578 422984 82162 673094 45927 76330 807961 694986 213035 
495666 121092 470272 99177 221978 49900 65821 748945 546254 184703 239136 113852 287298 615374 971276 898192 150763 566407 450742 419194 
995001 872184 926566 963301 405116 653355 533217 791798 1557 899111 466091 268850 474941 244935 667402 928108 768149 422020 507088 65638 
309717 202576 939721 209240 741758 315852 319448 939659 623796 592263 30699 795295 252885 443930 406679 283533 642740 968194 10456 962858 
904120 718092 500321 463042 385900 169410 598518 70485 246752 849863 997472 70815 623157 756301 694649 507935 302722 583746 364580 879262 
186856 86895 860279 422234 183883 277831 96841 961755 594317 942222 65297 846088 554669 464005 653554 920498 663023 391998 690428 806449 
96606 399666 219603 314291 833662 699794 310307 913097 814107 920822 119905 550483 316108 679607 852619 292746 65088 240293 95602 36019 
203684 309451 280598 432340 64947 455994 212797 642936 381056 952486 54725 101034 312131 665901 607517 882815 578047 254859 199120 497949 
410829 692539 423223 599021 795519 665629 876123 225370 991884 481779 421964 825807 395976 756 962813 800010 706295 872596 849724 190127 
833305 142378 875916 908000 823879 164671 154353 957021 993956 110629 751188 541378 226342 134432 603775 511763 825487 570354 474916 667683 
724546 406631 82925 881705 837000 455207 498189 825102 814698 705929 178948 866935 441616 733468 189165 147506 299656 369386 532692 274881 
778019 278162 960539 904106 190942 315402 840137 110036 28921 496539 992670 661443 221919 951551 342427 406805 620719 383154 749929 441406 
15342 932903 527184 13184 610285 800856 987160 995782 554357 143753 936037 395169 409176 910227 604245 394287 558653 119229 963940 701995 
974227 838776 821539 972407 656182 160718 230319 486547 615471 714511 773924 456728 223816 268430 856302 69168 379531 45761 223691 223830 
611188 921575 937370 742610 439459 215964 257206 814963 37678 880094 957361 782199 669650 751243 405968 596494 925029 749763 425075 68056 
77542 61796 898777 305940 450531 595023 407318 181623 520701 946934 202690 107710 836310 25219 632803 164360 424905 560195 533857 4216 
294668 476761 178378 931035 18325 782535 783339 416443 119596 893108 557024 637525 421736 252885 793788 361644 289206 505757 708071 161742 
611135 435781 135405 624526 50955 971753 220134 556656 628823 778790 474963 505337 634676 763566 375113 721049 614016 771501 138803 7447 
305562 616532 47906 744213 387156 609566 500173 946960 491634 435570 304658 23392 235856 48518 133378 389325 564809 404272 968588 921554 
608559 48927 199433 799969 250847 305439 103365 5202 982469 413869 289007 704781 919646 579434 630547 368717 640814 984444 963500 666460 
613093 556824 747280 996190 955646 989276 190477 811950 666494 973399 463121 900782 340022 72069 759702 660850 118711 709473 268192 30671 
536033 494032 75386 263802 339584 460804 349930 328944 626785 255843 556344 614027 631532 342180 495913 457835 104144 995479 100373 493935 
938857 36889 747867 130762 707409 69456 956878 48757 298210 125741 947811 848821 759790 343324 608616 985211 778505 872809 479190 600505 
590910 975396 413571 939679 848900 76213 86739 816976 594211 572324 562307 348330 339565 835792 512743 118 714758 594303 722227 377436 
636110 703057 24784 550375 1389 622119 819262 527014 931163 127594 970800 491546 97752 232567 534540 290674 889408 904891 834343 482175 
311832 446825 690515 602023 431992 712753 281950 357610 537734 731240 64490 650956 804425 768024 640305 833741 421772 62641 917404 612860 
496776 313333 694036 585962 171374 271623 56305 658978 704124 62693 975521 236269 727416 746774 911285 323216 482436 669538 86934 424975 
57136 881686 476973 104800 437697 477988 31179 53880 395497 1069 915975 141634 645968 78927 257352 897926 396262 583816 721194 109797 
225695 313296 48835 694683 721296 640541 646926 381803 438134 937345 266572 819660 291984 42466 55469 977985 513796 302425 286041 897729 
855424 767298 311339 801693 848623 206401 732964 937235 448803 756323 544627 48913 299674 984286 95784 364357 485702 518463 654139 625415 
908414 960418 109121 999058 286789 405650 645342 17466 362292 556763 546795 902743 890053 50567 38649 8455 543219 383662 684420 935302 
142834 524334 240416 316470 136956 552756 936282 891786 963187 943063 662387 262411 936435 543079 910812 719739 508869 920628 140503 270868 
952214 563501 764941 281586 497208 977903 856331 288935 831585 147331 46464 947169 565898 73855 747999 306885 154969 504535 941791 350685 
437720 75736 355595 242578 600345 146229 349933 35052 865452 769931 210243 471982 534556 227196 237030 902834 357490 495627 281458 798001 
991862 860325 1999 997566 798610 808105 406382 846871 77713 818532 471147 382455 60760 739852 479652 530646 684499 454527 638625 656458 
123976 660489 821596 523458 519898 495829 948688 385345 524223 624470 125058 932750 288333 10182 625425 609611 744878 405533 696717 691603 
223413 456323 994868 574380 273032 128136 513549 936115 618055 474181 617318 220047 292151 561102 5100 880849 484235 372946 509168 992130 
31650 165058 777775 609571 505575 381327 50760 428241 292472 555943 747899 705304 357760 535062 40777 337470 280584 509828 896858 985568 
688911 372119 866831 784057 969453 119504 591635 237217 245225 270728 128059 661934 153414 28419 970151 821648 244131 347658 632248 459014 
486988 44323 984893 85837 79588 653274 267543 58887 218263 671000 244248 438777 484985 148742 512662 54570 989483 188901 196735 586025 
260488 972126 245265 193179 113395 737201 284750 232650 879588 18128 966984 500357 514137 614651 466840 716604 882073 428897 570610 362406 
388715 630269 331108 300322 2960 383283 615000 894987 721705 501260 574399 700376 828188 713784 571830 386435 218054 86359 127181 201098 
219519 630122 777856 225547 575651 589783 25833 806948 572674 103057 254429 217769 891448 723079 561789 551420 551138 662093 790620 519432 
641475 91234 471395 100673 794495 440263 757136 428574 982305 942127 445520 553572 112660 705284 586567 453939 950356 109185 140710 844329 
327542 820506 652976 487169 902906 631545 215906 591200 189917 667242 615411 483839 499558 83123 829159 691821 26468 309198 72953 190941 
907670 557609 635839 756115 929299 223269 896842 209824 345156 827576 750855 588108 784528 375497 723002 122764 802584 417182 825595 778470 
945252 799387 815595 98990 369420 760756 185356 267837 921439 610269 285425 479796 537186 823318 530927 705443 230710 901164 368964 100598 
354686 481891 63824 492876 602067 994128 125637 183714 413681 758565 440359 620203 702299 302838 780773 415963 751288 513622 683356 204900 
246502 300341 570891 204475 89326 716132 34143 317637 857338 980443 158170 593065 443242 441088 168257 330809 26440 685634 833203 928161 
368428 748221 356614 863908 270913 37498 866177 463308 997932 871203 561522 986588 870728 179518 765178 560868 967818 692896 953788 295684 
925658 176234 640730 294832 336328 4090 983529 82393 727406 688607 858667 277094 577742 196644 845840 781766 192 58970 742293 926040 
973611 735726 56525 848076 359891 524538 727551 487089 614239 533828 111670 848608 983499 504924 478903 849203 409492 463795 649922 313227 
562021 405267 893094 965015 524504 606582 862633 729637 863648 963799 426431 260615 62107 604057 944025 607237 279202 202248 31391 403091 
154820 428554 114525 205907 912523 442532 152989 597928 345278 890831 89855 825511 29735 79930 691187 158604 151609 512773 219844 876267 
706998 680053 707853 866159 911873 562273 416712 997465 580323 319553 728878 116244 243162 770580 698851 837383 210524 712070 425595 520330 
876417 700869 141441 364763 473852 295888 919633 401387 125585 316215 315138 470078 298957 630101 981700 236836 632976 538665 767734 220083 
672987 129080 709078 950847 222474 211170 564874 109894 953758 827831 827123 726095 86856 718276 139563 937118 462497 942350 213740 109713 
480205 949604 768829 282497 492330 415251 816082 421803 289969 816949 273586 584274 361447 723113 953935 439683 100249 300327 8847 929181 
631849 68037 64216 440828 592312 61454 906698 632187 113766 923112 465387 341351 763229 565395 603542 350201 944807 939421 253479 663232 
852443 32992 42026 642315 714755 565127 800778 821292 787995 95729 782871 683890 73024 53780 539152 954777 338320 981122 577850 343948 
224664 443914 845762 694934 49552 717402 599781 871777 374939 827875 200734 607174 305873 691417 513931 122657 820915 630921 798847 802785 
910363 124556 173723 125687 406259 192490 710648 925475 230266 584095 990412 728687 707185 975437 382585 27680 610578 239482 417089 365990 
402558 791151 46957 644665 103590 258214 375736 242910 366081 317638 603735 114452 483176 379954 339599 966272 345815 256002 767231 451206 
111702 424860 436772 815473 628752 934340 139312 831191 386654 918178 501342 206477 560171 185405 86519 109171 156832 685263 60474 753826 
869376 263741 878011 62115 221281 336212 479030 548869 519035 490263 712132 219221 824294 582293 26982 198100 671439 772169 518692 400126 
162953 111531 842711 747533 280356 592205 200683 250347 544955 712570 994384 473489 543676 529513 300905 862986 761129 685071 911291 188970 
245399 69054 779182 952608 338419 497789 919139 67283 161922 330085 802875 445777 476862 102159 638710 869481 473795 946507 574441 479420 
135686 332792 480098 5984 99258 563320 648623 936448 79616 525997 443343 131110 789548 987942 480324 138070 557099 729007 876728 937597 
168901 682421 575074 916386 935400 937591 891190 900677 258780 638653 141839 823973 308626 48478 541748 822948 773069 171362 448805 549552 
203338 77060 791589 427431 861815 47340 7394 774138 957060 879047 357635 110752 263482 515161 527355 608492 492265 20993 341780 58606 
936509 785911 325533 117729 83716 155382 658289 533562 868179 572292 427761 268782 829419 127663 531374 724456 439287 248180 751168 309086 
302441 30655 802305 668314 786094 630460 105491 376948 299374 576905 785458 364631 546020 815749 327612 977160 167565 31815 229873 269314 
616082 106467 317899 521804 399760 909410 384373 831492 85593 715317 493500 572222 139154 867613 969036 879693 162138 653522 280987 843847 
580798 107363 13209 772141 721662 674200 813978 4822 697400 43370 686178 791309 437079 88434 354910 287704 31957 352233 902383 576159 
387511 589298 290394 189946 721309 928730 564927 566186 168320 26367 338594 895382 399676 821099 292522 473468 220744 596708 947653 376624 
597151 240168 854448 687114 955213 991638 350981 107139 542470 461771 556920 470366 502034 785486 836941 679861 989527 563191 873089 880543 
659047 870468 880458 359344 69684 426113 441683 253511 704637 677864 395876 217644 976709 107532 210709 417975 353434 461581 197214 805590 
384966 671871 92190 54229 23800 336422 470062 970658 626734 566291 18500 521056 451020 22175 965610 336789 338005 995637 675014 432051 
714498 218201 575030 632663 328329 190624 478652 375249 216580 655280 852315 752205 690073 996312 34310 693714 887899 620263 912190 135825 
311602 781933 244432 51650 215484 254602 752237 40114 340065 370831 562642 184937 623397 69370 329114 441336 216043 771069 910449 158398 
688389 984102 164411 964056 121293 388631 747145 302072 560101 645804 58870 570627 688033 782317 886612 64808 641934 226718 447046 627494 
143869 981774 158157 57755 723648 876242 647987 466264 675693 406175 831911 447581 758497 82358 610473 164627 537699 892 192516 686469 
502867 41784 50502 368903 18123 718993 729530 85900 404488 581850 642697 672262 597808 110472 597156 470809 91537 546972 267954 225524 
108624 101502 922351 179418 830600 779681 331000 757222 781474 376853 565970 694666 800329 449060 281678 338829 846666 456770 802245 132397 
824676 395145 167350 736 549956 64646 561181 943011 450871 229438 149969 452891 667429 644254 696503 460162 368069 193552 734563 308186 
765931 529391 875996 223250 627492 394972 330094 377819 651848 429520 7219 761316 146673 327765 953222 104605 544415 475453 835815 461562 
632817 967039 455218 890010 348404 615069 549696 608637 9897 970028 785181 539669 219563 453981 631578 996794 164165 203828 428388 184866 
809159 234974 287393 538073 568560 367221 609356 912106 940836 371318 614664 152738 655846 586598 287433 530897 878411 225719 772111 90136 
596072 834455 948781 345186 581155 801048 478918 384421 707042 849627 394561 995180 186124 608483 341723 93388 920264 907080 381140 218480 
188681 586245 567642 413663 987022 59928 113256 687603 552267 319343 401466 421593 55461 289005 711432 581317 923098 12463 990618 721842 
208678 486015 334888 914823 131950 244353 72150 146276 775110 731912 283418 982777 209026 483567 608549 283787 591289 785930 122822 678681 
329175 23675 501857 59236 930025 570730 612418 657288 569101 876180 452849 493392 576043 503138 639919 568299 923892 586423 281564 138149 
933933 546761 137545 341045 900032 41107 489528 780716 240483 335570 376911 706247 34989 489951 959635 238536 285686 778914 573591 773111 
162306 247931 83464 63727 518628 504189 235658 231268 257531 371435 106879 944261 746130 838997 810903 456282 330089 333733 199637 79219 
286020 699861 927774 238177 670969 319983 34060 828024 5780 402670 526049 699949 49701 639549 873416 929197 731922 872990 729186 658716 
406107 247603 885126 210817 488013 425834 60349 711508 294690 747548 317747 37321 98591 816793 287874 673599 618755 452621 811497 16554 
445103 288519 275139 440703 287130 48687 99591 462975 652476 466060 741422 906090 193132 744314 479672 800389 418130 318846 664693 629930 
735783 573042 901354 496537 731486 755998 823141 228513 155551 679 976641 918419 118505 219885 569951 39402 932330 465514 650103 909069 
159370 241905 818747 349471 13466 149071 253267 882599 653105 842173 626651 582465 613470 918021 139264 986978 614579 39220 752426 25008 
630850 6803 70611 423884 728708 357818 463283 833509 271766 663615 773556 464121 262469 941163 539371 810916 330212 408136 154712 179852 
639220 517289 543516 251227 191566 640427 29537 45755 823182 73101 245232 896843 850734 176967 855992 863967 764390 859625 326571 314484 
235291 558778 405329 730865 981639 54630 826009 487004 113253 909343 931503 203214 553718 626481 748314 300098 778783 209724 434766 434311 
223805 22885 959728 647507 417613 349933 119551 863294 159717 435516 90440 197580 700877 985829 963019 548459 277605 261352 325681 621694 
434523 819774 37571 652067 93267 924828 672506 512374 175421 587215 49455 616953 462668 41671 108375 19644 470689 865051 174444 395518 
104838 576263 862056 598337 102315 188133 780114 400004 164131 410930 103102 414190 393121 595695 378184 637278 824183 66681 577904 517313 
761013 955918 653442 823810 644238 289955 614587 224824 184682 662838 52220 655774 842058 341071 72860 985875 348301 922094 377489 454256 
144930 165423 80205 845796 291705 62986 240354 86220 386151 577207 372235 981534 40614 862126 51598 781468 426687 497011 72295 851374 
268853 395279 36003 925224 126507 608310 50406 673700 269879 898610 302893 491746 498428 697431 637078 268111 581711 203868 734730 394542 
762075 907384 972340 194707 617126 806382 980778 384386 802374 966970 828220 47160 357701 711855 396714 940058 974897 167404 789934 471499 
650586 756716 814320 912763 781285 164812 849960 82152 726350 567269 635223 669385 269332 585462 757146 484940 120416 841719 989814 942591 
597756 34309 966708 378398 735829 79027 147654 619613 446663 142884 835473 886325 279762 704609 384338 954044 686316 578417 698176 31822 
968266 722987 627569 850024 424268 73628 749769 149675 966040 628932 515164 331529 501925 775381 173390 247207 168913 151359 254804 810003 
293365 570495 73508 567175 770462 628906 886665 180857 972766 938686 86387 895495 679336 109040 723081 36672 736712 305081 304598 566726 
3265 302065 847531 89955 518918 334356 801656 694121 28653 609579 94206 526234 386154 918765 916326 16995 384694 561226 608554 641293 
541216 789323 581907 160339 981537 532325 788771 195347 361328 151135 25815 839972 832232 361592 143473 146575 240166 314459 767569 519446 
301414 371471 336311 934698 455862 349287 949948 696432 445176 458599 211362 747824 659027 666622 909847 515526 401670 748005 893848 74504 
536643 129311 963527 971389 385787 178605 661354 78092 933961 611986 3022 509943 659857 5951 850359 430952 9323 334008 995515 282344 
226167 860674 905943 332004 351452 977702 96532 29661 118130 956920 650018 89103 970480 549190 354615 991896 817968 761170 173266 508546 
974304 59799 77257 50459 692416 650856 628435 979733 610932 157552 620400 588899 360513 469052 961072 450294 923261 568164 886033 461343 
370715 439699 686748 950862 432356 335582 71834 531410 595759 719005 356770 825107 166031 840487 636153 617283 145572 252305 866446 388885 
897292 298078 560843 792969 236377 298946 993398 202247 151291 805306 39356 586771 846743 218878 989507 599505 697457 301432 512406 414231 
731633 50561 678990 455638 607378 74639 65352 248449 685054 478649 856949 677327 231808 412755 24723 710224 813179 697635 995931 3804 
358062 544554 170345 106 536343 401530 767793 227016 778273 521487 383197 937952 299339 748862 740973 404910 18817 416368 464405 135400 
925655 687071 828855 155761 726623 704599 432356 977499 291985 358031 763922 388880 458475 262023 304397 183288 841094 293435 210445 322353 
194772 155935 730368 972857 839945 846668 173811 213023 41101 338290 15072 139372 736718 633300 191391 362051 240608 969179 790767 414501 
131930 583386 616499 229796 810012 383489 960233 676889 625480 71384 593148 95999 651836 726109 352051 784539 430234 417786 289351 89637 
972032 273524 964417 544658 618620 608052 532733 448035 920408 985497 34442 752054 53678 514880 219398 987286 487736 286468 224376 66791 
872577 636319 57431 281983 23562 540275 771584 945737 980973 468570 751341 396721 822422 668461 903965 272948 581300 858753 13836 416976 
156963 825077 762873 543169 843091 315433 710223 36510 262863 788772 777489 828934 162915 712944 178149 118562 331658 731263 379690 739517 
655096 253467 36823 718934 856915 341500 383919 544053 445716 652434 875052 742196 648321 590629 905064 715618 464624 646100 98857 855462 
331461 505135 787126 566437 740520 281018 867426 562060 490352 732577 395154 559776 212225 522295 428144 58013 636063 338137 271723 515468 
54005 909578 840437 46980 151560 763995 859219 806656 29611 619044 43326 457617 18105 445164 206383 73134 975695 31869 387193 595213 
424082 735428 725525 324197 404227 203071 802971 183555 232616 452028 486001 803086 111902 894126 503855 936977 967630 384702 108609 429781 
562128 965125 703631 223173 826826 465359 850807 299800 710373 228144 402103 411251 81703 763969 321932 771130 606809 134995 912847 584922 
332417 620477 761832 421051 917378 684759 919169 169004 119250 754985 680184 153971 534697 832747 330077 820092 515440 451212 949545 794806 
856445 335652 466859 357234 702566 752687 741844 118804 55002 626103 842743 186789 342305 957193 468745 874615 645720 26268 256242 832924 
92944 230648 838177 334981 66919 225413 705466 405423 698080 609219 501170 872592 237045 515463 636024 72349 901981 797822 533923 106045 
244935 909225 938167 265301 58034 79106 584774 627004 792374 322999 271755 595154 108101 28306 324773 810369 184339 674936 945071 148697 
570763 885062 602678 875237 180574 642950 172696 671857 895971 511151 787572 31881 789737 31528 565120 198479 13506 972963 140301 865439 
319028 338219 572664 21092 631394 249118 760896 734161 497454 857367 826401 478104 509206 671158 869309 96454 118492 93275 864656 142141 
511244 435080 783918 694555 669494 181201 884168 402543 540958 553829 347275 639194 849253 922832 778564 384277 318968 768148 407353 495212 
53360 504520 453111 939708 228088 698320 862519 62188 121420 68150 52004 769914 737544 185706 762198 394010 403948 948766 670944 270112 
740744 236285 414163 726089 654680 807017 515173 822109 742984 674453 762548 870080 751250 953815 465475 294076 999469 417826 186143 201211 
805768 94384 663396 165933 294097 150606 180032 939683 683033 59258 948161 395563 150183 657712 22690 394651 17515 626609 628461 398429 
910499 99403 746903 181501 899447 704059 547301 348655 704400 542506 170429 194455 7002 975966 377273 956108 853570 719527 983490 784992 
664646 192999 264471 730388 579178 737994 157277 552943 334322 109679 29620 370519 665422 22480 277607 821592 18430 495227 154410 187430 
806873 291843 729224 836885 945857 686351 835192 796311 288322 713299 255282 12429 526078 75530 798812 753188 487801 357307 968614 376827 
53777 609742 159008 814038 989969 918892 993608 696815 739590 669421 442808 785017 925561 720369 706860 1934 379140 396730 217870 447634 
582898 142397 529839 449411 992548 665564 416332 209682 845410 216945 478219 379066 400092 747592 962387 61878 678163 427568 215133 687306 
204288 201288 484561 691963 373577 885982 410692 421778 689848 733833 172719 978497 240934 689957 199477 890235 247230 32698 787050 78455 
976034 770199 235800 356193 998121 591974 96192 981930 144251 46545 944323 330025 330075 291112 2380 254107 882765 253946 226629 100884 
481952 727766 78564 637249 19989 868066 955188 236767 613017 346308 209191 819028 744126 345071 314281 252426 850381 269391 355384 452416 
469554 977926 542522 971712 892403 287865 633020 992221 331276 236661 585172 365524 430065 833148 537454 896270 402039 3703 586872 317826 
128746 421623 174443 165071 727555 168483 327521 748234 154314 918615 781766 841590 787677 100321 679707 418638 813847 166522 462002 708697 
684058 961596 698526 472551 25308 145364 264772 110316 970935 197874 540760 308490 313911 787714 53183 816466 81809 680797 493072 986617 
320534 299195 605655 57278 172606 104615 68052 46261 528092 641740 517889 379590 829234 362879 922429 406805 322118 678544 389337 279945 
27930 934441 750392 287561 957012 433251 147250 399593 28693 443713 193038 596120 197505 564775 44758 751668 390049 938245 974616 358643 
282652 524048 35833 114887 981691 717674 307989 696674 793316 168937 300100 162469 290359 865010 330988 269275 3548 135871 765916 447078 
153499 817218 118874 45848 823153 193733 504898 775006 65989 336351 689054 912787 146175 761937 721864 186475 933427 305692 16966 759040 
51007 58146 280526 8789 777111 263819 311574 961030 289949 273382 814999 378039 136266 598028 181409 733790 328389 139751 734420 502959 
357083 965181 462314 970631 673271 99766 575402 182642 570977 441613 227262 247753 975464 216932 172980 469115 172493 269688 544063 741982 
675830 459109 558802 153290 953663 526047 894907 540466 270420 142927 232487 503864 545253 804715 232959 299481 851943 466829 272384 562852 
965893 291817 889611 531113 209331 197767 409240 733778 135728 538164 980663 957616 467416 572799 123529 676631 568448 667740 475479 499625 
243876 307096 498471 187932 208411 943770 300801 30040 883283 143758 326353 818501 104864 570310 346635 597718 590483 79392 885782 947725 
199516 272276 690304 525128 564787 173813 866820 994015 286968 807088 221078 764400 723173 760135 342970 108338 679505 608819 125057 741267 
222909 775222 513871 495160 139426 215611 192140 518578 40572 554413 364884 724213 2875 681397 803368 555882 181929 309573 546405 448903 
249342 136977 830575 234698 716939 828832 963780 803203 161890 236601 602340 925722 512097 764851 970822 384278 262074 836309 131429 428959 
104631 684605 144359 592139 868851 172725 978600 45983 706468 246666 706830 383494 177602 134610 103358 147176 671632 199239 29385 552309 
956753 531093 14673 207912 620568 475302 13992 322395 105558 731000 541116 696520 996003 504654 468922 418309 726522 176443 796146 955198 
837996 250975 760748 937929 833893 663856 560611 930879 134252 849496 298345 375698 103894 280717 261953 484638 846879 172024 458173 389576 
965576 136780 334351 531380 389830 185307 792005 816019 208411 909059 844170 812057 25312 128145 333748 696341 407674 314548 299194 237121 
688428 946758 577757 618243 864886 500383 369735 529178 868338 921879 115161 205504 723820 378587 123214 991530 797129 79838 898274 412482 
94739 269317 976733 437426 843619 831937 327134 774525 863668 346405 61385 606376 397806 907823 336207 809683 3094 80653 716085 384525 
586338 580327 381803 466714 359312 426310 331702 502092 597600 584684 847607 457200 805914 728075 560342 832680 462663 700728 636991 255916 
866385 931847 20107 267645 155275 720503 814064 115989 448139 156979 424234 758303 747129 66072 493697 493306 199189 292781 26566 375638 
592612 355656 25315 633817 180121 191557 555103 407999 472925 708809 620975 775179 221842 177990 673373 270369 266365 944285 840018 868905 
506986 317222 98719 602224 435180 399634 216077 847665 930728 812318 11799 970270 336004 151711 927709 456508 285695 985278 887465 71648 
88829 557326 8876 493912 156915 387307 952570 222676 343506 448213 510973 278190 415555 888469 98198 846326 703326 658547 29958 456199 
677808 888858 317037 224643 901391 585164 751037 839036 234243 675114 181987 517543 576431 760936 789072 946934 55720 848975 84635 377201 
17509 430799 11086 528262 628843 623466 943295 554349 290673 562640 727554 391272 106092 59256 830293 513978 923611 922498 195704 715226 
581546 817095 494481 266812 218835 288000 10149 855733 162736 212948 623106 923346 866999 467900 686998 540459 336392 428168 226774 707721 
997622 83461 508157 45110 157869 6022 470009 160178 969974 892445 335332 565420 743670 457899 159864 445378 281420 974267 444945 764678 
39008 910464 640496 379381 599418 284891 712328 440966 679500 415029 596557 402474 399481 761716 802500 713787 552000 810952 610652 108687 
790685 433682 513509 62485 134105 420697 896815 892224 262779 575555 318331 888418 860925 705028 459029 114370 578998 941472 724305 513976 
252262 586245 141516 908142 41482 744781 24108 299394 362249 764516 610342 268035 713858 522690 944385 471062 537943 179005 114974 911261 
478023 623651 947749 287887 211664 431710 43106 55775 364700 395802 497671 34245 281148 738604 989279 251033 45698 708147 597926 395790 
442637 277985 567684 304184 180896 467973 113990 463493 347692 976377 580734 793568 308687 726845 666240 391946 759699 829482 764786 125440 
685980 296165 826600 955407 186927 33881 266766 28717 340575 626433 659648 188895 420014 309006 452885 870647 876012 901623 913391 699943 
85373 581108 423166 482224 235359 215093 511820 596369 795300 843710 589918 689701 472806 897354 990724 491128 264376 195508 616649 778422 
927996 63815 555869 109302 377716 632844 648280 426936 797965 56934 730686 719259 529347 479201 453309 731892 250424 337638 600113 556391 
385886 366798 957358 464740 963660 65203 198631 287702 198430 885452 199381 32179 925788 952583 652533 211768 439979 599165 491358 166424 
348895 361647 288129 676175 266662 32886 837205 172009 544145 287710 794196 816365 846302 424602 796993 700336 758221 233851 182066 715080 
160927 507335 893090 917508 490917 669857 802171 212758 188967 5944 595966 590319 582135 218781 586756 763506 267267 366834 113959 688158 
14715 700722 600840 373523 491018 490448 614471 822170 170133 804582 166573 291991 500660 252493 327119 306846 454769 762889 977133 925165 
173637 524202 39926 543489 691320 339153 458530 268906 222631 886475 739963 729807 659887 521313 110657 867154 432033 804586 175315 496006 
465282 859522 333444 184019 762416 457297 333981 417370 171284 319078 97971 193604 849240 432806 724004 532068 768191 185992 388258 42184 
387940 681984 14203 160775 53788 876628 362126 864868 863245 865438 705707 780757 35631 678734 811142 198566 866296 145862 324772 827266 
788072 116556 545112 689461 92729 443596 668700 370581 485622 39283 904949 181960 177451 329174 228206 984680 396967 123551 123534 829358 
239856 450687 616373 457013 80237 916058 937774 518925 761689 598212 39110 26431 831032 913647 934748 235887 560560 253788 791881 340935 
694003 547040 752597 655812 437518 295072 802420 903013 504695 989387 904136 170892 366409 724909 995819 472174 21982 374863 273194 419220 
834413 990387 821692 679121 365405 778893 605079 731441 824014 300132 928751 667227 425869 619656 971170 547227 686298 909734 549275 542250 
954263 9071 725044 424830 750774 604987 800851 294190 167125 850505 62506 437942 297209 600926 360175 888553 368662 322781 811270 365241 
846420 788233 459466 790313 535849 602093 173958 636798 107298 912981 118287 11340 621909 380585 747860 249365 584003 547929 18032 95225 
561109 547897 796899 490605 222080 509466 161462 379965 840693 280125 271525 560106 726672 373412 375899 807295 517881 530528 215449 932645 
365104 359658 201005 320927 421184 752698 451367 749966 167876 613965 348512 318246 459667 240650 959756 974681 349625 855694 134919 342917 
904500 159580 239916 657888 843047 551977 537957 567852 560583 965882 116861 481 743288 138468 352954 14448 532069 119286 257899 612466 
146403 290689 4056 105377 761813 166102 70911 272741 367398 139397 272652 201469 129271 501278 603282 498230 285546 411643 490197 657118 
537762 148509 712645 888209 783252 426312 538538 569133 573455 656059 142648 46590 693556 462706 363770 582923 534237 643561 48563 878315 
532895 504303 15862 932867 490057 42366 889057 380535 535454 355423 605058 928817 883823 439765 832430 228046 885677 590972 875906 336483 
760529 825310 876604 488120 957489 116604 910320 519142 322494 593965 80289 704669 390135 820900 557159 192828 680531 780757 172364 562737 
438894 578021 475235 625598 962265 965483 253791 635091 653125 956632 706927 827199 140002 442328 349835 507796 510621 926005 891335 884876 
445557 449146 623766 127533 390397 389780 616084 946824 996340 682711 512367 595751 726135 575625 253771 77168 883949 830512 473111 958775 
814490 863536 187361 833683 314314 574123 190278 690394 650771 852989 620420 144105 156341 545882 257808 555830 901601 261606 12664 743361 
585896 287252 903780 886442 354192 997974 200277 301100 833171 244021 584216 346422 79144 799444 855728 161451 397660 751704 416195 458005 
182181 537705 10595 339172 457677 298784 194550 95851 411846 234389 795396 268146 455452 593158 966908 585810 346075 134055 47174 315100 
412542 503030 192215 700276 874981 528236 976148 670747 705316 803124 451494 781663 704435 332847 904743 966102 790310 909441 975543 946189 
84180 95035 385153 142456 792828 856110 781417 474129 167315 513222 458624 191226 526750 471055 964803 86985 755455 824956 872640 489324 
271208 188799 920760 971875 350955 249583 656052 844968 880578 594192 470823 247410 818298 627978 859606 897482 570712 216580 743566 319751 
737630 384696 589536 247157 416026 530575 561562 330301 521629 991622 844477 951964 799557 279930 148643 751927 274761 869281 583501 647694 
576707 743777 999040 367529 177908 884718 328616 31860 691218 142390 495059 275393 624009 248242 841986 239762 759734 48980 876790 167830 
695206 133340 62629 437392 990055 569629 932617 936845 18027 587602 678864 664805 317614 782929 161318 494136 625145 18793 902200 289279 
778507 874894 25416 591243 594275 928571 259177 273307 79531 215179 192734 673911 880615 468039 646175 932225 983752 609900 341286 533733 
104813 456002 314790 709521 743920 112159 851649 179811 136445 309874 184281 392655 704954 699688 830342 519672 475003 812812 982361 841714 
20513 724283 669318 688172 581524 621432 669352 355391 396089 468035 714721 201907 375779 258412 936998 126466 553456 362873 871133 940847 
497523 629087 913700 428877 919258 154662 987878 239656 155580 373774 712094 610363 172673 55559 112173 745259 354930 698673 516607 740343 
758094 123578 52593 711742 584193 14446 79861 419775 710218 862934 610594 288514 536638 601300 898472 210016 467081 375024 60420 697447 
37909 648593 119787 650659 835910 102299 923301 549243 247910 123713 123560 758469 850483 672694 703616 785522 395252 838530 491792 298431 
280957 128017 773344 187780 149677 921224 313917 214906 255245 975542 810458 433066 675408 322858 879474 173646 585269 32488 625416 704329 
489642 630206 215337 336071 868274 361176 803143 781646 448736 655429 505218 157324 75560 787639 169279 966546 248463 828108 508489 611059 
266007 310391 223691 214058 330408 247866 538677 998444 593569 678346 400468 144711 747192 661445 297288 29069 714836 777291 183073 746051 
798228 941565 370184 710459 883606 468682 156091 169893 613229 674485 340599 925966 579353 132306 196896 756890 884065 966106 981876 891629 
184226 126344 950155 673433 932984 899934 355036 723770 200420 693293 586776 91163 64258 291936 632417 214542 901344 385547 473105 417028 
378313 272999 717521 458281 522895 199920 740391 20763 476729 420512 29946 442863 517295 738735 952826 772738 372806 632090 506746 896307 
64029 555030 659662 49347 601791 651115 52053 12675 884152 22728 837711 264772 766215 222794 524625 152195 626754 151581 763454 799269 
584777 952876 972283 910187 255573 390102 598357 86042 184208 738129 320103 855888 760078 895242 129612 76401 46327 176089 913971 685224 
442771 479725 915865 198989 995689 626321 119894 386824 880421 967938 131870 492916 947684 868 512167 687187 204391 645851 577468 883397 
706159 884152 37262 540166 779097 899059 474017 914372 394220 296036 112956 777647 370733 988281 580578 922616 98187 927331 216318 982506 
339531 232345 43079 796738 696224 943262 614788 814684 352492 811152 758519 190648 437125 730162 242339 283248 948388 89297 936831 232901 
537444 970151 114748 300028 746429 591583 837388 449063 242712 814291 750482 578431 647771 406892 515783 715312 181561 353899 826213 213556 
863580 928549 678743 813787 878676 770293 894276 950626 189210 365940 814623 189652 102900 185541 307065 283075 564790 30687 603453 36733 
62924 386585 671534 687171 818169 305141 19418 909185 670110 161597 976789 349012 660302 327976 15675 477225 467634 111420 773 870670 
976722 673722 644198 597363 851490 468660 10660 477882 960715 719124 33788 343210 732714 299074 704891 900989 319784 951521 908716 347565 
891096 543420 611710 838238 824559 257556 882668 151190 799989 473439 37326 212299 463100 727377 322753 366590 980154 845030 636252 890042 
308464 950607 48572 874337 729025 44049 385743 815820 2529 26763 35567 852434 268699 557696 302887 276466 427751 576787 961703 740147 
670812 340818 773494 675591 474327 380605 42739 518013 242649 514272 802330 78841 584193 957480 871971 305252 2897 670534 953273 354008 
894685 713403 674088 725202 454182 991445 826700 376830 633323 759148 716551 902338 157194 409986 805187 801199 591765 858580 103524 706935 
435796 540035 22600 617438 399673 302957 159064 367786 946123 322072 394654 252260 39089 567117 101981 668693 583971 904747 899203 839459 
62844 353190 553023 20044 361296 250431 742039 656183 610359 764548 312652 482221 314381 535298 22189 125359 782814 261414 735121 498931 
194941 969280 583694 730580 576515 101355 848670 189560 270248 307962 154719 159981 8115 646179 319697 192349 45165 200059 671033 908403 
7801 567601 500929 695761 177827 603191 914505 620410 236332 206383 995865 422057 678333 636853 320639 278402 347081 393612 978012 919896 
614591 740998 601661 175392 335274 202607 452760 18451 89284 645660 256601 984033 649473 324719 915753 606423 521849 356411 978076 192689 
437919 104250 121135 480502 468206 628518 719894 606833 11962 391088 874949 126240 614119 245325 749981 694840 915098 90707 324560 983696 
924529 135103 918466 386273 562628 624388 114672 987426 384030 188557 160681 33316 969605 6807 584428 200724 426662 272838 771072 569397 
928623 15916 80278 720500 328306 592611 806795 45650 448149 925120 57133 598785 350712 375689 494265 760993 924352 377723 418 1618 
834690 658335 527785 476907 352300 78180 461331 482127 671099 549335 331680 444126 471778 405950 260573 568434 12705 666064 421730 230886 
360957 612468 49321 940870 213650 566298 271852 715852 395676 958098 470362 364404 528174 834606 46317 199547 699780 366859 802819 755946 
760280 470193 326913 413559 380570 736977 293836 25242 311314 984800 734491 331925 302276 213244 144698 255270 719511 522994 367986 421033 
67639 673350 236362 711719 135318 800841 544602 97971 111890 942031 95305 157136 132168 593297 206828 612384 957354 31384 161607 268231 
444858 443895 265397 37697 523570 873297 295874 126277 473494 86194 45801 975638 140605 798760 465872 601036 26216 554387 934530 793298 
103728 164476 641085 153246 160806 108035 766974 506035 202058 849370 763899 699290 676117 295768 701188 459230 252027 832520 941174 188136 
766732 37645 622865 68184 412559 867389 768171 599743 249357 35874 121623 815124 927583 34575 730435 208240 972699 589276 101695 585591 
980447 598296 294485 135565 153755 546685 215711 489389 667124 557597 578362 733329 313446 251598 62255 392344 626582 621285 572378 119504 
251358 719931 40192 826551 385152 899955 372298 623474 484080 55643 163261 331426 895980 278572 564307 2173 718996 81066 476583 321641 
982452 186431 595639 33522 300817 642359 742827 775881 757312 184124 778744 912339 473255 217784 293152 755417 882699 426830 783030 584919 
525406 619435 742254 605941 989319 407333 432562 81860 363346 642776 374622 554006 173794 944949 251479 506898 151376 433610 379578 710263 
260748 198548 442683 772216 727135 104151 589366 555099 590474 115922 509173 682209 183313 60555 275134 506822 688384 357169 471394 828341 
6754 999187 789829 112221 202977 504064 632923 887790 616720 684315 594790 49474 759496 429328 515365 420972 921144 596701 437675 362797 
949577 930777 164495 995162 148766 527720 990265 950690 98677 998576 208254 133191 219525 742390 516504 783576 319965 834032 509670 123127 
668727 422383 909438 408695 691460 309874 941115 57422 106017 274975 291269 378864 691280 228221 247594 690938 973292 521318 852081 176433 
324629 158440 63999 124462 121628 393055 823246 591136 895813 295979 830092 891561 309223 790314 795830 249768 264734 68805 114012 212842 
666448 391073 791461 56667 374531 507441 503258 116757 747300 855401 764011 592214 667073 954183 165346 630722 418059 145511 642283 458242 
156587 430296 134805 118883 351711 165483 288595 285706 500657 694043 477270 443434 995816 937153 958432 689967 66074 282204 679215 530088 
689899 502399 977745 332554 903852 34541 689316 427412 694923 237984 154613 430423 576144 707954 45118 311043 175889 825696 118590 881703 
83523 940904 97488 669634 559360 443382 48080 313714 25473 547093 769645 663348 349469 267797 835622 258496 524370 110239 982922 196437 
561706 943638 739251 771601 677947 977181 532969 147117 148020 422222 312031 94064 326670 967149 689426 533842 992165 351571 10980 890241 
302230 14367 135451 277022 629933 767903 397097 656731 585174 381924 890565 949270 914968 469692 53457 339689 7878 565084 371054 924865 
835464 616179 80818 772271 169263 748431 601747 657676 572674 404985 201657 519275 137637 853705 734582 749578 589329 324631 851918 303934 
441791 252929 95991 760114 373317 989163 693352 729093 600583 788418 510364 626146 527276 800989 902190 975951 322205 799205 353200 786910 
834694 804989 625428 944230 18231 598822 106626 589787 386560 894963 652491 28287 155857 350739 688710 415053 615982 36994 932729 499387 
821855 690904 717287 171275 224036 592114 2575 493128 609962 606940 33854 676336 647974 718339 277721 900069 6560 538789 477584 574595 
923677 418452 677035 236353 378874 658835 208057 124440 141283 578233 231648 467685 96511 489746 565356 146712 81690 108034 646557 306317 
616187 755196 801232 602149 872189 389475 759294 235429 413498 30623 465042 820208 569427 892955 365010 565319 439389 148359 316104 702008 
346599 636740 966131 995836 122594 292993 211673 731748 94411 691635 573422 803067 352901 785590 360698 451716 783267 764479 482713 17815 
724640 170733 788363 65439 552448 127141 658463 813598 223879 227005 826302 636025 39624 338916 291109 887812 794826 951394 400001 53889 
691955 723430 304408 556445 586044 809392 622429 388725 527449 386946 715484 336833 428352 252874 634136 296749 350390 741211 565462 130948 
296984 477611 557202 256270 471879 455449 559865 339031 169293 914872 973509 792232 921995 447973 289914 635170 659207 249134 59575 675264 
573476 318400 282362 87301 282095 479748 787577 298526 325704 793668 870040 700272 544955 815583 569513 307739 105634 450486 264570 178409 
21402 371744 649125 32118 153522 181446 132337 490986 207850 701367 66570 142010 28683 769224 366628 686734 841626 867665 91643 102502 
714316 553225 105097 703027 741954 455862 530437 581358 457864 327568 545046 598409 165105 688286 851137 308163 43291 258538 167957 61171 
667756 685256 451513 171320 296392 186752 908879 962829 419130 267133 214121 674951 864428 448048 913356 595913 577515 794298 421039 992434 
717849 559944 667701 832118 971521 977042 217719 29999 612014 179494 559829 577159 993742 890286 343744 207982 816737 201460 298797 45561 
855644 828066 462389 396725 58961 531281 755831 914436 510463 366155 465405 46430 665505 428450 242672 228836 249513 669926 336480 147837 
973056 824828 751817 548181 357534 543162 646188 672122 883484 943731 664591 859337 784960 965823 757011 9347 474444 810338 541246 691795 
726534 658791 626191 395017 211439 918221 671790 74180 44981 579105 76793 75515 467982 274689 962763 397701 27840 808108 775236 729744 
484839 561019 386582 517979 719490 999639 479396 283368 933362 333763 265319 12618 53122 250310 548250 183464 157443 270991 230281 333803 
789936 110940 21070 13891 960809 469886 312917 394040 969712 637973 928247 867783 169212 256273 906158 965795 474537 982175 999982 546545 
111406 883201 433213 967775 190628 6496 614603 807238 28766 441391 954923 113921 961393 432603 915954 139293 45342 830739 653241 190929 
689301 839877 518097 743714 14183 678807 915650 796713 249982 834083 602144 704164 572909 592693 685240 712797 261486 428799 504749 182781 
376567 487832 655714 13431 719306 818319 470818 803909 889612 753189 490661 832935 465211 708741 339160 204154 163775 131800 421316 514009 
281335 718748 44102 888639 120 181207 450496 514171 90656 752834 412914 514 837427 875344 824053 612903 883803 195526 42999 556233 
723978 167082 358473 156004 135644 852545 391951 890808 20369 919230 729268 484187 749676 24762 202493 682892 924890 476758 368264 551545 
346879 928015 783026 903703 430965 801622 929679 710506 795015 384664 948054 29820 810908 841095 203532 257743 99465 77003 745953 500164 
723602 125491 16066 356661 133263 319713 320364 399807 301194 508639 660149 646446 204461 473446 137986 165631 771884 795083 689580 70249 
232315 914695 23865 898622 218715 477265 123546 241421 677185 921176 666447 994586 395538 1099 872257 29512 165014 255360 873897 227545 
781341 975883 307128 233735 590153 154108 552460 980088 517213 374713 77546 690278 561249 530485 164852 479167 815221 774442 249775 905826 
233937 879458 784655 950284 866722 445760 742635 685677 862283 903004 250069 274244 210388 134284 414299 254893 340051 167741 954384 134951 
922793 497942 525338 266669 545415 693016 888289 343004 395846 850275 460436 858484 728912 178823 202027 494916 939248 899073 406631 317692 
455229 193895 418341 776756 214649 340718 777991 993898 221021 925374 169145 175326 629092 504721 492477 700192 286505 971950 70548 649603 
792887 518224 764722 733283 636868 379031 445827 882860 984145 7741 687606 425412 68987 603986 982652 147579 250134 275666 670808 202778 
288081 215862 414427 556523 344850 21728 677751 465476 53960 624672 310062 337853 743590 483213 870204 335814 67537 170013 980298 803651 
412885 696619 495337 406609 428430 408689 232196 359934 838917 298759 117237 732784 778081 500780 476201 609398 345569 341820 512407 56954 
377472 306535 699479 905022 334603 394016 756171 669069 11033 215052 750774 432519 547081 917227 695147 533482 411990 429717 997993 902373 
633641 249655 679825 572706 414841 696297 282784 522610 856358 94994 518973 646281 385876 700704 335092 238780 22884 798387 915573 159484 
449797 301645 483146 927164 679912 748176 224498 310344 921090 961132 375055 47153 245644 348804 843694 765146 325577 723287 298640 947945 
395036 483149 468807 255615 675217 458704 128675 849068 44572 547431 352682 512694 961084 456777 242337 30524 116504 765363 167918 762173 
739019 350669 121634 814888 189287 408088 785312 577663 523552 315879 137798 675271 977183 622137 753264 257330 562323 367255 974502 874038 
12993 580351 923728 205557 91506 571664 104820 697505 190350 85306 848985 948491 683383 193810 601302 936919 419188 984261 371739 259521 
576283 562181 232846 171333 195721 799096 458729 911657 328301 710288 475950 372597 760918 860157 514556 845557 937787 323955 338801 23237 
758248 688562 676300 245763 248126 597178 331755 201354 650682 268193 824053 68019 309415 492836 659386 739145 78186 753145 329737 938806 
662613 663698 98012 966671 721346 226873 395281 333480 673462 387077 326637 568457 517946 887257 887989 998547 496415 535603 683303 86696 
327356 607236 368769 390269 29465 672211 847858 100987 603097 373574 6269 513579 947589 126601 712673 508561 86740 769098 476451 996186 
120901 621819 527651 340238 39700 644384 983572 465590 362567 964796 955666 742881 785945 923353 77268 835905 839798 902557 69610 216127 
889170 218909 418141 38230 406775 901713 173647 583476 92118 115839 135740 150898 145269 784223 864794 464199 528592 998026 461004 352216 
328158 408223 308593 916809 453832 538450 593382 118786 668568 247072 20026 684114 405928 728047 638261 743411 487222 121952 95544 509388 
242619 333454 78275 514553 661324 74238 654868 423701 916575 20394 654687 955243 420676 364201 140469 301138 887394 102704 778515 896836 
284529 108932 144452 996786 909847 281785 779963 534302 735000 521413 281408 265177 519367 836802 913483 945318 863911 359878 228282 317419 
707923 794169 765962 432308 328623 229483 184462 966911 280375 956190 378666 885315 206312 458321 340735 268035 696783 883051 730871 888374 
40189 631676 85896 550717 944954 387920 278712 59249 313264 571067 859739 512313 634468 150432 8684 409170 222132 766405 863112 901622 
45768 186156 446763 308511 324056 58123 515570 652786 357487 525137 255644 587939 365088 615943 910408 840728 52413 715036 789632 42641 
200873 239956 887402 759064 313043 133572 110547 503930 944846 773393 620494 74248 86306 520644 950921 888 21890 575818 624927 686876 
806435 483317 678530 765906 577605 565707 560597 705667 69154 203227 884193 65514 963279 382885 954763 14368 441041 592190 835759 300325 
23769 783242 144004 397860 923704 77762 363266 813338 509576 289370 990595 884902 203642 439977 189799 610152 832658 387656 520892 167916 
716657 280165 367015 254233 944682 594592 401732 16003 96681 780187 124979 821549 514325 561893 963845 46107 523419 340496 823813 128790 
308246 75283 843601 16468 695015 83910 249877 909945 432060 924450 554030 851141 389392 438969 784944 191395 723905 78001 451148 866148 
119133 554637 705498 686339 854945 103957 931969 330444 819390 934968 678814 684306 164253 420101 581619 539833 493594 914442 642802 185584 
42591 96136 633609 856717 846701 655325 717479 309631 308035 379512 626391 897019 822523 727340 913924 906513 512113 102253 916127 974759 
684842 647060 621712 258407 548882 90299 803731 30467 129423 749381 806984 619497 6581 44649 771368 175073 69152 260003 526109 599781 
817615 829776 16711 164630 231186 138906 876045 792833 834552 310123 908864 448826 841648 831206 12919 155946 694569 68586 635399 445181 
920935 998895 163870 185119 718439 284886 169154 713366 570713 765696 511226 990511 517277 848491 685181 693395 349297 13463 189773 199009 
835914 165671 573490 656238 176529 746608 801879 234587 452548 605802 398327 715242 557934 284677 671819 306313 534138 180869 501441 911518 
69682 62624 100960 486355 844126 937821 775399 315643 96096 445241 427278 761797 79938 426977 63598 287146 618578 563898 461979 754750 
532268 477594 839165 2450 986122 270956 199782 191944 766304 480996 832327 111796 43426 15324 752353 436550 45 734660 746059 594803 
924414 691101 173392 825154 143114 577642 878477 607431 85576 105406 278158 139427 99562 472897 318258 59055 671321 752745 174703 180881 
398764 298550 557243 144386 739035 389065 88281 983782 826579 317204 572159 500476 205647 56911 591745 139610 948933 173894 645760 682899 
828993 471389 941173 538067 865654 552584 216942 258537 631606 140300 104654 956235 954824 463912 359267 942949 338321 598736 775243 500816 
313651 478843 139974 226077 863601 77828 680550 182594 40651 687924 547007 199096 639934 28739 659826 555048 970149 420080 167247 611741 
90965 134359 303878 735344 89332 859894 121794 174194 861217 747521 672650 546635 886829 63722 778887 876491 222255 957970 826348 745516 
205890 934965 303763 190978 793028 78557 22506 261061 766574 370036 168196 921375 220487 926384 392459 690092 750681 278146 322380 838456 
861793 986107 535482 200268 714608 184175 396803 26267 33509 714510 338845 140787 645538 553088 835925 73045 163811 153863 767322 497985 
728807 256413 103450 730211 962708 470736 244354 906753 288081 255326 914263 77072 780720 615306 592028 419287 525755 676406 949454 423325 
200641 115500 269932 638108 695010 524133 881253 911088 462378 158923 182361 831701 792812 370731 905051 970438 67170 392782 884457 895261 
319588 884759 757779 324809 999316 495556 154291 257369 80450 731809 863004 198565 274632 941079 753414 876917 862419 628074 541797 654333 
986318 567877 853480 560708 662734 886493 973501 149006 524754 64752 942105 419063 263959 817433 940584 819753 701 766549 663421 542882 
565879 960405 151692 86385 362548 983252 174807 576750 8205 318286 804057 593888 481193 499413 874743 460353 502479 825585 471738 242399 
703067 577297 368420 895019 394729 475120 951548 123878 191403 158963 714356 851261 5912 128713 797622 306429 328576 536167 91203 662729 
943221 536809 77866 42983 590468 419305 962290 752206 842875 539358 431479 308299 956913 653301 569145 892770 629850 170083 749666 11680 
195749 340225 195357 581981 163394 960485 345387 672351 730015 973241 527193 175588 204617 820018 780750 876961 225666 958124 97488 615008 
423205 800604 516584 893663 461501 577579 77000 959270 990163 524165 19311 460743 624778 476911 774918 667118 118911 632836 666772 491466 
873177 805497 486480 577076 596515 926168 852579 898719 59671 457499 206765 373620 890490 327 725400 707388 778473 247976 4999 69363 
374388 691852 972611 153538 299377 817332 587325 874706 609965 800811 810632 291730 500830 689895 83344 986125 195903 170703 283301 994539 
235890 512062 927659 552505 187202 566334 528890 156413 209377 836486 992196 106809 709921 52796 277359 699820 292213 453869 23231 539350 
28211 747063 194922 904266 714439 517114 893179 731176 441294 552303 557815 333503 211550 241400 857071 78567 334983 524331 916419 220186 
604225 201455 185353 699549 335901 491801 443607 214005 478982 484347 93730 587685 207741 226673 994714 177452 283721 536464 499542 545913 
842127 116221 36813 224106 635573 216949 60750 39027 332268 240714 264142 698499 926343 27945 696704 119112 578303 393671 205238 477241 
455535 472626 375193 801334 789916 46371 104238 967586 970743 542704 293589 839907 822926 568429 200561 815093 245938 581273 108024 804771 
508236 284552 601020 837506 83181 593517 689721 103308 107033 917124 549928 613712 751535 960190 698920 204258 188139 538362 677918 474723 
719925 408994 844135 926984 302416 761813 401422 815382 597220 451379 206278 204635 627696 49932 841566 429908 907273 607088 657114 740158 
867332 808140 311155 513785 801045 313954 877390 876890 228965 518027 294677 197943 238732 868040 442965 850675 813402 254155 387134 208971 
855051 740685 293507 983811 226989 477298 893684 830652 332921 992567 749350 555497 281882 462550 99735 950715 506922 362149 335585 523964 
343312 363306 324588 495263 386666 768193 388564 84112 926403 726901 571450 314739 818964 355155 775497 797861 882355 195178 876668 134557 
842666 240535 128270 115937 664291 143392 537032 364832 137960 133622 411784 803081 406808 15874 772378 472567 673878 136495 666706 650713 
278360 822951 323475 888364 382524 957293 104904 911852 700422 852058 96356 275604 495721 498153 33092 112094 389213 757708 953656 497848 
983993 672437 647098 465034 654438 936071 191528 123332 625397 60652 103952 973505 855044 201671 321182 383840 255848 352412 499826 270213 
329244 799600 350147 311672 545995 119030 584726 511113 487596 589519 8701 609508 615550 467108 235433 553180 865784 571724 291856 189885 
705195 74448 16290 568835 798739 885817 389483 4657 214416 158810 238686 719855 2174 821510 638387 591538 179057 458189 546290 458664 
280470 559616 39774 246259 451470 110268 139691 234200 608910 411905 426408 491195 725233 829242 667307 79209 308863 162641 589600 256902 
242417 749996 468201 923605 489128 785568 102386 480056 98988 462720 790762 400460 292953 396821 776180 773175 970484 99818 101781 433944 
643153 856749 876375 624300 576946 940214 681840 903311 969635 539497 846077 390272 97177 74533 923999 694624 789067 322930 86871 47326 
46606 650332 846058 238220 532292 818828 94435 379726 474042 628737 820694 556287 983939 585079 314621 981540 609186 887756 542510 782258 
433642 845293 554578 197017 558337 626146 788439 977958 988240 468947 724074 120958 887979 218521 194505 586855 620021 881359 705143 508678 
95399 481684 940327 420318 259044 380772 313711 14899 913096 587569 217766 234795 559550 693737 994108 175652 542100 191361 104828 114983 
657050 678059 869223 425370 976999 537549 429515 704112 959478 54987 673908 641499 890602 194048 9268 746040 658031 432379 849732 39929 
669342 355236 936487 316190 528836 227672 535355 279090 495675 617849 825343 328488 977185 48309 277799 977115 500718 150524 988099 485817 
588336 678350 225331 405292 757816 828091 642572 113524 801260 327189 906402 831738 140789 424017 874165 72028 113398 959201 802522 346311 
996830 817210 389577 997953 872618 61210 848282 848503 689090 72155 254280 27345 950030 626166 191740 863908 683164 864531 88960 98367 
733435 741836 676256 841294 220054 636055 560819 217837 648726 714096 759484 356315 636973 807835 883037 159170 377344 605214 519111 208881 
145036 757594 368196 993043 504746 196732 284656 149566 67267 584520 544185 695422 192322 897559 233755 676105 185783 799581 311685 316132 
735628 643521 624422 580078 147832 873566 235291 6948 393597 294549 472181 334111 43085 998728 724508 294325 69345 470121 181432 487362 
721623 234897 772927 620212 177507 442120 996759 592406 314003 561217 966489 382099 187671 608743 947076 969297 978222 40315 113186 271863 
698818 56383 248938 361336 389115 582513 541605 768111 183829 821110 259031 630496 600047 384362 819114 367833 328067 885465 384737 614161 
42560 718358 412824 629806 670478 441341 312266 338834 321176 969954 564740 515625 749520 429008 910230 638915 356946 512740 407584 280285 
93126 124368 897234 77981 746464 184348 580155 22752 179461 665796 99966 203007 421797 935894 737014 33765 164068 789219 368215 987148 
398020 9812 48859 930925 555490 694498 49652 665786 922870 491844 300558 668635 357281 925763 941176 576045 375691 721691 351991 662920 
937811 510133 422628 654255 402239 294221 917684 359921 566003 7600 364124 755176 759103 346209 996548 578316 881648 427899 98266 416837 
64446 913593 33604 884952 60610 553875 677187 711207 201310 271670 632317 484568 834918 267103 770779 707926 138351 243086 511296 5168 
349765 670288 991333 172951 138383 491836 281292 646511 443805 916923 192100 654351 524889 144355 797451 122271 943134 873751 682561 326153 
545518 580255 726572 986809 478934 894811 237273 310259 940158 528727 434284 844286 785809 938723 675103 547542 151794 927533 268516 309313 
922481 87375 421581 391714 663148 568026 339416 793743 783766 39043 645708 364260 240362 683870 411408 149420 316964 230329 764544 823663 
907729 797864 752345 74864 989708 656799 683384 856965 286988 750208 991639 362057 683548 54516 214374 382673 801815 256576 560837 233246 
421379 616997 33476 936583 229728 366186 206599 119865 672371 990795 529627 459976 435857 918910 544757 685378 680048 154273 804760 892853 
948555 748805 45511 453179 675941 639515 557988 559422 377650 745041 55990 501000 2053 479662 545554 339648 374435 517957 77436 40534 
485245 888371 811988 747610 110184 39367 792680 575066 807122 137743 883667 270442 772349 429654 240533 617733 371789 865827 152303 931568 
904633 727026 879133 303013 713001 807648 175406 929277 319501 645179 133006 519886 216357 605661 52760 957118 199747 492042 942173 316953 
39355 73978 31820 266254 241039 691463 754022 435031 218417 311327 60504 919560 109865 726499 359683 813297 970834 122635 582591 466358 
445991 861421 587977 814451 398616 351112 337599 848270 419292 517586 462830 789425 286589 286090 923793 872513 726464 796665 352954 761257 
971717 925340 139369 328570 12502 121956 760270 146569 53747 783019 229632 215219 31622 416535 893906 41672 938862 565660 303879 244784 
569672 735194 669577 188255 404894 225692 542411 804979 819829 898745 600315 880424 573098 524673 912652 429626 232662 523917 611676 405912 
243188 98310 709705 298071 164784 362730 553299 679841 23591 872316 816390 437485 956984 437005 615747 4936 462896 295242 955886 97300 
146262 995990 871956 507117 684271 381591 121218 308430 391754 533253 689327 318304 817430 270540 976453 127102 602446 139237 209224 459903 
269286 363966 352811 855030 35220 643818 175656 549059 756003 588727 298360 236618 964159 545844 635293 560766 487955 734325 856374 903878 
43484 559267 533620 350296 424459 169312 242720 193054 412402 850190 99821 748286 229573 257083 106246 344012 788211 765321 592204 922138 
103713 599986 429368 311379 150444 506972 801286 10806 646446 769269 819002 869830 714843 523 259007 713745 836852 851684 455865 705551 
575539 410300 368 309075 898418 88854 113931 148124 621703 95543 799696 284510 433524 968772 238734 111893 883991 342547 618250 527266 
330460 328197 999164 430123 809059 423735 779579 181261 819274 21605 539486 200953 740948 715408 466165 991875 243294 561928 991160 520351 
53169 666834 672157 615355 223563 132527 23227 886737 602609 365413 685992 157575 807518 932784 334088 619562 636959 221689 112603 272667 
558782 548775 569330 327424 98380 671999 137744 902784 851977 953433 824449 744983 46435 22073 994697 204070 196361 740355 371518 585375 
940885 629948 157624 959803 339278 842791 683423 709349 979770 535799 146538 925255 975032 114671 469651 611161 325672 612167 626370 315496 
225050 789169 228396 354369 588291 111197 245598 439545 335755 464212 563599 845373 254235 727271 608562 335169 710067 291222 704353 823918 
267414 987023 849949 639421 240349 755071 635844 345731 414010 734556 778045 184384 833020 771726 423751 504742 366427 979516 441228 445268 
789055 564205 722690 729760 154153 483521 137724 74106 3424 448361 764888 985696 643449 603807 648510 845256 804698 369756 322722 218534 
653867 894412 973372 332994 298570 500204 176802 74894 741774 715963 867985 64265 458296 618613 203391 479352 18618 912070 998158 229077 
280700 856378 621500 392360 859794 847381 615228 184700 991409 443964 247081 60870 571028 799254 604842 829789 651422 443605 378379 653093 
180520 967460 820535 219137 441256 151303 419576 921693 730072 22081 848287 226142 710913 174583 672841 360340 26871 710164 745914 557840 
290451 929362 974014 17899 189668 685528 694856 337942 860313 227458 389953 463705 262740 328147 212662 117475 997918 711320 184749 850812 
743381 579522 684542 433937 392119 843489 862320 67744 355107 764307 31105 483250 14786 897764 242676 159862 72771 982252 449067 688716 
568971 755868 791982 756883 860499 282348 2538 419083 858912 626355 704085 882736 810741 679456 632516 453732 171989 779671 264578 970002 
48568 122535 585509 170555 949011 301692 542906 119200 662250 127279 34230 19342 963470 295011 713313 477270 969133 879285 995485 833876 
599713 903258 125838 300138 894854 835681 710576 109734 49661 283478 667936 308880 426293 664447 475167 235651 692950 607520 866736 18519 
830018 52808 879128 917845 195873 701855 56843 220472 581532 972514 402246 62381 271228 860866 867312 862483 500663 818080 905084 977071 
327370 972673 857045 511150 841051 929792 225715 587668 455961 88924 72262 691203 917056 923956 502487 726772 920206 448480 108787 97167 
956630 456023 599533 23040 230813 546048 80519 173952 393940 713349 28667 975190 953232 183605 856607 299847 718549 297856 472890 468824 
905067 741777 174100 793213 885731 6174 325828 641141 254462 367699 530575 53073 159872 767892 403119 569953 455669 268458 924868 642379 
104334 730624 126394 840447 869591 980573 661759 578583 419628 298499 333519 25708 881458 929512 790002 786388 416101 91219 878022 813140 
404209 672906 657395 112290 984684 315598 996788 910671 373928 79095 25404 600118 103139 210855 752518 746914 112427 615580 533878 110564 
32378 929681 974487 613171 756706 357909 821470 742347 619356 611240 902023 741108 696336 979722 763200 940701 650693 97212 181688 689531 
426924 156279 951492 869046 245198 898946 477924 585356 212459 846435 803184 931798 536247 441811 557024 341551 449167 881508 41927 286271 
367186 416674 613522 119056 699734 377493 230811 898473 516370 248169 509093 325130 670002 445680 528271 821278 881147 240710 870918 691919 
838571 852395 40425 432108 69879 628207 588570 376242 135344 734409 194094 842572 175419 504354 581332 217727 169719 621343 639747 730538 
622092 515017 618914 684569 915477 321492 695854 19859 926223 428600 589636 690311 576352 66912 224308 185295 679094 497042 774384 252229 
512344 860054 620149 119672 2177 513524 839624 17765 965738 128092 137002 169497 725566 822746 518340 403798 967512 59644 382182 742039 
299559 802801 120321 361510 171278 688426 490869 844169 262952 597302 768260 941667 135112 415546 729957 525619 201393 764067 478350 382439 
967921 367082 207720 97917 571530 144275 390110 173796 931517 933982 110362 374340 428921 14779 796078 496769 229327 539428 786913 443568 
424970 501250 139317 931245 30186 322333 819798 806842 799359 131572 250274 768603 990240 765545 985416 282763 880516 240558 690339 537326 
887917 781274 333300 568812 102027 938808 297170 805284 42725 256345 897307 253427 31513 936773 548319 518237 952092 423683 185620 555455 
935357 603276 929072 436686 640485 119999 817212 721100 357971 922645 451685 460453 693149 679917 953885 25044 709042 67542 233334 297014 
619338 176463 399699 959399 261962 242454 181685 785162 760603 232475 714369 576662 7255 238443 799122 340124 67165 86702 839647 344753 
894246 238168 640691 544969 828894 274891 689826 125509 555461 87352 658965 60646 902323 669958 331129 959468 339030 499794 300444 624047 
902085 484535 720689 399576 205357 60828 221376 147126 597262 140494 856457 842050 180724 900855 895015 889934 67011 487652 116496 280559 
761644 400567 450427 681870 505850 381578 631886 839100 585039 583379 851785 579800 858445 835309 370139 189002 365188 491493 462053 392578 
767438 66995 950228 362940 363387 830983 774276 826697 949046 973763 712179 552263 13658 552416 466847 217740 454677 267652 74207 836762 
171455 943061 703341 871708 485908 47930 682968 778087 623556 676036 212882 500230 845192 836911 573510 886087 504174 212781 677347 443447 
843464 735056 835068 955204 831986 696903 376729 555317 883837 571605 381196 209674 826987 824032 790697 320305 876398 227339 429171 437595 
814752 146737 143537 377774 412890 552865 172006 23594 839608 116138 599824 53923 621863 858822 212464 916956 184334 600983 395764 309943 
738748 288429 178323 31231 622041 520366 723551 34414 946349 55184 803010 696386 129229 265970 889206 329653 901889 195551 36451 629969 
174375 369100 428806 107485 15570 60201 142300 519396 726167 318147 902080 595471 531244 421345 585823 284024 473157 557850 793852 496992 
865671 69806 998465 457266 380391 167905 170939 144112 872731 123549 897987 789559 864327 949258 225594 822599 265506 214523 75267 692988 
471087 345449 754351 54039 473933 572765 957957 936848 54524 659722 766992 149440 204759 154391 811890 810026 781440 51007 22294 152491 
423589 371966 724605 833425 260751 810338 96042 283506 133127 860816 328689 241619 95813 644927 801519 527063 85192 540686 793156 860468 
930457 706984 237812 261488 503765 186162 372766 887023 980601 145320 257360 777231 703541 623254 642558 862534 742558 102360 609716 357173 
497617 186881 568546 473504 239408 925924 495087 242837 787934 544905 196960 299087 696306 97607 315027 467950 623252 26510 339132 869042 
172886 678537 325741 392616 336853 953460 685352 440321 853212 335228 86787 651226 559201 860376 989845 19373 551447 225953 531964 859323 
990417 708617 615567 758950 550406 413468 96343 170778 320561 441069 4871 26571 113164 989916 776162 373993 897780 327845 505319 46686 
827505 879207 309835 462714 253711 643249 11572 783971 330332 628586 138618 790016 267981 631565 942558 293227 745277 35277 135890 633823 
61129 88881 764017 57794 187531 815801 183442 608206 479929 970393 247541 518902 372329 38027 602485 897357 968028 125633 535979 258130 
695868 449708 773062 586583 637273 228130 389731 194692 193489 70217 532762 43446 664773 478658 191334 536052 487840 225273 243487 796366 
950450 982350 664316 831445 605252 822781 90663 677486 23894 764577 979155 829567 206467 735767 72091 930307 962846 948882 703634 427005 
819561 256278 211160 500969 353080 173945 666060 991490 536571 807873 282706 96126 950644 762257 489362 89995 155533 198562 483934 476822 
703136 394752 625530 233839 858170 418917 45820 251476 604320 18136 749466 246519 90393 929082 982087 519897 181511 432458 89901 922427 
240129 99802 378073 934221 243153 604120 958286 103362 459404 438506 209572 860151 480648 826517 932108 201952 190943 847997 528698 750351 
860308 778188 959763 562013 622816 955131 758811 296060 341688 551833 364005 164426 135177 587930 918729 105129 365607 603032 535053 356634 
326964 839000 699251 513166 274924 862357 917261 143090 985943 180227 576064 937958 502126 43601 300597 744556 70221 262093 496261 16637 
656149 66386 195467 955768 708153 483043 608900 298059 425863 760748 892220 713723 298880 796613 305336 627046 461142 744947 942472 744832 
683882 416278 211487 285143 700467 367612 538766 230469 82559 775827 602641 161372 926086 515644 53696 211092 954341 926039 379462 720882 
300075 24675 836905 276505 985592 309291 611281 700448 909566 576990 312460 769342 788632 127620 164671 332456 182873 812500 364031 173246 
868849 226958 813000 470440 683023 257081 433693 417769 223369 788098 447335 694400 945862 462657 760536 40173 805238 549040 19469 360248 
404384 474997 742479 59067 614902 673914 954674 796338 772460 507096 464873 749669 143996 19862 568016 283152 283381 379148 428899 75244 
243408 992665 303754 976189 656169 183520 440906 167354 968238 751069 69646 692242 262235 202091 701051 45333 692930 249980 862378 779801 
801071 409395 360311 630003 396679 302034 629343 249484 644942 358281 798991 651069 781197 890383 275127 668786 291304 491341 938078 683095 
926746 430366 496054 4525 864729 821700 905852 530683 629 714008 445761 636262 852554 502919 612986 278143 961987 688428 453398 17304 
318086 282213 606826 139627 617577 564198 753325 621473 781905 437269 152326 870742 927505 809172 643264 345827 848902 362471 98976 93215 
23085 111576 838429 481304 734945 46349 234004 385406 367434 929735 196604 234950 905393 757774 228712 641681 244256 70813 794156 320720 
782639 783709 304898 363203 271265 499358 160353 463804 651862 319950 327466 215150 26788 420419 480561 466678 702756 140106 1160 286713 
405211 189789 868560 421679 651016 504681 815348 18369 891850 227949 468889 260007 669393 479932 571834 311278 97539 885398 861607 846915 
257722 687421 997274 16224 963868 221584 592050 137590 821596 682481 239265 461547 310095 939322 520708 181381 457960 844024 46477 616129 
563805 828231 884488 6288 506994 660709 574525 429166 313744 69698 589 811743 868116 439855 136438 539563 33509 21194 959101 360025 
685539 575780 837792 594764 487220 763417 993323 129229 579539 448333 746425 453799 214740 130926 96220 624674 602818 977504 196978 594420 
491732 597481 702943 117143 403235 178380 599629 260967 397355 376684 951240 547790 499290 558122 140829 702242 293922 291549 960554 29927 
905193 645566 868627 494463 718005 238810 626836 448012 506758 492929 195629 161318 721627 55382 859583 128683 662337 759009 759475 651313 
44839 426547 865505 216792 210372 14274 571538 877033 333827 955705 272540 926686 365499 193589 946228 295352 503040 295919 291348 510636 
986194 50492 213759 420567 714844 124779 584736 602670 317074 740989 879082 469455 49233 348122 84197 700248 100589 715569 830918 872192 
58311 932838 107068 59041 346093 227485 858370 656001 939151 32509 101617 721220 740118 254596 487077 580198 732540 114299 67581 40675 
776322 974026 612898 508531 293679 969965 388596 770224 913359 660157 170291 102224 34516 963852 213822 332960 413239 988075 544992 697110 
328757 116127 865232 542394 609129 668774 768708 527278 569542 534770 784323 111440 271502 727348 148048 927770 933964 701376 846833 437745 
943370 755503 110665 43196 344034 116562 524346 242466 885537 600431 998322 204411 661622 800387 850770 475664 947363 742012 992748 957459 
821869 977177 562338 51755 655259 778819 643332 89462 266335 397497 313028 51802 638141 665758 443777 33953 182993 415473 483799 442163 
277750 435245 617227 37829 195472 376846 178929 206395 732617 335196 967713 240689 203452 943601 238270 509072 762985 725533 31427 928657 
31617 548736 340357 943230 945366 364869 164632 827995 139180 129328 451894 41306 952153 942229 626236 971548 215718 753572 849355 607722 
869180 524382 280508 652763 333406 20440 942383 30366 600954 682676 642747 566527 777352 657668 453431 998845 835965 222853 285302 754921 
218295 93313 287511 517755 482801 974254 568706 877184 535963 904404 642613 888535 614651 101745 108588 451589 230225 607172 561283 930831 
285855 450824 42259 132201 125272 931555 923318 616703 659207 981662 338906 114883 991862 128247 709299 707618 798049 757411 11509 467999 
440391 217172 378943 413401 441915 710378 14949 502336 758469 141903 552800 239867 382647 410075 983034 821815 742556 88204 113267 704555 
571189 913926 139073 537746 574524 748388 737036 140106 62880 686242 482239 188308 49922 481278 385013 139553 158902 402509 609391 847162 
285734 583891 361748 583089 17188 575234 687325 174996 206201 197265 725669 341971 700958 102734 564127 586144 358656 856676 360135 980066 
924708 860764 225688 254282 152390 528892 508755 293977 691937 541957 366883 809740 440543 902907 747601 745874 701559 306904 489154 897209 
519937 479257 398829 685542 684775 660078 733347 740946 789882 222973 246017 264907 64493 629785 221386 879955 311473 832587 990898 636625 
257486 786728 28920 75129 449815 765251 897351 248810 647621 443296 10786 902600 963027 143469 793622 324922 903030 196915 452171 323 
124712 290631 544257 687051 514847 497066 144774 265987 336373 307870 984160 429036 547918 852611 957926 434160 836711 130407 471279 355881 
137219 176103 285075 629194 636584 809672 68402 281563 26633 377458 392666 66688 427857 310579 291415 725144 449937 741775 500565 691745 
492745 449212 736530 686308 314528 122539 485714 298488 200224 658933 99047 713954 142473 952361 941740 978833 271162 512336 702289 538340 
835751 160242 162651 213148 818990 245509 520993 706606 169054 789565 750966 969358 570699 43211 69318 611821 435460 931119 370832 880866 
666939 81770 10110 775678 78473 723848 309827 590554 862791 404398 656306 258578 157788 952621 921333 251956 319351 543617 562046 776429 
899744 941792 525162 730207 27156 644877 224480 43781 559013 217943 500151 727053 764256 897760 566747 180096 619418 538764 339823 492085 
178189 760322 353750 503549 26028 945577 954837 252884 813260 560863 721936 47759 801613 768442 954390 170220 178209 153909 695926 756569 
722091 355545 246354 745793 816008 339388 786940 623279 179160 929734 511981 101482 497206 692749 894610 242573 646672 864835 997775 931243 
244793 810414 192739 406591 841649 784535 831159 836946 654508 439071 390219 515147 533569 959366 461537 395110 316116 372869 84358 314028 
750872 695043 3823 705930 74738 379663 559208 204251 109495 10252 767242 659504 457088 63518 937039 391141 867985 938564 939818 127470 
696005 94100 398129 326479 652909 360324 126096 722879 225096 882572 701270 392203 226359 128366 418047 117861 945313 747359 962170 742416 
515994 773566 842743 202363 863172 330165 561532 199128 863616 735887 970392 216253 165625 315108 246331 318686 113041 685193 857731 53018 
911381 755660 732979 906418 725709 234075 111686 656529 784130 132660 63609 401984 222129 111520 930965 520353 355950 128590 616767 367929 
163326 332425 859289 495619 417931 55329 749577 782925 224480 487095 768911 716463 735888 11837 296231 844739 180495 766145 923400 805105 
250417 717374 198371 783403 153998 708129 218875 475262 188170 836024 208238 23581 985581 812253 338633 164154 457670 819546 490370 536237 
4017 842873 142551 902557 826736 264468 980093 80730 202996 429180 899917 960088 82337 371884 670982 497521 72221 266466 921795 807113 
788345 265770 894463 629245 985308 457026 796857 407067 848336 693668 215198 523774 740175 677000 24326 39732 933374 624556 348922 867367 
442002 851230 995586 987282 270416 843851 548710 821594 625313 160554 503975 285029 543897 195028 92161 779094 303248 970360 319292 404251 
171097 243367 634415 745235 537552 606464 657301 697638 530732 964879 34240 751234 613843 329147 897390 816112 26782 467334 286110 106190 
757745 32250 732142 370692 157118 568739 795928 322066 846595 818895 556333 91778 118284 458919 215226 526818 394125 510512 162864 936904 
885678 597565 546960 603248 179265 32320 385628 567226 443205 327205 959707 924549 31200 486486 636850 301521 456469 132989 711003 359497 
539216 45469 631603 986059 339641 581538 273 60867 108820 244 223008 347487 42641 765364 974431 411828 160180 393937 684726 721798 
698600 241812 218569 271083 767464 663038 568886 79015 502140 38001 156657 925340 711903 105434 692770 546126 748990 784289 528777 609856 
987937 995838 105816 883176 696248 462367 617485 455266 227312 76289 98250 585812 943251 111243 340945 899415 642549 909562 239946 198304 
609589 18659 899903 748208 729774 133030 568969 769922 361419 622960 982520 129882 432139 518914 837593 676124 18618 133902 37765 986239 
641998 157620 651231 993364 585179 739557 666034 633398 747327 460629 631010 630297 584113 497006 84354 700937 248122 742444 524884 731280 
376543 873486 329991 5768 912157 246131 438246 617811 754032 709232 907711 409637 233309 613863 878763 778187 202101 774490 618270 223639 
344204 965110 635790 790973 495556 586871 384790 249591 200472 348675 68812 696928 835901 540837 245498 697646 544916 585980 892560 665658 
828664 472747 124555 162617 90711 461148 299982 608392 48670 880867 690335 122142 974634 460836 929181 941065 864836 554440 81350 331413 
650873 168358 928081 711305 381698 820095 538343 467270 16418 349510 720822 946848 625191 706507 419668 18889 419191 360477 779480 598180 
96261 845915 719248 989791 182786 374701 924003 705705 30368 372778 687961 725118 559478 764208 541763 886866 168236 835747 874456 112990 
258370 788037 166420 493482 556935 143310 945261 735626 784233 816025 913919 602609 916335 773583 146944 463430 396529 413566 843232 451546 
914170 357230 695645 314571 424333 305428 137206 172050 749752 114962 489429 251412 146592 946138 486474 353843 167885 672269 62428 727666 
124102 162664 11648 395519 895630 177996 330286 596958 241303 46791 849413 347934 90415 946411 324902 413984 67168 793075 715054 33706 
795048 668724 60810 887711 336515 515861 847022 453067 223043 621208 381063 968727 548520 730238 441940 881015 894137 149610 322100 757759 
903972 630002 616914 121344 85301 849869 503080 608424 182568 910130 124924 900022 889428 724386 17880 131986 114416 591283 108925 118301 
153539 171488 950354 548724 294028 650894 711685 928484 387907 189180 246693 105842 244037 807781 231939 444659 816215 542782 753666 337056 
413065 308499 883634 887773 332732 433457 880819 189812 394848 897796 418906 621281 435513 138750 328907 125720 832427 201456 840935 974583 
444561 61629 382336 364439 901440 973079 965492 704368 668116 23435 308063 575537 306083 830136 429402 293561 465397 675516 942787 965515 
958683 944040 840313 504097 718256 457405 709135 359307 648148 224146 646956 107667 875725 672183 396023 962612 173512 354597 238494 487773 
950245 977019 562700 769250 540513 433485 140869 892740 359760 981991 533753 333074 259160 596672 364360 962191 403503 77479 867467 946792 
580176 116922 68744 516814 607902 676357 764834 517290 618237 232221 849409 390816 173346 297846 23332 473002 410546 442404 506257 71889 
734040 611340 514354 797107 310054 423861 402575 395389 909583 91194 734070 180156 672186 273474 587497 254170 449931 985929 308035 91295 
891785 889313 607597 95532 3373 383654 740570 187485 93285 521868 127065 865804 673426 65068 727069 371010 657151 89020 409474 374185 
467279 172023 328399 354781 79661 463646 761532 81430 147550 348060 121544 619227 867253 903369 190345 635455 361931 80837 835766 494644 
103139 572063 901072 64021 594614 245639 821788 648011 845505 541871 763133 720708 926464 34665 98380 971569 87247 322375 429735 739283 
618471 871739 888801 406046 195801 193763 704052 494273 650432 482386 862796 67171 736443 893518 328276 481398 227038 68044 94248 631348 
209863 133683 675606 318396 200041 761574 107625 206744 846571 794743 676526 151207 179662 540989 593427 250415 905447 573232 849457 403573 
336966 558376 100776 772420 151988 149956 711604 752011 819783 797540 585936 462762 66863 8374 227322 470161 963179 39655 408932 556470 
60862 165850 450495 755602 110214 68731 945252 362855 357465 454445 521796 733331 914671 241161 325625 503320 375848 219743 402156 332510 
786952 992532 260358 904406 787360 178384 566761 831003 299656 491294 685701 328640 462001 440362 640627 292408 877756 734398 238183 366826 
634011 629983 530072 644332 963995 772048 413790 186403 36607 900490 372977 314663 134504 632424 306985 477001 155639 484667 405479 246895 
614892 428732 443117 828461 777755 308154 809469 894839 695757 775954 358102 896276 228537 457877 431912 626609 965347 325641 351899 632333 
380115 170967 79921 869837 67790 817813 179951 231397 366549 18873 257556 500390 702534 609522 536043 923865 934767 519190 90493 977268 
702757 374586 75153 13049 618103 917531 127317 656626 541644 869123 749046 245206 233480 600094 357964 184313 972547 948695 91594 208071 
479692 235340 461651 571695 848795 576372 457524 12406 977070 787349 640391 231085 108539 791532 804128 384467 139022 419210 585306 298931 
723848 709888 139541 360227 392192 80850 126308 137546 176913 347885 328342 295242 679711 788105 663752 268154 658247 900829 710859 573634 
111560 154580 822536 31663 635275 357947 215771 626271 349574 342965 682261 483671 963609 742533 844460 36527 526178 454951 202587 239857 
449897 848636 818760 450416 40506 716788 124784 606567 124414 583008 476189 900035 986747 899694 400090 35264 124487 867507 546170 41999 
709597 500143 806984 522911 913601 870247 175529 908078 578933 278811 182943 517057 585583 789605 25453 196115 744066 620222 909823 917903 
361634 585974 972256 948594 680924 12799 797959 512397 599231 546749 355739 323549 756315 255395 103456 605544 768991 766199 267540 378356 
495993 907234 800930 412204 921845 83655 509380 650742 279147 819699 200480 52708 416174 263139 854179 363852 173355 358308 301208 603374 
986701 905689 270249 392784 198290 617964 689200 416923 760244 552923 382961 819008 716427 272556 910987 47071 359084 110831 768115 378759 
475171 814586 523937 409963 663861 678586 489305 640572 705772 723165 137107 52072 482870 267605 62382 577304 537013 565880 199666 14672 
732100 608287 993207 967841 320095 755927 336301 709709 900258 939025 374286 67095 91412 785598 62350 934482 322338 485366 826662 331928 
219530 171329 46111 354334 201772 117978 722298 156937 587523 660638 630504 540803 244005 19382 516340 729988 13577 145464 106116 829240 
675154 979116 395102 570009 722142 48827 387294 702147 305070 822792 858099 313085 113862 282883 166405 926186 25042 286291 476415 707050 
746776 684541 104274 782629 610022 667439 47533 629363 191699 121670 972462 679129 844823 810783 383463 544865 247802 139189 76821 212957 
802755 824306 845986 84308 191996 910921 754473 837811 834085 636228 883772 798123 848216 272215 207328 368693 871190 414128 5647 985638 
261474 796138 970828 677097 121312 516751 933299 773922 340245 11833 579613 413676 708642 491494 580800 289950 759332 339418 536074 854492 
689724 546559 314644 188831 580239 802938 454260 955443 494071 953645 306694 127057 254663 377442 24886 79314 845309 183105 324208 448599 
59171 637136 122089 98844 482096 734590 723710 616975 445218 201555 899649 405247 201013 572409 215398 133187 30756 310759 4870 422752 
932946 535831 805442 52024 602153 283184 228407 625039 480571 176213 969391 276457 925607 904077 195099 827983 539571 950448 575688 705098 
930838 79480 259359 305616 897731 771065 412351 434831 645802 263951 447536 489139 332140 931589 610040 949378 887729 399841 484798 317605 
609634 525485 168546 33058 520553 715816 670837 578524 402292 557577 265535 403995 802774 247305 542951 232628 476821 562492 67148 929827 
957418 737017 701133 196612 286290 623025 845813 833533 191719 51848 160213 574974 82181 592080 475437 697092 63554 237150 712667 149980 
773595 701940 575447 656208 185600 393815 245592 51818 817305 312382 648200 332018 88898 629867 765897 505984 404659 222170 601791 248718 
906207 673231 940025 725405 103641 117712 682064 946492 186908 987076 20804 512368 294900 771506 926826 627784 41443 672596 588103 84903 
338320 155535 578406 455284 314274 342122 587206 644333 991709 302090 172932 732979 948863 843759 766827 365111 233689 842057 381068 949029 
371270 143258 361932 783493 837457 876744 912737 239086 129892 839893 194322 575087 803928 337542 888350 490899 303230 856718 453865 252394 
391375 958286 883257 248354 108803 629785 707797 766907 353298 963109 835447 757450 239017 846896 327518 339146 118371 846546 639855 838409 
755964 471840 483137 822674 164161 169353 847927 529980 683392 112296 164397 377129 516769 470413 265743 346521 971551 968022 431510 460554 
976742 307293 369200 861000 271370 225461 161449 239808 363546 146581 385966 358215 76615 510534 895998 797415 474412 350703 140090 437126 
98812 789760 427173 240274 884987 813414 492330 569619 815291 604021 198198 202184 872226 144426 680942 821353 838822 676809 524061 602634 
168067 314208 398028 511328 989112 63782 20092 637294 690728 541109 984633 247459 263686 331152 537902 537030 250912 744803 433444 583754 
385366 822135 301864 786834 741203 328077 534907 871959 810552 148951 655413 55640 936586 222428 716590 378592 969152 930410 248468 849115 
606391 811484 837163 845148 17623 683962 73868 970916 145455 302740 261599 215251 124587 364687 863393 146452 662040 838291 671050 164503 
880885 203279 980920 858736 361945 162139 473275 990424 399308 582558 647740 306515 261547 963440 999750 777248 634798 243013 260723 390218 
108188 563500 345296 394685 794986 163646 965552 40229 566511 651104 815633 644063 508285 113247 116711 810511 318672 106167 401096 141473 
543225 877017 990996 251216 737600 800241 256002 966418 118581 405043 224475 189590 546536 45950 118686 249326 712208 590061 941252 991374 
976385 371246 521735 965564 169471 76754 408625 732580 462347 672142 829230 607872 207641 136333 486183 42552 61945 725345 953931 962372 
298416 57844 618126 658803 940424 842179 907128 515523 678144 964539 667988 835341 537988 127526 86636 855303 990202 270972 910936 685633 
393935 167322 470303 384837 300101 105101 568523 313789 416042 626888 188060 698497 504218 935543 51819 935842 133117 531134 696499 725257 
755201 475907 298751 1667 953556 393724 552275 608374 778870 113608 443908 329455 730290 127802 698193 699417 972323 623956 280681 576685 
243983 850703 337937 101278 797548 675701 668605 52350 999308 496369 842565 551637 988069 369302 309981 931022 56614 601256 576175 146737 
475382 24192 719062 129143 36405 178202 610899 264538 324784 908632 82633 671032 89453 356032 38718 927330 143140 840892 446964 354871 
8499 239700 762623 449429 778095 242585 199136 65441 76852 794356 576293 884211 138641 651659 746497 552489 383973 801104 19027 919842 
566200 915945 599493 796271 182199 151732 269731 517936 139671 439318 183529 355891 288609 951681 376140 358972 413876 150935 563518 392777 
562375 933091 396286 198535 340295 236635 902696 491946 802535 991288 925402 591634 505963 72155 15483 47634 206884 350874 238332 222489 
841133 277142 11667 366947 32292 470642 795337 184414 548231 807902 787015 213125 731269 481229 398967 492191 986621 390573 91854 153197 
953923 81689 56337 787571 915809 843837 91384 926326 32947 794863 514499 627963 87824 941899 933282 462834 932159 469195 810552 136457 
901709 172849 589380 157929 615093 576294 366287 968522 306916 394902 822181 232363 7016 733213 953783 752251 415166 576031 450095 891328 
723548 623243 399036 64353 643625 400580 398135 496049 196497 584320 893226 215090 590449 705379 568956 4232 95439 174150 279860 462274 
380901 32505 37504 64601 624793 51186 25434 507116 69112 397754 372966 488100 797315 65951 468584 121177 761314 706170 195679 687616 
76026 398382 712791 495884 277011 482018 253131 404077 483834 88073 904206 191464 926816 13464 541026 625557 727893 296156 834821 451371 
732690 3444 447109 705635 197456 419590 698843 166526 24565 642503 206491 43720 73949 143821 578371 731814 668921 994413 506450 782516 
660736 523188 676417 320990 925928 860361 581107 63358 453758 180927 990972 243348 474568 979779 769326 333077 106301 506067 580837 635965 
381210 678614 686042 206453 455817 694414 317953 377253 390178 75365 676628 194257 761490 586882 866011 881135 774942 211589 403919 242192 
30952 951174 2742 426763 847753 165831 659375 735591 705693 241942 926488 920832 698667 459722 301844 276903 30163 582345 210401 122358 
661651 890350 65693 439713 455255 335580 476424 161856 569120 412926 994102 245282 180933 283141 940669 968774 712366 301980 539183 422968 
70600 642204 323564 641776 949880 43751 861496 695049 155048 818402 32387 585893 415117 985115 744399 449812 267211 391689 292506 893222 
29232 895248 279341 930180 678024 767150 703269 310621 464229 933469 671603 145597 203829 789175 75122 271502 501266 287183 235051 483302 
730718 350167 540142 981284 487705 405855 47267 273341 604359 844105 804120 121466 71218 344782 595343 166775 60634 220866 653927 812042 
653407 497532 361627 638975 684059 302881 995612 769218 233983 469649 986231 159269 762369 91238 363699 808158 269050 201196 331597 695560 
653222 282079 125442 916255 385476 21480 592532 166525 242500 945557 834532 144900 259052 676126 995732 650473 241509 220946 842654 949742 
664681 173826 187031 12159 880646 194913 869963 991515 584951 98447 27225 680523 333431 794155 853119 68905 279893 847803 87322 280367 
308517 712185 985268 943602 545007 129460 510918 690707 990956 990140 493489 211733 288393 215973 645561 915413 58609 943508 377787 841311 
143282 309340 200097 523953 57449 218594 938288 554640 720473 530413 16143 313544 467464 611323 526990 18742 177968 918383 668767 626174 
543943 163888 369363 662467 301629 714095 347392 848394 845401 465065 494904 192204 190357 890133 191050 806988 574571 134321 495476 745393 
118096 225344 235060 824055 460723 580478 916544 384779 598040 467049 781833 540790 774512 287696 22796 272078 595381 712383 61461 753529 
748936 282386 797743 725406 951542 192207 756063 633833 929196 233704 533500 534802 248862 611321 494577 652883 691610 776477 36986 31476 
6905 747431 941506 93102 544609 236477 165581 373740 117343 238272 136337 967815 500590 48542 61738 946553 119935 389699 115439 899948 
732315 336306 666074 414822 833421 25715 872375 115511 337888 30490 441748 942247 988732 600307 673001 882849 201000 336078 390659 838284 
883428 279763 496743 14866 954559 867257 430498 908444 633274 392144 311920 382846 909385 720392 938358 552525 738388 416553 119799 429639 
199654 45640 61278 675423 55862 135403 239938 667195 537085 974000 795665 807314 355808 841569 841061 762567 310285 184281 643818 978016 
704861 49804 26 626456 532973 144745 852666 382134 606274 774153 61853 377865 173477 269743 65226 87265 33441 163538 855067 460594 
677009 375415 402293 921953 97324 820461 76170 29874 403973 496368 420697 414407 434574 398693 60378 774007 412270 182380 900963 938381 
353924 845104 950325 113934 417171 388354 89023 205716 421897 822884 233958 713533 295365 250826 309354 544556 439474 9821 572230 857520 
20582 49247 664968 433361 700569 210026 265433 2674 50266 625655 878209 420389 93754 653089 263608 427135 304 52177 539618 191752 
4866 337565 160003 835492 394878 26911 514544 530660 92649 369987 646075 750758 406466 848762 127680 303601 840430 813086 531747 721093 
142414 157726 732005 691165 819085 929157 512562 776733 243586 482014 452501 752409 814179 924967 266602 955374 899586 966702 274786 59862 
22627 319659 959493 551708 420592 165180 210882 420607 391200 358560 154766 122084 697877 537572 809605 118642 99712 637768 217284 954885 
335587 697204 337279 411435 602889 874262 772882 965345 351450 451244 538621 372645 908482 312545 691517 306661 281248 961717 898533 136094 
879213 728307 920992 562968 153628 647146 848344 854560 585479 976908 304360 854178 212970 205092 92890 177435 261991 185531 789236 416303 
634200 589850 43534 153497 999258 993400 899399 641866 81347 371400 19293 279559 166912 296987 179785 779906 585142 730299 611030 982431 
93793 482935 962408 164184 934453 101777 808403 96733 806272 708694 605831 560245 776789 739746 177401 511855 853215 298805 246884 589936 
47573 458356 247537 340814 410158 646365 4567 193838 803919 83444 336618 181205 277626 737959 628562 926262 734328 599454 651433 673556 
167902 648685 309546 775959 846128 648523 520295 82189 846708 619445 540731 65912 82125 355794 249289 819866 318295 249268 532212 269398 
53263 840768 289206 28946 962318 50324 736736 681350 736947 66709 123856 836988 78770 421732 743691 588628 4491 871716 605185 828763 
526271 839873 102115 256905 857313 24187 972731 437879 246812 833253 675292 936872 161161 678252 319112 30241 194938 921646 452946 8400 
899267 890204 950972 62315 254516 200725 746822 200751 664679 832396 816508 825383 667582 639038 169800 713076 688435 542062 611215 10537 
714553 643764 900023 569306 726978 160859 310946 327850 794913 338716 713837 736834 613383 776351 208518 918248 120700 494151 788189 488115 
140099 684877 695119 150503 629899 58599 335110 300129 856632 772243 195534 500433 786526 829825 899096 80094 462045 786570 772302 680955 
487762 552238 327683 33890 156129 634295 750743 876733 684929 159869 217669 971581 654661 99245 885756 792557 3068 857557 167452 585337 
928810 650959 914556 158828 213207 966589 165147 346689 169601 407159 496815 846110 50867 665825 987636 696964 85653 248572 786752 691173 
345521 366541 194037 322982 750643 439664 56369 315553 406384 211596 820950 819283 566235 455175 210216 746434 388921 707435 603959 876320 
514076 842129 295514 655406 279923 753162 423502 476842 632467 529431 830058 405750 405261 229306 416666 689522 248792 818146 80573 841272 
601092 261728 614287 651787 751759 973204 869848 320361 114377 163954 5152 352654 290997 168564 203913 958490 448500 38174 359040 915364 
678175 699550 70074 402801 69321 407244 469167 351208 225108 809611 165658 521367 535220 886638 69114 925367 831218 558257 39049 87796 
911188 386157 806409 913208 183746 54154 609636 536162 831262 821132 764073 469868 588509 857580 932074 242410 384766 224359 341145 937153 
163437 648481 539777 313797 390110 455688 923043 602855 873490 60488 189717 759359 106047 167313 731539 225371 327560 927267 775962 916027 
8955 826677 692552 214878 136688 358915 476988 814668 568518 754934 575271 979043 320906 201108 829562 980080 908389 230069 674618 984532 
794815 890332 279922 452507 116114 253469 602671 900017 909755 494753 973476 871895 619676 283634 352031 275686 36301 735501 706941 120892 
118797 374453 467028 352904 709991 730384 98848 952651 800772 952001 357112 831298 4030 237870 274500 134661 822408 155077 976837 2868 
126464 324689 141973 822313 978499 520451 52366 359188 186745 179435 208660 238504 872594 973713 263835 230342 185644 403543 382428 56388 
336353 979100 867596 840015 82591 380907 857170 672792 954552 739532 508455 76267 710410 683303 251183 44416 853577 371537 883263 5010 
125060 27605 815997 643469 243775 690864 586091 381025 226641 225106 356607 585162 482273 259021 903132 520289 349573 134464 17373 239902 
455657 464797 835149 844847 237104 146379 337228 479836 613904 985816 647747 684663 78096 394975 646144 144112 289549 367500 359435 475069 
90912 664051 411597 648437 791177 306780 348186 964152 140045 513109 401681 158828 843277 281804 353687 815546 860612 565565 573947 49947 
754308 730368 171613 445808 827376 912343 559367 777873 507831 523681 570200 593366 36083 900588 889099 321499 239127 886347 243752 43542 
538207 823151 785500 273617 80754 769288 766953 217049 94420 273956 737294 472110 779092 23858 213972 123299 275703 603954 437210 241896 
41415 340825 425333 581779 935622 923219 292279 618643 157445 678239 886510 312890 654879 84027 651345 50193 445454 637692 185065 946970 
494066 884425 749948 775829 190791 882779 8254 613303 314829 742519 695553 516343 588558 207676 235596 192531 583573 734132 304333 764 
283072 499184 212412 435675 527772 616308 250119 572690 37222 595624 808596 732597 635570 96421 532275 61025 92055 906865 308311 251539 
745066 565415 413573 477007 645598 968473 198139 757889 512313 722779 727475 97926 418349 708468 783786 365757 437312 441413 97723 216219 
502138 447309 834706 72632 657802 537427 511402 823966 260785 824746 186911 716019 620278 38029 289291 787511 875937 402185 210859 832011 
814445 459282 643424 803484 264207 2579 865663 805034 500836 919926 664146 680833 519510 291478 843747 15974 511821 50649 953080 573532 
152886 128549 338707 465016 330692 695646 296992 742819 386037 696677 463338 462647 582163 26164 966693 788316 913532 794866 803297 171805 
424222 767860 833101 565041 920847 693497 641081 482108 411679 773336 73616 927489 135467 865596 856235 447267 403062 971920 622246 754396 
950669 247021 333249 97926 771597 607273 913574 213315 227529 233033 438723 778099 704440 806602 398279 675453 882414 603567 643979 40183 
643587 552600 220970 938411 239702 591226 638632 931240 424314 599795 908674 944933 671761 865942 934707 710094 106257 614693 894676 313722 
705773 331044 864335 925236 80921 396199 892197 805405 104299 534015 616098 234290 624249 650866 970490 879491 788676 883948 245729 985921 
575667 401592 291896 971913 515248 385512 770942 421058 687251 627487 739923 925837 654349 180050 697453 30379 641497 712079 152904 161638 
536430 686945 991422 252563 325306 892768 836975 591437 39952 25708 852555 572984 711630 495937 273719 756617 579449 437941 56175 552807 
243938 694938 440037 680356 901238 567136 502957 440356 674259 347572 186810 212691 333245 921464 597129 228775 889780 94791 68455 687290 
902412 610286 942617 123333 747923 481125 736639 504489 355604 703314 732647 268622 662810 323496 404870 515107 736069 890694 231306 632560 
578468 418279 789564 672919 263865 999239 933879 114020 789560 690658 277079 98248 320593 502145 160906 516907 442461 19103 873185 363585 
554942 616440 284112 429894 792975 506878 963992 638752 725483 601643 529416 750558 898320 592187 666072 598208 403181 88489 386423 910035 
837857 834074 692346 201882 700823 774594 185878 519273 469781 606855 590535 915804 288451 293988 155161 317597 30240 788136 933516 455190 
820577 573328 657045 113215 329057 378832 440588 43547 944778 983484 268921 487966 310770 447450 299792 897258 333168 269063 450790 451591 
841673 322725 989172 444153 940671 487039 432594 791173 858131 750541 261482 887820 896406 508476 271422 783243 764468 673714 183583 211093 
852610 79866 739086 863234 640365 425959 175950 216911 218879 767086 225532 842063 697180 198705 551121 427204 997218 971113 432043 134080 
257495 329139 805821 274024 944760 721212 512727 882333 619484 245651 418968 502490 23634 797326 995524 115386 512243 163594 592006 992495 
770619 138854 869283 411069 138244 894715 955264 233161 155318 480465 683052 408883 844962 61765 146290 93834 784041 727312 57269 560859 
975657 61478 162984 268501 953799 478820 850844 653768 808975 220649 782515 836342 122206 669208 584655 656306 822545 657701 462880 247385 
780949 190066 820625 6308 522477 342543 640644 997775 864915 17380 288919 322707 171748 502163 56286 926924 717673 971970 971577 16273 
757995 492487 818493 533945 573355 489598 632751 208874 592392 588995 687599 800720 598570 396727 452893 420579 27427 809413 918761 654328 
562877 402526 369686 564643 468970 206476 759432 15409 743094 576645 541223 213065 884468 10048 819870 426112 829367 35021 759164 900492 
236664 113136 948117 794327 55198 916585 618147 215622 34042 117572 658285 628408 375469 244452 648675 723109 575276 994275 61679 987098 
937516 72074 567495 644726 721968 653800 968940 317311 632621 980288 799373 570912 341326 134881 188670 925485 305124 18705 658549 176466 
526341 377980 277781 807702 667125 263234 160624 522703 434033 818071 550800 695860 310191 719668 53743 966534 122243 315603 482481 176529 
559524 605144 380362 767885 727913 867245 745490 899881 803687 47374 439045 535698 848845 11263 988800 629205 296230 387978 699792 571150 
55027 555335 520247 879782 56517 207098 274986 957014 315092 866758 661625 279293 440 639838 5847 952423 712971 825141 703584 457317 
708131 654395 852177 472252 893133 237665 461170 840986 967538 535326 563924 983962 91223 242496 731858 713888 229505 943736 645487 457056 
30819 167698 108970 997274 974703 299681 224396 21325 710327 235697 630350 555989 60795 128324 395257 896181 400996 929570 468401 800753 
785846 812108 373990 131634 834530 235694 167496 335443 862776 449157 420841 240584 629435 785248 202603 761817 542200 820741 785694 836126 
581942 161877 557669 716610 311485 689899 11403 902349 591914 624403 509334 889206 599432 375748 153461 983692 615694 885857 267863 992765 
847599 857056 473380 10948 576047 861053 495328 191962 583369 729066 293453 489341 801587 194480 127796 262218 733670 247403 646286 867517 
226873 17217 878234 291689 785705 275981 19109 771643 741983 650105 416925 129945 593177 71335 623258 297134 841859 452952 193750 685892 
63830 95955 205178 722971 928355 939006 538412 605707 896033 219341 849458 617218 459383 835967 310485 958296 124331 758666 735894 405440 
477658 766148 716345 758046 177668 710462 191689 200056 266927 832992 260485 842479 44017 639522 588024 305148 675910 155316 918791 45620 
646288 730848 3347 148656 402918 848938 23121 531068 885596 96513 535731 654085 438379 752866 119434 714476 77084 504345 907121 352379 
670811 523924 375028 514823 699781 949154 571959 808143 353727 862531 434865 816232 390055 35561 927212 893972 629609 884185 715126 582623 
597891 770029 482275 561887 142484 568936 459707 790658 257398 271257 430438 542140 500549 313501 454557 653179 977696 740365 525472 139123 
839401 383144 917570 787520 377538 480866 289534 911072 704463 528082 163435 131468 40287 259710 166767 233202 247008 484229 307748 386100 
269859 177194 890481 787163 33789 102571 215239 951871 773036 316339 423419 493603 326252 173893 457353 424899 222557 287200 333303 853319 
941870 378171 217891 341044 943294 74047 888810 341847 414962 949282 817265 46951 868501 184863 706643 703987 748213 192773 403479 831995 
942326 176537 197268 801295 68578 744931 346342 678205 402135 66833 102104 147858 508228 523563 977268 777646 151854 771265 603489 403525 
585367 465830 615026 801528 673732 605279 39480 33584 234403 392800 723794 687320 86814 933770 476750 32584 980367 577063 283770 55862 
102824 180156 663621 141736 340540 751219 54080 925200 184086 565628 180511 856199 954670 815039 420989 800040 419965 909477 206313 959555 
308253 353423 264972 707368 292591 782796 834802 125695 611111 222897 938246 827552 879540 209216 942210 659133 810527 399081 198093 999992 
666791 917727 887316 88114 104595 386633 259847 668698 589088 493221 814929 493880 976296 680021 100904 473635 957574 260538 630956 748561 
281668 336139 155967 757153 103593 161272 864854 993719 708183 902278 64913 570570 146883 355083 374138 407111 254887 338672 305286 24261 
237369 636089 650497 419661 281270 431752 613872 887363 235201 602092 974969 26882 343463 13255 272696 774859 834891 733237 243947 985110 
736691 788058 421902 562569 512504 644063 67695 523318 759557 762319 727413 386692 11892 37073 94751 475873 209903 822562 20686 311399 
694427 608926 742570 269540 999794 598282 350793 80197 854849 842715 72090 480437 420086 509841 955607 652206 708439 203455 678034 899745 
376603 844766 290226 760343 821910 848257 745002 876980 521756 928133 603419 845417 996604 648465 21426 705126 688061 663956 687028 275773 
315122 272190 101423 982518 227448 571411 748941 117585 426698 874970 777081 745138 835186 145906 859665 501654 308538 829967 465294 62943 
902666 882631 817985 181742 848333 629125 412763 17452 227282 784298 865484 620886 250815 715819 61318 27738 66747 405236 617796 730152 
669456 896122 630434 734963 453313 4320 952017 947957 230347 9922 581436 578877 850238 118086 927034 220509 147683 762108 29544 985111 
708200 941657 469892 871725 47697 534510 925124 210933 543278 386542 757003 556049 67806 134764 27324 308840 764672 859169 590636 730837 
618503 393252 453209 323260 264775 36554 594410 856146 9881 681191 61999 214537 885694 814181 731688 680962 712629 412968 386676 444592 
436224 953526 772391 893109 512674 35648 432773 530788 589573 279585 574276 12655 851172 345216 149803 192591 430683 538667 257460 885937 
47135 521785 652244 311722 578897 610592 693678 100167 100788 202661 964437 522258 464051 268436 127022 732996 105909 192039 687801 689675 
661830 447583 350519 745336 34535 67128 834561 844584 936218 851516 528971 118529 218503 855820 343315 481905 806871 543944 995522 409150 
619333 181458 101641 840562 525629 318183 805348 10096 813806 975972 21059 78943 1818 278841 837741 576316 52073 20892 858819 172717 
664387 999574 360671 173307 140174 431335 684178 825909 399566 341958 546291 757473 349724 959413 838621 211562 743420 944992 251319 139410 
178191 32129 190089 537909 497900 561582 576364 227820 24540 675290 854084 142320 227736 870810 648311 875650 489250 485257 125926 277337 
118315 366946 870757 504083 169416 535450 223411 267810 106309 626383 819879 457441 71120 805114 996600 549446 818276 401361 995206 387043 
803677 236160 482370 508941 517117 604122 52283 421465 852439 5934 123118 746938 450804 27897 355913 214839 643420 891357 483157 107759 
851963 495876 466909 832829 328047 34661 927114 667868 31042 428936 661049 318860 484553 371245 332114 595588 363711 809798 993215 133993 
235758 412124 622424 904145 899888 446469 895591 412367 370796 721530 151564 118733 130890 182550 743310 293178 232815 960205 997249 28340 
487536 198668 706112 335160 225126 773290 288670 261316 534101 430602 343332 874430 179594 867805 135845 217415 647205 550675 849067 708001 
547317 815687 131855 886131 402935 611969 201984 120529 79916 977645 140172 92615 959997 205627 973119 601942 747897 192258 926765 388891 
785670 272137 829203 729326 620373 260279 899414 174924 180926 531623 785078 819055 711638 892329 827474 856658 23909 55958 635386 976842 
651376 683830 879281 770559 914053 107292 929721 125005 657218 6564 929106 244014 155213 877771 162198 47031 479873 633154 994098 967012 
759619 228359 282627 153911 382537 331162 385206 258144 542583 17234 288066 88482 75750 498262 680305 643192 180631 569181 155221 950637 
893339 253027 685347 689021 157659 778485 713161 543286 619015 340908 264767 516635 562810 960041 15281 848958 254830 587601 248260 999638 
810358 423682 475171 221587 881500 525787 129212 42581 580788 930615 459800 518730 282877 988839 614213 696404 828433 44851 833221 21283 
844818 133539 481415 134492 892265 411205 108142 544849 931766 403264 444445 862180 293743 707583 763928 609843 481236 43478 206792 827372 
306166 144154 464119 750082 748602 27873 646620 875265 885045 446659 735477 71689 535895 64447 119413 136129 505939 975952 696079 237249 
411579 330566 887092 612945 578403 111332 109446 335280 455527 364985 795414 706139 240078 404633 752173 950525 917956 183463 44238 909014 
399343 984539 411575 147555 503130 508040 95230 755603 296516 13060 970320 463046 387879 59499 239593 752340 84406 808508 920565 408592 
161404 803886 518 262820 861473 127809 555903 625384 807552 76251 406053 177352 484195 987970 158868 183086 736996 474543 676928 873771 
964797 47137 560246 10000 422396 367257 823202 101853 441205 522113 748112 811691 743329 539984 310097 33550 994975 286931 309155 222406 
262896 860673 666768 422720 223445 250193 229650 269596 922559 298977 515350 443516 412141 758132 524230 217335 253610 877113 250247 701011 
446411 566791 682766 603161 928049 37312 80844 417234 78429 762117 503719 996760 649183 327987 882223 185882 373299 469436 995407 564354 
428582 912297 24728 184092 918103 947106 197352 762197 424271 335016 316223 185847 995823 495226 338333 873822 657285 610806 521365 902686 
773324 342480 607705 57237 205838 361384 141488 68805 203918 106903 134401 292793 603161 907893 247990 15079 564729 227352 43886 776027 
991993 9760 927652 231883 629309 632234 365445 899113 695319 409955 170037 985861 117241 647302 719312 736089 15702 986512 18373 446182 
642266 199212 177727 563220 627370 924066 974898 258785 226810 210077 492012 731449 164719 316481 837289 278500 34134 680403 519529 331015 
804228 259119 622039 847972 721013 661949 125230 287065 538131 821528 836650 863247 430506 767472 603161 23330 842325 691421 576180 60432 
279441 462477 458168 933874 653962 528667 498956 257709 185860 597362 571451 903995 889111 701901 544008 921254 80640 988757 4864 35279 
688028 515558 475595 766375 759069 355621 810248 318678 122731 860175 1842 335886 568577 434151 557979 637482 429883 31360 843676 323850 
688721 892050 681751 139612 279054 836737 15193 674605 595287 154450 671863 650836 522815 303373 8777 907764 108496 326255 6736 107319 
531172 120738 938307 779828 886989 212213 939708 931114 5504 613378 953494 791573 265481 470288 376271 272438 203617 415885 700764 425768 
964589 231037 737062 959103 734594 658098 949310 223225 65102 80879 558835 182796 512434 376472 960679 248220 416026 453246 30981 661674 
950298 286581 110471 525386 593657 439499 490970 61784 340211 14831 139152 606091 728067 375727 539997 632551 885304 656975 417075 940111 
777098 585959 795747 175771 185368 894679 340604 49795 354155 754066 50780 152526 732769 292666 479671 853339 670306 705894 403377 654769 
667248 205260 107985 527143 489061 764041 6018 151669 788501 488637 155506 630860 797727 462632 75631 424439 979783 913252 877123 371228 
285100 759353 829526 108492 285793 679540 608694 683844 101202 475071 388458 182011 462684 754159 376901 963323 786065 159851 639766 323090 
783919 31097 574909 371201 963100 228619 73606 25315 431867 544989 964039 818216 912562 254168 846188 539190 283196 60379 5209 505336 
324194 102127 612545 832375 525163 733463 832852 936492 563000 852793 893845 161983 733175 89731 161817 834711 242901 4964 819101 158788 
649550 619165 110833 184327 859304 968742 475766 747480 462044 804687 468917 41813 318262 445428 473861 823141 715762 629048 378483 447199 
291047 412904 457354 266435 264691 377965 778608 885730 246819 460231 675805 141473 670254 418825 637946 41577 157432 596595 2302 206545 
607826 446145 282118 580247 747426 858301 864241 435051 794442 207513 633917 297282 754461 766247 376166 221276 312038 890745 727120 835339 
960520 726541 228659 100588 776352 513324 975513 257326 53684 297337 780896 409257 520322 707689 153979 145194 254621 63237 893947 127240 
537394 876922 159629 332848 205859 204187 648214 542176 95112 196788 175267 242517 266677 116642 696822 528907 32345 318267 578771 401319 
309926 667569 552049 72668 758536 702825 394534 360656 303635 462149 263084 329106 413024 758736 895790 539494 984024 456046 967016 655864 
720001 13189 207116 678173 696849 127380 857752 681108 213447 884807 297127 722522 868085 626523 944765 955952 469785 72858 663274 531436 
649268 605148 889618 344001 833952 947542 682684 647077 606622 534659 542778 759294 434191 209242 992984 83840 449613 719134 102621 383850 
269734 153198 207195 478450 629921 34623 856100 588499 323718 344027 318182 557403 651583 964616 40705 226582 865359 725354 16196 871217 
371447 122397 478644 986956 846613 782509 855648 731685 470219 762578 465380 326512 786802 445370 516336 949891 708491 890732 697822 609835 
680320 108644 130459 684684 885522 478792 119968 239428 294879 508049 60375 348098 180748 241530 398767 256877 731224 806203 947677 105964 
647616 822098 219204 57894 790721 346367 22629 46034 191038 119760 578841 337369 273026 263534 268516 66171 279403 627583 979211 51970 
326856 711629 65564 1836 268180 474399 978854 380770 267134 398741 304589 687907 237478 746876 516003 732483 223880 418543 126808 694691 
625961 780734 352774 848793 217299 539992 870197 731999 464710 26136 857955 307599 314264 604465 821585 511662 550176 246476 627242 9102 
23068 942232 337996 287898 384864 790255 359836 760718 718316 285755 101045 577770 581878 626555 589261 700509 254188 837268 220138 953076 
595145 16403 1446 830608 310936 525980 447001 716199 366851 841088 881968 933518 894792 785729 16210 230861 608859 360804 401507 757602 
613685 129402 234472 236258 607336 643980 619975 271655 868946 673296 305570 46351 628693 865844 27689 941521 596903 858879 765552 810762 
889358 864711 618176 183505 962076 773317 763688 303865 670833 207911 393187 587448 586175 531508 343203 258342 179503 677528 675249 193780 
906442 568517 339118 696073 890319 992239 551304 377609 775983 561731 559227 502296 746739 791901 781260 884397 661333 449565 268205 445117 
329085 626485 9590 965558 187411 603785 460309 882641 897176 877307 362199 110036 1840 443545 823371 576535 294569 654786 581928 27319 
521121 706756 980615 690629 333852 363361 510129 626118 415288 864885 624468 382695 739635 722811 787256 333081 443411 746395 58663 374743 
698342 428499 218266 878972 625761 300592 884594 211972 81636 21032 377981 981774 952858 45601 767920 107087 957303 501892 682852 465124 
491972 71185 322749 57873 14057 491345 246358 825151 159612 286455 161760 820843 419798 871748 291876 411009 652249 976381 98826 108064 
135931 72034 103412 17412 704147 277807 136280 883225 955897 7457 60070 695855 832176 358112 92921 34935 535854 723345 696119 626525 
581827 612067 516944 172994 415965 554950 177693 33702 64861 199183 407792 912499 739956 384006 904534 216017 523081 241566 78685 666814 
737081 449909 368810 428926 898963 523689 403587 552959 762708 116641 213454 596695 879922 632163 321763 596972 651198 963377 113988 856524 
117977 72219 673445 699648 318112 768776 447461 408631 461693 772661 400320 275648 508688 742134 577252 672765 594103 424783 957076 173203 
215017 249757 398711 223290 80864 356387 158685 246979 251081 506570 21199 399796 77017 852276 618018 56551 269251 455749 285155 495458 
612487 910532 493529 646738 56043 772721 182866 350079 252155 397216 392864 499658 575300 128271 411421 223037 981295 978065 90770 436202 
903363 749248 516572 423584 877726 490015 169390 357449 953268 940255 225272 740002 839448 860329 221280 971522 330197 720004 601035 917660 
607972 559991 695733 916785 862933 620336 164055 320883 725578 541412 594569 563837 683105 715805 319414 126990 649810 301643 360473 977174 
608681 525909 538379 640913 882403 525622 964350 326253 400517 72723 168777 349569 631033 702121 615628 822656 768947 613458 545151 329110 
647576 780028 405903 704469 790790 562389 232966 515378 106510 211315 942979 559334 611888 471028 917702 259079 838856 311244 41858 661657 
888170 589182 855576 116246 95435 305324 898376 498937 692221 300861 929109 608058 619405 60304 493805 677310 671173 940153 893095 142767 
522024 9255 856278 120637 310281 298661 749142 499329 567578 920017 118727 372323 154976 122351 21731 255397 987969 657522 643408 303740 
665541 205388 399834 61345 89680 438116 631187 17864 490829 421229 956513 202052 664058 43213 141902 125417 716562 770440 34931 196255 
223940 793851 511296 496180 679070 54224 224586 484780 592354 580172 807133 479492 176644 474711 78238 65275 731896 635934 248363 380100 
919412 882105 676188 133721 81515 984023 253868 490419 769692 694892 347082 920447 451472 369733 297715 298742 771505 712154 805081 676333 
222116 750501 480133 72526 60313 561984 505802 549648 459946 361377 688873 619183 241517 503418 787810 963864 65466 986662 993511 134968 
445022 43898 959839 470971 201120 390799 280519 992953 449738 764656 38905 143715 327225 738542 98188 995849 158014 396666 79818 857013 
16759 645134 342893 789315 634163 434641 669655 632932 911417 332650 86158 373820 712952 327091 112559 258401 69172 306420 640977 339865 
598209 886124 187168 394152 814705 124421 615590 718595 322279 350662 809144 626414 666902 885599 729083 58053 322801 389602 10667 846019 
883874 683631 310893 221289 788284 536121 217335 334692 557459 606551 779075 754115 777784 259500 854764 515865 576399 955051 435850 28940 
677050 391049 83306 266809 279103 124108 667490 920103 667173 51103 611477 873338 30056 977769 517483 449927 853231 719718 497053 616138 
203460 205595 396274 181941 179935 789291 427187 369220 744563 380982 462026 550814 544737 453879 778185 281327 382301 471291 157615 885026 
66020 56083 577284 810600 28692 705999 818330 10128 181774 778059 222931 999933 341278 535555 196803 242376 833683 642247 171550 159335 
331341 650584 703437 331820 203164 837485 529067 282027 170832 573185 558512 281616 676150 665458 456766 563527 247226 434005 305819 297108 
598090 331827 82525 757286 877730 253213 601663 1119 263780 878643 843653 278523 912299 316905 529696 981906 353983 984512 188701 499836 
807099 172606 400466 530762 836064 335811 985070 551474 498344 620606 824396 926057 190716 371945 639020 12738 499835 759477 474480 897726 
737024 92070 255715 945673 769371 679125 922178 881257 667516 557031 383202 982634 468707 920361 491231 721403 549584 415312 86581 700767 
647698 966400 854773 203538 352367 417698 748279 511575 100872 552155 580939 276828 994349 434450 305824 599078 271632 751930 270775 796026 
529924 990176 419888 4339 624059 84797 485825 916372 53434 608042 487334 305778 520061 921555 128398 102664 489454 194072 706061 815725 
316428 304598 822998 413018 263170 981332 908881 251663 130950 365577 414853 2182 118585 373646 479629 405898 50885 420320 448640 304947 
793719 541509 917138 169859 450789 303346 31850 108205 376463 317155 721804 883302 18369 866982 16823 803743 533409 947461 883412 158645 
147883 36309 170722 229640 14369 401449 551593 145949 140033 798515 83542 665023 982851 9090 840487 259992 434222 188251 540804 394465 
517701 235226 956247 58566 941809 277306 829274 221304 690086 483240 466841 615494 524752 790995 190417 66668 646820 715058 989865 969137 
644096 318273 282594 529041 502080 370412 505352 534965 419527 656926 616564 763938 163605 690028 275078 141467 140942 841616 960047 92120 
564921 84890 273361 379044 598027 228131 565123 839570 306329 523309 766800 362837 248609 678367 621338 891445 555821 894372 89493 508521 
770074 761519 570005 36711 252635 671210 875874 94092 676951 776681 526369 497238 545881 681966 953265 874216 938319 818957 17640 12773 
713035 564700 906340 503309 820909 204203 910605 566396 47270 52460 820885 793619 635488 791104 314139 748308 877850 352380 303593 917188 
400555 134859 809417 47882 323074 242352 347880 943246 118553 94142 229661 369213 786127 292971 17985 818953 554159 551298 564281 636836 
835 318033 564318 62875 525261 347351 529378 826966 353092 415133 840571 265408 657598 385083 119534 775968 494929 289227 675643 749015 
938565 372504 379368 523669 249823 208965 624645 875057 627253 483786 141683 31884 422506 162036 956866 550726 406426 103850 968676 177055 
37500 695363 764615 472718 863339 194781 393601 239562 353683 682060 379240 67638 364862 441186 895066 564200 415366 119352 975938 966565 
230049 835705 33929 437811 334337 932525 497051 381932 305183 922236 896747 794552 188854 628799 729469 678220 105028 373596 498689 807459 
584363 841214 678002 189539 800741 62271 235243 30181 410298 646693 446512 33346 373158 638415 576199 8276 122778 752395 240742 514743 
626706 907011 780257 829685 669253 894795 144800 554589 986206 396015 974398 26180 306711 394666 628862 912211 195000 413310 413519 873619 
511575 491709 188137 183082 458539 473550 528551 211430 300815 731132 963140 309456 838849 948016 841414 808203 192496 118677 124919 302452 
283503 71071 596935 153714 495679 519527 532043 326832 672520 214561 463204 628780 597737 481888 711024 491715 699614 683010 696501 91133 
254606 884050 719805 383258 8156 233646 738444 579184 94337 906533 885573 268017 919214 23078 705694 609440 644718 3832 722931 877610 
482695 853993 487892 341665 710230 860050 618785 324483 980302 945200 125837 371175 238127 623473 841841 530701 104320 718047 10013 606763 
452577 863114 457168 311342 257427 244507 658766 110688 102423 173552 115572 272474 777882 454122 471514 400334 516731 101788 634214 848369 
141153 434394 872548 342162 554646 542131 998013 935021 111248 565949 517518 586264 659930 260569 388332 7356 179020 348743 677248 553146 
658063 827117 436641 908662 846986 732953 871827 322444 302564 588570 842330 759086 11706 712161 373189 365485 309070 744299 7286 707429 
790826 426149 822611 880567 733714 291716 662046 208035 592682 193229 390597 392578 310132 770709 854278 313464 216014 873670 669856 918688 
961901 842194 23726 833267 794674 759607 517373 875440 58636 910532 260917 492007 353719 59169 787266 271760 455334 195503 897683 298547 
301297 119928 501312 635784 925271 467011 655550 253897 384874 449487 716888 26 198253 887372 607283 764053 498897 483122 609696 3323 
463016 442109 174533 83876 981560 143057 626009 160157 8903 473907 646466 870166 135615 223561 259338 15149 64817 271301 114048 599139 
203168 318965 677619 601541 989376 701673 419554 547982 726488 194442 692160 95947 56342 374354 458043 625683 747877 119587 148749 684519 
924455 275317 607591 951135 713045 553295 219190 887757 631087 391799 899654 84801 740658 890466 308415 499443 3168 799092 170712 346435 
918857 45191 707583 10879 373224 377631 162944 314241 213701 147502 815027 631884 824297 215126 937007 641914 311508 298377 688440 831706 
367360 978711 45815 265633 282694 845190 898014 417160 555073 45878 636451 104351 938360 552255 157437 334501 453535 704531 831085 30558 
88978 266863 759424 615504 193467 654653 795194 355307 13605 370648 150746 825325 228402 113597 22718 37034 852455 538466 720082 589435 
63939 229173 836295 41665 746151 846222 549434 381852 102305 750935 898250 544108 7393 200057 517969 228448 454226 240559 222971 693623 
51628 271457 293421 421 339334 476474 115282 186269 23045 163462 415470 886871 323683 984208 143978 728781 955114 947922 277325 872120 
512108 324085 471640 493815 380886 965671 620944 662403 190696 306895 50244 425671 591463 621319 272914 371560 750465 327363 401184 810716 
65067 58975 356676 559735 610276 537110 406475 172032 909471 511186 864851 20341 80073 99750 754757 533113 890673 122329 286408 573687 
382188 112804 165590 522838 475612 86092 248824 728992 907215 838853 969028 124249 286530 897488 287736 407851 337238 889294 608416 349773 
531517 805281 227525 611818 828655 677257 186672 391772 129379 754559 709958 468656 55962 778739 356656 284153 762767 588484 740225 415781 
133087 906769 546725 966167 280180 849966 730732 880203 589085 75255 533120 793169 124157 877187 659401 154668 752550 159318 474496 26481 
77263 923696 358526 30926 420629 900236 551388 790018 712839 855926 248368 2787 292598 219256 809531 970694 31078 563091 633691 753649 
333420 643935 856732 248634 636180 544678 481750 911715 54038 626979 40344 896811 900332 635723 5753 958681 591348 952686 963732 206603 
279937 361567 652829 484893 818724 37451 693055 870070 405759 901046 583060 446176 380628 223041 215294 54949 767880 705424 33571 400604 
400740 902377 352734 323543 565416 243460 724897 172813 977450 462146 642339 187759 824721 692423 951201 196413 633224 909926 652292 412300 
747227 641797 548686 682341 223437 473542 150287 208187 685625 595005 415810 829840 973555 575944 576851 212377 284245 92716 689101 697324 
903733 309080 471659 105253 862503 551556 92125 97186 664007 457624 965555 466264 140664 801925 847238 532272 300593 758545 739671 1793 
921073 28674 486861 480595 577626 953224 154558 107928 791656 389331 200285 559084 917373 606434 182520 991757 848323 52629 964267 956040 
928209 714080 660934 683530 649071 576442 922213 702039 759152 176959 342854 322277 525294 459875 240594 811300 79302 609852 601465 133078 
508846 190531 562508 403439 951334 550533 150571 686144 363032 343315 232895 395681 556375 873929 315882 548157 227053 471308 813322 599734 
818124 971193 261085 935865 150208 127383 134736 460869 199553 850382 417308 906636 853019 872438 988731 623767 352573 614562 30444 961890 
697410 680838 183861 511005 948721 412481 925734 429520 616818 823325 790213 500487 509886 314909 477616 489547 979197 585483 695912 337892 
96804 229371 963411 171544 918759 116114 558871 459509 555196 663107 398851 859083 595865 770269 586957 876915 347269 588033 516663 852821 
817979 36657 788199 81532 874357 952065 237239 126078 501638 583679 167692 509254 448703 679130 339256 630995 563654 603015 661906 779982 
648154 365844 830947 488078 401199 925154 397681 248498 72214 232248 897543 23738 813451 294558 119178 814357 687645 50522 64346 368166 
453116 984589 564621 355017 339430 203252 452822 592299 226661 603229 189384 889433 106126 815731 282094 495830 386844 790794 66460 293001 
571829 944486 759268 314128 727428 410640 253244 312106 826656 224566 489504 854289 876443 76609 642160 973148 155069 536628 889006 298668 
499672 182693 160641 695387 473632 196748 262476 180612 280486 507097 983514 80774 906364 388030 356664 810805 235910 947052 547396 740937 
558638 997184 473834 740768 86376 514148 156416 549724 933182 414436 816438 178367 693816 356686 650949 924362 165736 186833 311402 517451 
531373 573697 746686 567702 237391 187114 179673 606739 155318 152898 948476 669913 853726 324510 705470 770262 333969 841089 395000 781196 
948776 962681 106490 947803 981958 291734 938875 198667 864910 566984 566877 105756 867577 578984 360574 649498 767934 599761 442051 770146 
399089 940811 457268 242567 399742 107322 372399 584237 201843 767055 90163 731378 425571 667673 980624 268509 862726 80256 745133 533410 
649623 511947 188979 699711 760804 678038 196200 948118 515532 23701 692065 302341 826957 513919 38379 20805 378861 103812 458550 630817 
85221 330734 911092 756281 171775 665942 830692 758105 990904 884300 987610 711982 967173 25575 260816 154343 927325 63716 235141 96134 
800820 829137 554383 449866 611766 755698 351284 247435 146899 493951 423439 847538 830742 581039 422018 900229 555773 12634 645792 732061 
429238 308836 994788 937887 407783 882192 328885 386979 453903 352587 407222 350127 996881 931556 39720 141028 780381 643535 950448 159483 
497091 867326 187759 61173 61243 672967 454408 130455 227335 105972 370116 195605 123045 524590 246074 283114 870456 42251 737326 422799 
365059 471453 289821 738772 812417 34563 158317 206644 287320 722398 552415 998119 320800 513237 224996 636953 73390 681957 912703 187499 
627893 739634 781716 795578 260285 417423 793245 648513 484615 854125 64104 950009 334692 920126 245562 483978 246625 155442 491308 854749 
34439 890466 104238 741880 589638 164015 153128 874640 261676 952407 290928 862145 619576 954943 60834 788038 785859 652323 776523 746775 
141974 57007 928113 534039 719423 873247 367581 31671 14854 666354 361894 138451 181384 921004 2009 774035 648179 876992 826588 284060 
214097 201403 230707 863093 434942 236744 380291 381820 574427 388208 10925 971323 955453 347771 690286 390284 762309 64911 320943 592022 
798985 398841 799585 849866 888386 861713 427238 169799 666402 326195 796077 448358 597563 359431 314283 766572 560785 461164 676649 970901 
58740 97955 741179 282472 301551 294461 156761 758096 315169 967725 208273 727658 130426 246482 11907 654241 601771 552915 257117 802073 
740222 157099 429708 83250 728084 313188 700862 416550 228557 263284 829515 307049 264779 314538 100781 387618 967299 993306 399292 159860 
958994 816640 399549 317701 712457 978471 675620 975274 402622 642418 223509 984951 488685 656928 799400 700686 41 175019 950163 339474 
956429 887925 761481 175246 191937 667815 665692 988507 370652 16894 855416 900772 482619 298341 134810 566613 280941 435877 479510 698235 
864907 588012 849883 635263 696053 291776 9354 753338 469346 60418 587634 214528 738179 124876 414659 371417 207941 565811 136527 460422 
24178 38809 604707 649674 441494 237425 192848 240772 551990 368646 168873 922192 119230 609524 499177 648822 592468 585669 645671 776182 
249202 167536 433248 283468 969359 412020 547187 933354 549092 451143 169218 91532 292471 851438 362078 197403 362972 222017 80201 987269 
416012 906164 12690 906505 503565 272463 801389 580627 679533 211409 894545 151508 217564 248424 97192 114049 797746 406210 561175 776557 
463800 93480 158479 974105 428052 424907 702632 311063 123037 742026 20550 37881 238228 323167 917840 92484 104854 899487 151847 345979 
820150 664609 263150 615369 714225 942561 633123 484152 403935 756628 850 2053 396710 787722 476525 948244 988064 276091 869506 155038 
149963 913647 397168 973935 525001 143391 144859 92065 590339 815654 203757 414274 256837 394702 188240 456569 282243 891704 386808 69998 
639340 718780 345167 508345 853219 895634 46413 529664 434418 165057 983355 927371 180547 491443 615147 510179 441558 350013 423770 802 
309053 5023 100588 36297 764013 452120 283535 499018 7003 599221 11987 67532 654092 471488 823728 797236 320866 668531 876234 612273 
922556 737529 714481 616188 527706 42937 999501 895722 871236 649873 495360 426333 894662 74288 546049 383845 938742 443575 791472 443850 
687151 956707 426824 946074 684224 600670 751970 972030 315803 551681 340063 282778 854808 264855 928856 800639 47238 522586 368254 139430 
713813 404195 19612 228076 757625 409072 107628 566096 821179 725626 294375 39596 254736 235554 532269 984779 560762 873856 371720 637589 
612464 419200 852160 336665 572680 614822 893636 410623 882351 105979 158897 407372 231218 895146 337799 204072 495222 816187 121721 446167 
17882 520203 373393 985766 801837 872141 280276 348275 352280 662567 653078 147859 63141 149253 443614 970716 420584 979625 234946 647874 
836173 897603 301970 896406 784939 636974 154754 516873 529561 462205 338963 976735 149579 705636 434302 377091 157132 189940 901760 138710 
254579 344536 260316 405203 181739 411349 424474 995825 264761 232957 973100 866310 224704 778833 356364 75036 988459 51723 555163 395215 
855413 626950 431016 805938 672286 655171 756356 135994 38739 814606 486810 834938 491602 963493 623618 830389 953417 598683 773643 943322 
186452 589933 288870 69394 860488 286790 130717 64205 221917 173313 376095 757741 692264 907430 747612 90116 39279 971191 266509 183093 
434773 215498 827118 295119 595400 648546 510774 243272 767530 354193 546777 873714 988080 643802 600270 823888 973706 525134 449506 707861 
962868 173008 986677 10210 361211 28743 651409 175472 452150 427777 79739 332001 361529 839166 39345 839499 690938 887251 889479 187903 
191897 249926 755109 837299 893611 237048 455256 822818 93683 264500 889315 438542 786737 912003 35637 363306 595746 645165 604907 782824 
548864 286041 882341 62590 525583 765946 363098 253410 896687 930226 332281 297199 627733 556184 163566 230272 300832 82951 192518 988657 
746155 180805 207284 216652 729563 53754 15921 57190 269631 883018 563524 24082 936978 559959 292331 576831 686873 178078 625911 232801 
223581 178259 893798 405322 323424 711617 968166 688051 482755 182592 624448 550521 173280 261352 778965 794998 957526 377825 877969 789369 
504312 323862 658332 353214 808903 835117 503264 811248 832541 346331 352847 674499 566698 488154 691558 850595 878630 306355 19303 109296 
23665 26430 199711 187202 987048 757666 327110 873097 888848 89163 365434 210199 556815 860893 140637 362951 5139 445527 378477 156792 
821447 31370 611574 209225 795906 564023 219322 670480 468039 409145 781835 565012 583803 691579 666846 930485 143907 246089 696447 948927 
676445 462434 699384 759876 758200 845679 71410 573335 727519 247751 322660 578328 27471 500842 704400 424643 887452 750075 850066 351199 
514951 141065 155833 182483 719515 506810 794358 998750 354243 251345 667757 308528 412778 506655 595355 308987 662509 746711 63797 701222 
687318 493688 855768 712201 192498 268088 688371 311554 307675 282086 600135 413140 649867 773811 824072 653824 51481 635180 579541 828080 
600948 294921 842658 468282 361350 866629 617423 137270 576661 976910 751718 468657 805307 264324 114309 334212 616043 102177 82094 348666 
544862 972885 899515 567212 709094 483014 682917 442921 569060 341531 845102 311532 394393 483300 792894 666968 667626 781116 773110 517173 
734646 38542 165125 779587 237573 945733 144896 434061 139791 207927 720369 996200 589302 162919 91764 673980 408466 72191 420202 785205 
194822 830816 72713 443067 816883 638293 276131 746294 33640 455357 271398 857373 145544 610111 327083 664047 905021 855499 689707 302479 
163042 726491 525316 695157 897509 268230 982588 438528 976236 291203 7928 272120 387798 377474 877413 754487 638789 16445 303833 76106 
953223 356280 833789 719168 770308 336332 577692 928420 255367 262245 691626 538366 162015 538356 905515 959041 240313 761593 204550 856664 
36858 337762 108998 72433 897821 37028 805779 489528 34632 738847 162446 565486 561940 771625 651930 938078 48508 828502 185958 611921 
650989 571390 172292 141019 564345 581315 797246 942852 365616 105524 219475 691247 706325 158927 41478 406802 615939 850294 475300 166736 
142013 898046 278330 724762 427045 646460 515912 99879 770670 71578 938299 718059 529637 34352 872884 337890 329501 69563 956357 860222 
466464 273073 793547 438558 699685 743172 206376 471007 158344 796271 386950 871995 637649 768280 424278 883762 562965 279380 789280 367285 
381725 921280 900997 351820 85653 657404 984363 570034 511586 364415 447633 310610 909998 802132 791462 887936 870938 770549 895922 66926 
812579 17249 621497 44553 378459 665271 188176 782213 650758 821368 465918 821740 826586 612314 672398 702216 424030 69629 892949 473260 
3238 827749 226317 370802 477740 945188 222440 823382 965652 126384 562172 747751 279723 928672 529022 175550 772930 81329 826636 150984 
514318 46302 182384 526969 888235 846265 888973 527305 325083 893217 233013 30471 892987 286303 555121 363506 322491 243845 301392 356086 
741741 65069 377365 786554 862934 972129 818647 740887 809302 24905 886397 841466 768031 193535 848579 992082 995570 947268 271810 516936 
782688 343774 188672 319481 244146 396525 731040 412164 578819 324651 938305 800069 275938 910699 442904 382653 380569 503593 231776 28855 
836877 404553 955672 8845 649209 427977 657229 678260 151849 862219 231991 224698 124402 334653 456780 214546 331924 608654 968824 185280 
488275 220298 402492 499717 208377 810667 455705 870044 31322 303192 410450 186917 190931 149185 856425 562465 10036 637658 241754 70214 
306277 656779 267556 633758 353454 573693 835772 655032 503357 383197 654805 263666 462438 873702 757794 585059 702113 166602 944501 167362 
428426 327848 388338 353781 82553 453856 723680 507868 728318 545144 937055 194495 545897 718192 487096 560060 456332 356714 350605 847921 
860988 817678 322455 759229 724404 127690 247798 722410 350433 955474 243915 143021 86609 458655 49608 941238 779113 904866 248735 472486 
867498 711996 403804 862066 811110 18381 483236 376864 717297 806585 37060 757516 706182 751400 254156 994744 730381 359656 410994 715453 
97978 285305 422482 566553 516308 482184 236469 955273 744763 323514 511141 854656 678191 518227 371551 265082 701637 767496 210820 319990 
895751 828010 105822 132258 72854 244547 44385 337323 983084 33051 963989 766603 497340 58422 975250 183128 712519 830637 943505 434988 
322261 163611 919153 765387 811261 547116 137659 476680 469158 206019 376872 30514 58174 873829 384496 28270 739327 60648 58959 724408 
286817 484707 514763 233164 672449 268703 579761 537073 859269 775641 291172 686680 370529 309680 653144 764729 399892 413691 447015 37644 
944634 284812 492368 751703 363827 448772 445787 446169 518286 287109 456341 551079 673725 280440 491951 241448 696738 609783 685592 953354 
287455 30273 841110 906971 771099 600563 526404 187127 629326 229468 251943 901158 960622 95514 584922 390155 610494 906785 376315 289101 
59846 877903 599735 160669 247796 428362 635399 235214 755218 413518 564380 337810 211622 396409 746116 213927 834976 620770 977993 654202 
380706 833444 441521 167025 662956 607789 125879 848841 309311 195032 709046 326649 151357 909531 839284 455277 479266 902773 181725 968613 
18149 498036 41242 590911 609269 465910 789811 864858 432136 233613 387309 401413 331689 729900 258991 540045 738986 986230 929813 16161 
418059 133251 276060 373942 384511 314369 222166 469013 801141 563080 619400 279091 864612 427754 830788 228983 359471 142360 169729 878278 
377503 76806 959820 599141 298971 100692 524258 228389 183592 821419 345097 502163 502236 145782 708215 964529 978984 676785 609538 454852 
189751 303098 789489 766541 697372 767113 325891 594116 178041 165254 996138 978132 876176 92054 821401 486132 991297 846990 165963 159884 
508621 513590 275376 436792 478176 540103 797684 898624 108765 335049 188647 262810 808619 420187 724154 221305 208058 846391 178951 746284 
788341 856679 131664 645700 883727 942462 790427 338850 651899 26847 631154 918047 651327 226958 376734 772728 654732 722335 540533 728958 
429783 945212 315781 344361 651361 830132 871055 973763 360432 436490 556168 938188 383961 761699 796916 82441 469877 474913 298621 487786 
655776 995705 409843 177441 809636 625521 146935 482561 862230 243635 367854 889145 167276 868048 951599 740246 591425 711031 264838 104813 
998483 690494 969815 992253 96389 676780 804380 345083 387064 927214 881861 557338 64335 993020 603517 711864 213353 927486 373619 434507 
571474 776887 768455 155629 629630 62063 732435 602678 479846 200303 404066 496286 574000 856936 225665 682954 257770 741555 701665 71312 
693862 25597 119412 592309 952608 818113 889892 13473 487076 286506 142392 801530 697207 51057 843567 57763 427784 115368 911339 7501 
827099 718673 425786 693074 390507 362521 517428 196803 447797 836605 649351 401773 929247 408825 646843 362543 287685 517444 831928 34060 
377222 783287 92085 35641 661244 123672 249635 561014 825195 115537 711427 917847 791537 440820 493814 451424 850573 984010 173150 910272 
817574 285696 898151 101159 486288 557563 70682 284294 811436 860287 581467 55291 616931 792744 388388 36280 871718 349943 344320 712920 
382473 991597 106911 864585 702867 475328 725839 373370 174050 232539 706261 539531 201480 648378 970883 694239 111757 71237 850146 579022 
652656 325036 828653 780192 396281 775479 172686 626503 787582 686018 912262 601604 288752 66444 105729 937510 510639 973950 50670 814259 
567319 322491 543828 970224 898376 845850 214501 847299 828123 72797 593017 36181 437955 877465 504159 922812 658320 807411 931466 490661 
58076 439628 329565 237687 262857 771933 477130 243543 972061 770025 671725 961936 934687 234129 665588 531304 500485 461557 868033 115629 
820905 737280 673489 676909 26217 256438 723912 982841 877013 76735 217868 960647 860342 700881 621669 773398 536436 421378 247379 300312 
52775 652720 412730 452227 999230 766439 746277 847562 847501 559720 202109 564556 514700 231297 249089 788401 794276 341589 123652 21802 
616743 53897 424897 707299 174487 420708 386576 475127 501381 270071 569097 726876 960805 888205 271015 952529 369774 631783 861166 297667 
672278 700437 33153 624829 316647 147968 302870 909527 94990 62413 625615 856489 761137 776963 98568 183507 79731 509092 338891 970699 
174447 924860 139357 100819 551829 870487 742076 384194 950137 501549 754357 769639 102964 415720 578756 278812 853480 486994 684007 125446 
937352 744376 877246 501557 576853 135917 555984 250081 261639 768059 83752 865101 116890 354780 856699 285534 314115 672791 512955 240471 
385728 763555 23490 600064 396247 30836 599665 806544 826168 51499 936347 852294 987072 528201 55614 865908 181375 819581 801633 743677 
778302 925581 692170 543043 625446 422535 173243 75751 43700 233597 190517 7521 559359 154313 215960 731082 743909 120709 107434 371498 
584553 447300 324107 846477 773052 580560 633370 17044 309086 646522 536230 173187 565653 884078 308717 506720 90237 964147 368408 25512 
923983 215384 952984 177147 672214 695807 942375 298208 235686 759386 901648 325145 573641 760032 805675 375271 565213 413243 88294 213621 
345225 868193 497495 547262 56062 993537 843213 357294 225104 530461 747677 119257 495510 648236 708636 512738 242362 898243 612882 248744 
587378 245066 637913 849237 37897 320692 837189 320940 351822 495633 183794 562618 545320 637855 604731 456066 343171 396280 517553 950373 
40290 178541 461394 389362 583483 48474 329639 861955 852041 666770 276268 680951 152007 261028 779955 460016 822507 993282 806594 75090 
425872 94688 83573 159360 998940 337461 795725 57285 412252 905287 8961 75129 574456 489032 872554 310457 486395 745069 561223 523303 
53744 459024 123926 163178 243690 781929 845784 6284 405696 359558 292656 658949 866540 605653 507549 686540 598615 694140 318827 387708 
127497 675324 70835 390723 457947 559939 848233 780717 455581 853223 822850 366567 92365 444258 111963 595857 801379 476397 55563 482859 
526324 384063 54420 630520 754821 829566 765346 790062 594976 403269 570823 642601 333165 781949 530826 37407 861271 890942 957890 737748 
666257 619666 762789 731338 723180 431471 782146 75032 618324 365028 875721 377964 593016 474525 868154 722160 345480 73078 430231 175112 
132188 659603 822658 146168 481752 325031 509372 159198 495507 459572 158458 498390 122504 587867 305787 972421 501541 445857 364824 365136 
110583 135402 440979 77621 58376 427700 698465 161341 165218 841336 620393 234554 911290 26396 401734 36809 781938 369193 737735 875564 
846217 678315 452013 401564 842468 391980 344843 339532 572406 814525 254905 242665 885470 291897 311583 357155 182200 734886 695774 25382 
401760 989246 299549 389209 602258 487971 98989 420885 716424 93743 475661 819484 4625 177431 10804 499914 487696 723185 951609 759832 
817316 982650 625583 676522 632156 951018 173809 475449 64285 882347 817019 416559 805916 896702 234860 986798 360273 212498 293582 141842 
522962 443931 333127 330246 255326 813534 468918 41361 577471 79653 318353 567275 709883 642635 699763 796401 596133 914446 756986 771904 
70524 388530 493468 533315 235916 425778 519901 429269 627190 811953 330666 505974 357900 107047 223701 336754 36058 853251 562290 365985 
903199 306974 201948 111629 562338 81103 412349 869127 662511 700636 931061 611245 263455 473123 361998 616548 742190 697824 638876 641735 
440141 860557 446765 8976 833820 249369 946268 201209 146802 270664 384036 119032 75154 311789 962125 138708 227990 129148 189857 768520 
995573 522985 927804 304470 513026 28662 69390 510051 884663 141135 277704 24693 946747 253788 627556 950251 275421 30011 72156 754395 
54643 732692 773776 411056 84312 144106 476549 276530 744807 17778 202848 656423 857115 505504 219251 881684 992282 672351 180185 678348 
303454 481575 872496 261880 505511 126942 247552 296898 455537 982638 903553 924122 472218 275113 623776 855772 793720 762582 322196 790363 
634124 460400 741608 256835 338731 444384 55509 595231 644827 309784 900292 563616 549083 377362 518517 449939 55469 469357 384940 831543 
883592 212071 732666 575876 300124 378676 17407 168257 601972 517599 271642 40655 699311 893210 979209 743113 615218 182158 160876 831490 
398288 1960 916786 14079 811925 611052 526850 40331 736959 925227 854522 109865 995147 982647 296410 419862 179349 37859 36325 375511 
417554 455252 716433 32322 623852 231293 382758 967247 325012 719553 297551 903879 650415 56204 377173 103273 511098 945482 622022 896240 
315459 615555 146926 291061 351182 337438 169271 124944 457396 272046 666491 565586 102976 627754 928161 697584 13916 481600 12456 159598 
202362 971631 730914 458932 57983 92638 283165 17200 166100 182474 743991 728257 874713 57550 558895 927026 299105 881784 863829 275048 
54123 77257 991046 36919 948189 591382 662993 987083 394328 396602 231150 668184 433383 782007 202287 854333 868152 741346 224370 203543 
319661 832837 999493 645285 565141 130865 129392 47961 72000 928657 159627 752183 110962 263729 435133 950583 795062 367123 210570 412508 
814678 235800 456004 633582 656409 552318 84677 335587 190528 188887 861514 394266 950987 973276 538964 379458 812657 906553 334429 861054 
721386 566701 844324 885692 293224 119834 342394 676543 143309 823711 249713 468535 912647 461434 385593 52485 53048 489756 461789 300202 
662730 424047 90830 233007 599844 816526 972744 540513 650787 642201 166782 884014 933442 372591 353582 46187 991193 844030 378289 629813 
18984 893711 327883 137868 209836 547455 172650 391487 760507 799024 522557 293247 407242 851190 636285 477280 463386 166335 448023 864186 
435012 906657 66356 396796 686056 645934 642824 200162 464687 622495 248331 639841 966093 16448 932299 701754 867249 905462 779241 904342 
127523 780726 87546 302987 682255 315850 77453 753632 383316 382007 870077 422438 857396 80557 576081 676957 983324 665388 466880 903831 
867049 308808 968072 483656 414999 792222 957203 754127 923828 978914 145248 967039 922078 60527 431927 538432 504175 834368 859101 59406 
222121 662383 414351 97854 468547 724243 46574 972697 871011 343007 382299 79257 93412 535253 819370 65018 218265 819567 768513 455933 
188801 313267 119158 925535 848492 615529 845512 109242 502706 553299 590847 461642 502947 786996 907373 925873 499812 93554 570198 295135 
217799 425260 566283 446678 384813 355575 401169 531906 481141 758650 564324 103625 880419 807881 826669 943352 283562 597335 80893 325753 
250956 31482 470755 711671 725698 532383 699473 100914 840159 5258 676719 862253 446848 979617 144047 913675 886834 848126 447593 906746 
570505 33862 107316 254001 216524 950974 313298 538077 977191 924470 791629 834354 892854 381324 732990 515627 690092 352065 900995 479937 
993173 584843 837134 836764 652729 215544 1031 680937 786596 472634 24308 688715 463183 315865 349858 814710 704966 727761 428154 797167 
365619 462139 232750 171921 194978 700335 312394 463183 136342 911894 935630 10649 641611 964423 591205 542290 58352 684786 676313 627894 
853067 28494 940316 282098 632378 535630 236727 965626 569420 23762 771116 984209 67324 483289 251498 284975 730526 946121 692157 373252 
405481 492609 852875 349519 524829 225114 106714 448544 321198 135516 957857 59631 426279 711890 141234 627698 598931 321275 851400 962697 
97531 960891 773598 952453 934796 184107 890388 686787 745771 723428 551349 669969 438180 705890 332042 294235 231201 714661 615350 501303 
996193 354391 630491 976546 128438 482086 506220 942067 189046 253179 120973 490553 398745 843738 654516 19737 381159 200780 843679 690772 
468308 279182 540199 919389 314846 196865 436685 696068 651046 246834 817956 448952 235095 776575 316486 800649 283998 791042 231129 508180 
854982 730540 611354 52480 717195 241044 903583 934773 882157 866357 359976 158788 185431 287033 617056 390646 886582 689675 984054 403569 
126527 748475 110162 315657 646584 58343 902459 663885 25703 157585 822783 870073 928248 5813 995658 163335 34113 290541 921085 472782 
969796 705280 563417 55727 767900 259844 169776 988216 901216 242319 728687 724060 307670 494904 424539 251426 35107 861317 739986 744140 
611717 674512 490586 465400 309755 418302 647423 332764 446422 676041 117354 82150 166831 770740 776319 599143 256495 49609 465919 931649 
133279 825192 932110 533292 11985 61511 587577 252216 878652 659929 338472 607695 756463 465142 249408 777588 210431 403910 612985 927984 
306617 305981 395466 637957 499255 874102 240540 381581 345029 283870 725880 742428 913530 560098 264143 518599 19496 573672 995325 367991 
221743 714631 176273 306142 899068 583111 692075 629767 179360 64632 545297 932154 199970 883516 633857 438625 20479 919391 992743 426340 
505226 882784 494982 743952 985552 102230 444176 257485 207340 629332 494908 267470 760826 940443 849316 974014 85105 503 178233 373336 
762613 530589 267209 933029 590968 834507 410851 183095 487464 548857 357137 27118 294348 534910 470272 383039 687247 553277 176923 409208 
307914 189203 401381 891669 185175 721048 316414 262046 886260 361796 625735 172409 9156 230669 128180 216325 570329 472432 269532 202679 
89373 445234 715726 734403 296351 997286 332867 950875 946060 5550 192202 758845 334695 327154 323824 83842 284766 779687 591110 391952 
749480 397267 501299 377900 828407 830431 622028 659147 891454 626586 463683 799940 824464 625814 102352 519305 328014 271567 322406 774493 
919387 932228 64488 197597 341472 387537 819063 30650 343678 563617 165374 461371 3022 386070 609836 904293 382928 41812 669920 362238 
674113 422556 389585 14942 389881 231569 825867 649389 744140 68198 711469 846635 540689 291863 441743 868075 5128 203802 704001 717501 
772407 540950 875700 713049 269342 824332 249067 675110 734456 356461 501498 183667 352678 47366 285334 6441 523154 676907 105057 875928 
617715 920679 687110 989679 595912 757774 581786 28431 788958 670846 75308 417367 466533 872218 561106 465221 308501 475146 983992 393133 
69145 546959 493366 650379 538692 247902 642016 496583 764503 987034 769586 877614 310864 340651 522454 113024 176686 187754 129996 924313 
481306 756170 623672 525454 100845 739320 712427 860888 97654 265394 566193 255341 612356 631138 400665 107963 152221 519591 35592 504517 
42949 279886 377034 186821 502599 381548 379943 827883 710471 508665 708883 123073 438786 348655 546371 475849 722382 113584 391754 283299 
502007 185391 961206 742708 330378 941943 49181 243156 971297 343754 106323 923893 600640 295521 569399 228297 502356 551879 377757 718087 
791225 272293 56794 375188 883199 78227 387893 3223 934847 676865 395364 507174 946867 549307 752660 191910 192037 388238 691330 663930 
256543 180170 646160 857168 691357 570837 149010 392912 384274 662974 439244 75475 318390 806510 673031 485100 498669 975845 566735 304803 
404916 466207 430312 825602 979919 391285 599506 416154 510606 58758 883295 448559 432640 970823 715929 155806 355616 8511 663387 980319 
869780 984600 358293 989098 387296 396813 912536 133587 39719 615799 107867 874276 976028 666043 987191 593706 678971 242449 619913 453842 
96146 733963 293037 650893 324456 879776 543829 363496 41743 659234 114842 548653 615656 679358 170639 229549 594716 58174 937436 349096 
878026 324755 759843 884946 683785 172597 387280 782818 336272 102503 500192 424282 771327 761877 182089 693601 994646 999863 725149 148005 
859739 15918 234504 636929 258894 584737 782076 372636 441335 742980 969010 784731 594371 369345 141814 1852 329758 826845 912670 418071 
578054 40820 295568 728806 304142 98345 889501 860681 775260 278121 852430 972721 790190 285735 984857 361017 124133 880963 924304 217362 
991004 672547 56581 873890 978998 345521 482301 380646 614273 918853 201768 910676 581488 838919 641372 376886 414010 274894 614863 278962 
698481 71479 265978 165920 662058 873425 434484 803105 938471 135235 865318 352249 208681 177781 36778 927879 411997 9011 773653 228748 
869314 943056 448684 460917 320284 663191 977708 891335 646260 62684 500794 27065 46363 511051 374818 840749 841325 950102 208128 682013 
843997 296528 652570 808512 354470 222263 926360 963697 307368 517907 14208 910153 501646 817784 804719 514233 64966 409652 460944 9697 
392070 915337 367243 390824 179195 841269 525414 197647 826616 120110 455797 864126 371252 513919 95196 650820 687729 915651 307320 721177 
157747 954672 394940 905466 772816 139077 745537 378806 802718 955801 365634 64901 937657 703909 180838 623436 407828 852775 354419 417408 
941311 450561 470598 591572 148693 701258 201536 728226 520155 433370 132902 326725 45166 481120 44100 467321 722776 506641 325697 162780 
224896 8669 176310 398042 780540 163855 369169 297017 784656 835190 933458 321781 133125 31597 213314 625778 630628 11812 503119 735629 
519695 822769 904114 173017 66848 697134 350417 24434 29571 588677 839177 828520 428848 836537 399745 73946 662233 528743 63027 273841 
10681 988350 979445 367795 441895 297441 957541 446751 690731 514317 460582 523910 776490 507027 346757 572938 117927 691249 395867 486250 
995216 547208 551192 145439 171963 321139 194161 951012 124737 431440 900232 65959 207286 915650 632222 722158 340421 305364 327719 67993 
532803 803616 508219 425087 525081 278410 268008 707421 908352 27697 41704 830951 591735 369066 610549 120350 551894 136692 382158 212419 
977851 565636 56141 102373 4410 211103 381892 249487 58741 329024 497099 562453 954941 55696 768061 853255 540836 390215 739102 123101 
888746 240155 139332 879778 83369 414128 545329 676980 678817 707053 939674 179204 710285 676570 115854 249051 152935 277681 988696 826717 
309458 488474 761930 132936 550657 629721 992943 963563 207088 155708 209703 910320 514072 200239 190977 806257 92744 248295 179601 117378 
220112 16936 725592 509320 107117 430999 289773 781766 574152 127931 985168 142149 167237 179895 223559 299952 262633 916958 475664 331466 
212050 852465 666169 515768 109718 116834 115678 353655 832864 589216 259125 244860 257018 674554 497758 976484 414912 483295 810259 308382 
153480 732191 276418 767362 453329 253536 877911 927491 651102 774934 406988 669192 831793 923431 26029 33505 497787 288354 634787 726719 
637601 81405 407685 6056 651510 408738 37875 456594 802780 436254 635705 606013 508323 914959 841826 771419 951394 107799 253205 174645 
348869 993593 847466 643477 362215 906064 456704 526474 852803 988120 321114 434018 736391 209095 797397 345772 554385 428068 775944 290857 
27062 268125 480004 565756 773703 355360 717160 280429 126905 530309 472807 889162 553668 356622 693480 220675 373771 600897 389887 158199 
771737 31624 538998 387955 490159 748262 86491 223395 990332 328466 147309 839856 215045 757898 736766 218734 195475 583034 162347 783354 
879851 972012 685107 360103 435094 662454 757925 604022 685627 436958 786355 46107 739529 440075 615466 189266 656655 662369 711121 408945 
853584 609122 682861 100309 634586 126731 4307 49902 38723 368849 601559 983605 728175 562628 302087 963712 483401 106909 563440 819139 
179794 292336 518552 543130 738600 891785 24907 514816 161520 734971 513135 80219 660733 985957 624703 72444 753005 677888 964708 634296 
491710 517634 41591 745538 987818 128596 152206 779019 264894 598814 205999 469729 898095 530299 622254 946617 896766 950961 695784 238569 
149510 983112 866128 795207 349114 310395 689154 14081 718359 790714 644581 597525 578375 883832 333392 938721 839367 156103 861329 463683 
760040 373094 541476 468634 692289 223502 157750 800522 890601 588514 725096 879570 975661 40156 111940 184206 165454 651603 236501 162289 
52314 588904 611388 778460 117496 327660 776292 733265 32177 197207 650860 488180 650835 559284 237246 81374 702540 55429 870684 857195 
12185 341366 503410 729100 836595 251598 393263 774784 282628 113065 42827 917834 526875 56854 195490 644584 199124 476669 976135 148672 
666975 717515 125822 543732 561550 126230 469343 830233 392062 941092 937943 278198 151077 551400 900719 180569 514314 256055 132529 70974 
627458 360677 858407 212970 954017 297163 618324 371126 214066 909280 10776 21533 384723 815011 906038 240094 137602 669292 973782 880650 
246273 841062 28796 495460 271393 563389 850262 614942 319554 233545 15271 655468 199745 130052 648407 951615 283865 223827 861246 787620 
57615 941153 98786 204496 311001 512807 885217 206638 858062 677948 968919 519702 198207 761057 803328 669153 149978 767730 798248 379953 
703600 67833 964160 457655 3766 318147 239162 699708 354169 9465 236255 763189 619590 661359 152888 806929 559750 408800 585633 39980 
417210 712825 60924 537567 927129 873096 114936 22169 503207 3344 823141 851065 334234 163449 415297 428812 347555 960935 423630 136147 
854083 344538 772374 118515 321747 731884 79757 243208 132089 851252 581224 557708 127226 701532 818675 600843 984995 614847 95145 617030 
859532 798166 737301 227592 723795 740083 248235 197693 807131 880044 867713 345255 52910 579514 285303 684495 185697 489048 97927 236237 
37837 774805 721768 505875 68353 228686 104735 685292 137054 569117 619169 469094 640624 990931 49435 45596 650748 402833 941616 542838 
28665 620167 661067 795178 264909 669867 820352 800822 790009 21857 934095 626008 295382 275191 979442 279398 954857 891154 772304 87072 
307196 277910 757434 537408 126376 752491 435386 146605 399678 963002 490489 180438 999136 775562 239620 894844 967379 377719 536374 255427 
987037 787348 773303 846149 975503 557049 831241 262083 119167 471968 844385 859314 705211 261407 58921 954361 894427 105966 493035 883538 
869439 686708 553078 980340 198862 180087 320779 99854 232616 313009 905584 496488 787674 347310 686574 564115 616403 17410 408714 27538 
67435 22278 840824 452731 274025 736972 714575 663912 552477 363946 213048 281749 870943 47626 371416 364095 231546 644748 205125 657644 
291530 39771 813912 75797 978073 880622 774454 21944 55770 811325 687676 655090 975229 599496 985276 521202 100546 794986 22354 60459 
583058 696576 477647 47639 992900 124776 294644 183303 37673 693511 49156 986626 573838 610586 197427 634293 432506 925397 251309 596150 
559589 101652 981983 195097 176031 906141 708215 673391 547676 445012 768987 192189 756135 509239 747655 789529 459589 390147 149067 687053 
464497 863966 638009 33847 773148 467374 341521 77755 238559 164928 83348 525933 814815 595825 880583 359680 900967 644196 89185 706068 
183411 921169 28161 11811 173097 750702 836037 18617 935026 715358 290558 187071 996351 815726 179221 338768 209621 162619 846151 864060 
62529 554858 34584 462039 479255 572598 608947 804897 915414 542586 811380 736534 168150 300854 872710 953282 596088 134388 633930 116647 
665556 299079 785235 31395 189710 485548 379203 665712 458059 326185 808945 702602 176537 184932 542108 750412 655130 859944 509976 528431 
984538 103455 287661 56443 778411 363815 652552 161764 659651 619156 976117 351236 698844 46306 640077 512331 268854 373690 48737 397945 
354182 706813 948236 476810 948825 876624 903875 47994 878723 201077 438803 74451 922711 332131 461215 482320 282037 586469 194425 101587 
822195 519938 82217 48263 605897 524281 266252 474597 718435 387500 214868 441201 131995 457868 545600 294237 353666 547456 985849 810856 
223868 237658 918282 831894 95715 495256 666111 607275 814289 531880 945499 436965 56504 201069 622556 909259 829189 923245 774646 468797 
452405 539055 327454 229264 330433 561695 101347 764424 258324 158224 768197 256107 977665 468471 899297 968114 328344 604186 111647 285988 
379575 170455 79803 285606 149349 51570 247056 585455 615639 632164 173947 240874 23943 851280 749674 377328 265335 743368 16805 260826 
4230 36248 59725 251036 889644 370765 902856 307104 764288 83929 169818 61380 738925 305793 673467 527189 677602 245383 582801 896978 
570854 959117 474396 712014 348382 901203 844934 914581 893091 893748 203175 325839 121483 881179 469799 574630 423552 74252 295566 120187 
660847 880079 393826 204034 225777 913330 209558 893338 190320 533821 100355 908102 809772 2639 367375 950263 381977 296773 563423 579770 
676620 477525 749364 652252 42871 260368 791247 898323 44862 952458 132324 544745 853978 637220 918375 77359 261866 316594 330471 54288 
159117 214779 916609 898266 796867 731611 973683 716225 856560 91395 824533 681103 732128 831660 506140 878809 432452 248273 978268 667255 
312871 16070 64657 409502 557969 455862 690376 692085 475577 506451 384803 279047 935985 279226 820087 349784 22852 749204 800459 536880 
615874 626443 89569 315024 151456 197841 711532 141606 139317 309974 171486 804202 724955 76207 847460 114152 233946 158114 630796 158283 
334211 146234 948360 411492 352672 887992 837532 56852 172414 366076 640468 269283 986892 387514 490329 968751 539031 911022 410574 752492 
758182 665424 941861 307205 883414 730987 496312 776192 719679 346545 968555 810918 599922 357916 854800 222823 424661 319310 12826 713256 
693016 38832 916139 90004 343901 27305 803402 381274 551225 144392 178608 446326 539545 950179 577080 34228 295273 424238 216245 844467 
514229 538502 783615 750865 804166 378158 413047 569654 336210 22731 657517 986769 34146 730219 416456 798798 594902 763271 511810 899239 
812259 977694 719030 423109 696919 327142 732639 382875 287141 351985 962859 911552 164944 949593 57678 625586 714575 380829 449295 849506 
727788 657168 133742 540389 172537 386327 552635 254693 258871 81900 505408 352203 516689 832358 744596 21264 106299 784299 356652 633851 
149288 777245 653147 682436 299389 981965 696272 246650 835809 142483 767104 512205 79586 965035 994454 638680 995799 614722 986372 564008 
593978 167337 731489 636807 260043 318604 289811 803128 286896 908313 484461 31278 544489 943785 172600 283376 984076 910914 394745 760058 
650302 467145 747522 62506 249102 43350 239195 950126 483467 228634 513059 218292 85841 12082 211260 12586 622952 146467 196407 287080 
661904 536435 800119 841536 311327 844861 361144 57062 398908 854964 200944 183809 798241 507718 966330 625175 222248 610123 829122 764009 
726919 966099 394102 675545 112153 37043 193670 884396 420574 87943 716594 951879 394891 633535 562930 583284 6490 830741 92094 135466 
440920 883589 797382 699767 83143 628577 179330 214238 523156 761498 748384 683221 768304 784662 711593 559046 185184 159728 145942 560443 
606272 907951 264967 332504 464751 273765 719086 125701 118813 727065 382126 580222 818067 243895 583094 741704 431395 628926 683719 817000 
833028 490659 633125 815155 413278 983286 921533 82392 119255 510516 821889 299383 542337 886087 494380 918064 752123 496592 137312 375999 
267457 393332 6872 493057 179344 318783 41501 711015 135826 265983 628970 719438 134495 478829 136726 581947 53631 65844 444106 689765 
389071 806204 975687 233274 670524 372736 826447 752016 576479 765076 228087 906378 737513 224758 36934 794560 924227 453443 956989 795688 
585079 309856 288183 663172 663583 651672 578206 396441 837612 358076 161654 2267 725109 254296 958212 731628 414582 365538 594745 568598 
820579 434249 764007 572895 499311 446222 851354 920875 846259 211127 182621 940785 825362 87704 275876 889521 215288 168914 818907 911068 
38980 53862 25792 372971 283490 613257 910696 378419 944957 166903 152969 791425 602370 970159 906392 269128 562030 581558 409617 962158 
446916 711924 638835 373614 350443 923836 634013 850359 233201 392082 110013 714206 828942 459069 16015 197029 382029 349293 256636 69300 
850580 549130 117922 955081 193391 65643 315437 866271 229936 522818 32718 409026 527772 522648 249272 987630 788542 869435 665192 428591 
432618 749188 805296 488033 584253 375300 59068 410753 318035 986053 275483 623853 404136 71408 167006 122171 439126 692344 778799 370010 
436377 63391 226779 361305 422929 614322 613457 841411 962151 565487 502660 449987 629294 789695 993202 714169 816152 814083 773655 866673 
150919 689356 230678 662751 150613 422970 968484 288092 638102 490153 86341 898870 805227 505993 935688 371993 106399 631067 437214 896952 
645849 676215 437053 964348 691491 510741 923426 291388 809843 472257 149076 748771 20352 825963 397355 3011 335967 467829 69635 908499 
937893 440957 8508 783664 475520 984495 884335 756687 222737 568059 25346 519809 528557 331360 468717 571511 730997 107815 457784 582581 
728964 710153 437490 882501 689803 622585 581701 714308 247921 960539 137967 833160 190939 637375 994882 613538 198046 376917 838643 528583 
787960 89099 94643 933480 432786 767257 835571 626824 983507 467046 430007 919924 736973 539502 433002 607200 870624 552871 399827 559544 
165069 30855 909898 270205 653233 380912 586420 663917 34795 800477 88476 66629 812456 654489 576360 262743 991103 862571 414369 540085 
201709 537369 609388 839181 600199 99151 750062 291407 724585 214802 450396 931891 580431 356400 164890 208813 844804 837567 845501 483586 
889576 26630 960863 687509 419235 536114 39479 430341 460830 364618 765000 744132 779929 794065 633259 473922 441518 775156 717408 464687 
135624 905375 729055 38450 109998 783522 579446 885360 394014 598912 119609 154261 575024 926513 565673 146249 524263 294272 441173 927265 
507336 686227 333618 708197 109383 516703 480996 152137 361526 118390 704002 259963 26658 330726 880866 905045 732150 726863 444409 499182 
711958 618545 903317 471195 829437 802522 544196 182355 556227 977062 988418 256879 154124 242634 342451 330933 876834 595096 41452 544101 
130581 171785 77765 566160 672981 48594 746561 913356 956248 277010 819300 231699 581348 847818 80481 961233 216306 223283 302643 505500 
790974 937385 364022 744810 282772 405344 204806 956457 780750 342377 913394 154746 522094 879321 881879 572535 99164 645684 526193 433871 
499724 959987 276095 5446 480745 24971 724384 891888 114037 840310 7380 694374 222945 467243 386954 407241 165351 262158 179934 442524 
80596 524141 94463 623842 801309 631181 327657 367610 571736 244151 435975 874956 121132 480511 728097 674506 345590 308172 462849 771357 
834078 545310 694425 353364 131741 865451 1441 851714 767593 514436 228194 481656 802624 218737 761227 203079 92311 309352 317546 792690 
525294 613152 691314 334512 240427 362879 429558 914107 548803 796001 624761 925722 625422 116192 946191 911620 715699 500097 299438 914178 
563204 344799 320931 850418 519717 430543 430000 749799 461231 22146 611089 989300 643778 190443 478187 374565 885291 503749 559930 645087 
890627 581162 481384 781695 685133 269075 969708 485646 912713 818756 999530 513149 202963 309709 485757 307056 333856 580826 55055 312170 
11339 250564 496738 828832 942528 544773 179715 391226 333786 108474 32231 655019 957776 285272 22580 673746 136150 752890 999578 236257 
788213 757088 869002 592644 42108 77324 104064 74504 191274 617924 906292 777860 321747 406915 654692 359335 843633 35622 516018 945677 
135623 108285 538707 840471 450717 561334 19344 815590 446034 890665 80347 330741 856761 698697 327727 434516 695124 842057 829898 99641 
398553 911504 525865 918633 649317 930106 187598 72639 760419 90798 995471 166710 131076 797645 350637 530952 580389 917983 121093 890895 
823704 718044 252177 398798 81369 45202 406507 311741 202895 369906 733057 208999 406149 235999 911479 954545 666610 426566 34681 603191 
960689 481393 482027 700431 224100 321736 296108 940751 69711 5724 848825 340452 244793 443981 321453 958040 617086 809272 859131 195603 
292969 818470 150798 284354 299184 767554 119712 166713 345849 526480 163546 837751 177606 575119 434261 193982 240105 751358 132080 279510 
355859 618736 6738 997507 248709 765865 218605 217344 522550 353345 659418 445632 930961 171805 720925 605251 990406 878968 35524 813119 
427275 542200 848651 741229 374762 738551 161701 462783 781887 946072 463007 866966 381555 874315 651108 676782 122836 220555 769577 112105 
16292 626292 232158 601219 866266 186505 703245 368532 101440 336978 852033 917382 665523 361812 229668 524887 750525 305600 203266 831114 
294381 832197 500613 264075 861981 298824 498040 579042 251795 742775 126795 439391 114260 758599 897286 917187 596628 902725 935451 643417 
326823 386366 105525 365379 878400 544048 227150 51474 193644 57775 412561 890450 804505 68348 742235 355499 799808 146611 180582 974314 
281505 959358 135611 731276 429472 700038 923712 596186 211543 684627 723136 380603 457653 965191 462045 714388 991448 390912 115883 297261 
632917 885783 718541 987276 230165 461605 658740 692536 938052 145996 946505 133379 49946 1847 145690 677620 766200 527253 750037 950200 
712738 447266 550779 714420 840213 915768 783323 375338 246650 223631 955987 126839 422149 672850 799416 517347 295918 410564 221795 405616 
157246 428200 199973 527099 843625 631048 874497 285452 302006 53041 770074 692925 806244 983628 503816 722633 74829 41290 793500 301250 
77320 993566 918339 570040 672202 707928 652102 553967 405636 584967 274849 853968 307147 818659 401181 536326 106070 549727 857781 472266 
617838 987993 585065 823617 653047 162368 405265 91482 670422 207250 50240 417729 820744 136209 817448 290959 333909 824698 928649 504767 
569942 341607 170836 776370 91190 703385 884234 653695 521456 341344 420877 297708 805514 507054 261108 707613 797476 910973 603293 86775 
548974 421404 300667 846554 620261 883569 374412 722053 610891 339794 837745 660847 561173 294854 146024 642268 503524 6962 272209 822724 
449399 429250 189875 855717 54300 221286 899275 302757 434030 395867 275228 981012 877374 819137 323594 695257 201651 103961 624158 586326 
111420 539147 211866 288242 151366 817869 904452 827057 800075 980057 783722 326766 828123 655005 440732 565568 240269 183921 832841 136442 
592798 928390 999919 926310 31310 197886 642620 935567 689799 837099 814408 637636 450714 288012 161912 709877 524571 388928 167385 957013 
346766 559055 38168 103284 235244 581726 692701 897391 83022 950833 699073 284997 109341 968489 515007 770475 966074 410949 99758 912201 
849045 870274 14066 45697 338652 336234 197070 977477 842901 284255 335186 634963 812558 103289 503893 336543 948892 930818 32358 793593 
927269 508695 281250 78380 472560 201897 394 191523 850192 897029 918397 21034 823632 939703 56005 45212 358635 511141 891934 382499 
112498 466180 913549 131282 669862 682531 974716 345110 654302 331418 492785 605789 190339 447285 231636 801743 545246 646478 454022 789075 
237844 845993 315545 217946 792312 400022 340248 241609 71601 693035 668694 541757 860962 963209 267693 294972 95130 5073 46868 661584 
947339 216239 694855 323748 867958 434545 228348 515015 482661 936311 72140 407802 913847 48234 84805 449577 744792 925289 895249 498739 
928117 613972 634034 758739 364753 622304 656487 869294 819190 135264 198474 396938 205201 719165 681840 205417 876519 263577 391925 494601 
882849 568202 535870 526943 621793 881273 159742 319173 600353 895908 979151 255056 124228 87855 770749 418583 305106 320463 790071 31888 
616845 49961 340631 666058 887233 957006 520759 873282 119600 766200 970600 386717 679815 577594 238740 770972 526429 960950 759555 924782 
971915 97415 532373 700061 19905 560982 214039 660238 150380 650651 728548 927605 77583 19332 68389 723861 901303 733609 263971 216215 
945046 330314 726033 573752 221102 110013 513434 78361 212031 256112 958392 686346 544096 30215 592504 365111 704968 745650 298090 966973 
283078 743536 654776 35896 937199 140300 686007 49568 935587 744472 460665 893721 651120 714511 827416 317152 991561 602104 907393 276040 
905645 161438 876697 153799 371674 143424 667554 951111 446728 429720 624309 118191 202580 150635 906526 550143 55938 133093 8911 60616 
238887 645534 216707 44813 935191 246346 612823 636180 810030 751272 141971 5970 544818 519826 590124 361449 407924 910128 99880 753745 
998300 814550 772703 282974 448132 365840 312430 814850 960874 362362 395201 286237 55903 508317 233557 363411 222168 954952 601314 93458 
766824 536314 636594 650808 989124 559719 938 581936 868689 144271 87042 295666 214903 31230 772942 88146 151195 301176 360824 605465 
3470 334110 391002 702676 364556 786801 857823 206133 949921 556651 902832 524381 681828 630814 381057 446521 338906 269225 895599 981956 
861987 557765 572394 779338 46304 263369 496276 939798 977466 38811 242593 634276 805484 909417 660344 216780 427065 65285 439437 992818 
943085 768080 593634 802642 744802 63467 74579 113008 733605 514949 831539 926487 358764 354941 664639 273118 648488 632916 288404 239438 
230992 516188 29513 46324 586699 334876 935470 230924 357068 60533 733929 645035 585611 113440 821572 18337 173918 777115 852864 127742 
850411 669311 68944 421933 113958 2835 321020 678595 497873 930978 736319 566173 274996 777237 153909 797176 966152 842962 816271 395819 
929383 6333 867437 886460 609706 250367 574361 93249 809491 156197 770106 793896 186932 556903 858680 473057 881219 841876 524280 451885 
527282 265025 861962 309235 392865 60424 357999 950993 752634 833965 513561 89937 97291 461681 277073 141763 473166 305528 321525 570394 
158136 391498 387083 214011 899513 816011 555211 556339 114687 873794 39929 846584 403084 586145 999064 948879 55553 56438 186324 781700 
567428 20698 563349 803679 13351 813129 175062 75722 335423 62903 895270 141528 820654 656005 450906 939004 54158 202190 140133 166937 
520244 849405 691787 5452 775301 869627 588383 442799 148900 722447 390690 137770 5650 276619 336275 413263 791311 932171 800263 366361 
398782 778950 986820 539764 862212 575775 480932 941115 170923 134828 84014 694683 227580 108106 307955 932671 668496 163674 498807 442608 
912503 281096 51467 999762 665188 506807 266114 495647 758152 12782 806159 896720 652371 236432 131715 384748 445966 554884 42725 39421 
516573 299628 817074 440069 624360 881854 768849 465725 945341 144404 633776 854784 525130 393261 567364 456034 675865 444455 489491 537013 
132189 51584 574527 160088 333894 634499 183575 444702 470239 485213 627613 852146 178110 491881 178213 46413 340901 23578 879678 968843 
838401 911467 396737 890160 435500 283246 880506 18051 473752 610234 841525 126501 606500 98090 892387 349981 805448 576032 74161 836968 
672876 952979 370302 473417 393093 680335 539027 195803 275610 829453 2852 334474 475570 534292 802614 97094 486895 93265 158814 432427 
101449 504541 411530 425143 175352 16843 317329 391772 604489 702737 273413 509 25995 382440 816512 960009 332875 293040 248802 688125 
258430 779003 440569 379081 259116 225212 308542 776939 393700 372482 166276 980638 980900 838734 574419 287451 727288 358912 820517 731020 
854216 827465 144538 279541 578548 430244 746399 544716 43058 417044 406544 710517 998222 307094 276298 279199 405690 73728 184230 337900 
965976 162356 971308 830478 903725 156201 957958 509818 700092 138299 36718 382694 241466 566316 905669 845074 740083 843607 424505 186585 
388168 637423 270166 761680 381593 973883 729943 828419 526984 983477 614531 796193 632232 230728 958185 963074 699286 232154 198298 89299 
906413 689622 387900 340129 159664 425742 768051 585200 926880 510669 520616 216810 689476 226089 242913 593076 275207 891323 856198 857882 
355301 997593 493579 59889 965353 651666 432296 672913 221625 465819 423699 27036 67807 924948 322526 528339 48606 851356 366881 902164 
212796 178177 649128 910182 919436 118381 592562 692374 871309 554469 703877 739523 630190 500034 950174 176498 972604 502807 635134 639665 
418474 355401 745184 12671 612410 801205 687317 897881 20298 101732 427673 598740 928233 665232 312035 208621 911896 447975 493241 408160 
25108 81460 954013 25663 858548 198 148784 214412 930818 313688 247685 697376 40863 158237 684825 413621 69023 945318 781899 66633 
89374 631226 481418 974934 164254 976905 112970 577648 650790 616945 177703 483758 673412 656969 219507 979451 21760 82693 839047 782305 
520263 995061 951247 397290 255041 577206 502545 640695 226035 765050 228740 398627 768307 381299 722946 607049 329546 108622 951000 194505 
360548 598399 782352 232745 399074 59978 691820 724175 629154 643461 410601 12850 368270 28218 367867 353732 426851 724734 253646 584739 
203433 860662 825837 988467 25779 324208 398823 642442 525326 804177 489420 144643 930517 175985 146029 532449 928086 725003 37307 269544 
220632 264751 482461 359142 265896 605439 147809 832681 259760 374046 753355 619003 299522 51315 621572 540950 243041 939389 169647 152189 
237496 611203 879465 808874 186206 906164 616993 717497 541983 751249 284513 396467 374435 168589 109286 663761 117954 931505 138840 965971 
785320 125711 450654 27191 40814 130990 210816 748970 293917 37111 867968 484298 18002 376448 412761 439576 396812 571025 403096 798147 
464833 275971 889579 387878 503377 585249 980711 781050 75719 99160 484470 678876 438459 249495 991959 590974 13341 636184 491431 913728 
172380 532077 812787 417199 238045 896890 120554 683900 528799 542510 838182 823676 960762 815939 846000 506360 143905 678397 498025 78303 
144676 335336 278382 868622 972541 631640 645181 788137 687395 815458 457759 423860 369389 691160 861161 524778 984794 702973 922659 877284 
193227 345180 899002 539745 214990 433706 533396 536465 260603 342879 328476 874115 867109 337630 452135 450582 251592 893033 487082 525304 
541720 721634 465815 929589 188611 576565 110833 798915 581838 904673 156990 639683 393537 74090 645102 338582 544687 582892 254664 535592 
580195 298244 173147 567885 142676 427830 73626 700719 867696 306024 368809 60271 506325 826398 613668 686029 111178 253722 453964 389017 
306725 4196 112121 601950 182289 728779 206713 521435 23328 191470 452701 258434 859941 224518 754165 678612 489604 182581 962263 526664 
841238 511743 741629 430562 48733 292803 381397 465361 507385 139678 719556 545836 209283 150321 442413 938491 890264 831400 631675 488558 
123903 391798 969818 58304 867419 80178 648252 417852 929606 229550 598209 905475 50540 118689 802154 398454 36014 939451 143041 490433 
649214 358062 608997 766962 231549 163629 300115 55443 319704 818849 646486 681555 973171 32652 708445 933914 239064 954249 747121 174563 
561694 124787 2494 291096 668295 187310 782088 787797 53896 204260 276548 833655 797043 235407 534139 483462 97973 163934 328958 205194 
293949 377721 36538 700188 527427 201357 885797 321684 297766 561551 197874 381038 633889 368555 697869 666266 780453 271117 109372 59478 
676100 386047 262588 350925 701720 230629 687890 594084 842942 487972 333521 627852 669389 430971 180568 69827 648631 632038 287852 940199 
246085 204783 843061 708309 986696 486380 339785 578792 836373 603657 911205 276733 25545 684713 591783 438746 174617 334788 962701 582325 
399656 3842 991188 57865 30396 506054 893040 295514 158815 645099 271643 202705 967876 886982 84545 974714 194629 77813 373643 118435 
327438 603766 725947 86824 388592 537961 369815 475290 396511 844908 691761 108078 669075 451507 579710 234642 96874 117982 920647 566192 
512695 499271 292157 248992 587875 901291 46412 946811 12067 924930 907130 893527 857488 903712 954406 595592 61593 94321 528106 302944 
258653 503549 170696 143579 594604 116075 950012 895398 618044 108788 945756 155007 356131 489878 105024 502199 379130 507056 116128 919610 
537280 479546 328996 912736 10861 462388 73434 981931 733257 636530 309302 107406 606139 673582 707614 203926 560332 709104 764252 921071 
811748 232342 77335 140106 933365 370640 697595 321058 910341 174406 377085 508922 368638 543361 423266 430872 943516 239324 283566 565386 
425630 822058 483746 812931 9369 259672 911031 781371 463896 230269 371440 249947 975391 59781 463255 809639 81846 172752 711844 417200 
934339 460842 638210 142930 202849 516016 54052 815229 154965 845998 306817 902124 626121 193103 784229 714459 914551 562522 842678 398626 
11758 35932 289038 177700 975917 482056 788391 101698 598346 368262 214333 467783 790936 651339 21513 549552 582127 551274 763624 70176 
898747 423249 361525 334095 529582 296296 634362 85482 302748 100993 120840 903239 316180 465320 442500 295670 659455 719090 453225 926325 
216901 134493 437554 750203 894782 646662 688769 243175 81889 716329 759432 629932 687888 369969 335367 942529 356166 64755 812967 276460 
66554 818332 26728 269138 535881 148432 828608 150743 899732 224094 126506 585146 667690 927018 357692 257653 388225 585238 962803 929449 
112239 261941 861956 496669 684105 753408 596255 579892 60945 462353 175449 884314 123826 977915 191881 899576 337630 575793 581211 757111 
874499 727540 791393 97558 440043 300557 527902 368827 544337 403519 659346 490437 806220 991469 263015 843486 349662 397053 563967 574027 
241096 364159 796382 378906 97226 646327 671118 280794 941321 305377 701441 864759 414699 678899 766028 6872 576402 92796 443048 704825 
341505 631345 443599 628526 783184 902434 519873 948331 924776 41522 399457 66612 170151 592883 566904 695468 196546 71525 281095 368337 
428728 393038 87543 559951 206025 994827 481573 763106 500596 243034 826344 907290 947291 614396 320195 797838 11311 680575 415720 369338 
571980 243857 688309 975243 618970 835730 738912 106648 837527 440131 633596 304404 148758 795006 84674 336801 907426 301548 502413 37817 
971395 989123 642822 199990 103837 26798 628056 755503 515027 144141 208164 845517 705181 429418 467056 911022 135037 613189 392334 790467 
689530 820103 499020 193962 210665 867396 151341 637781 39328 125073 155898 282676 689399 820647 396513 122505 40666 313469 771107 928671 
485543 845278 594274 489501 701281 648377 973184 198837 660629 692784 447003 809899 512356 586648 542725 668856 946656 420668 410324 388087 
990450 134650 64451 742799 857689 190988 732375 295379 776531 413413 260169 879141 431055 699343 486093 158666 599681 296578 462113 504590 
722796 27653 681508 98295 745719 273409 647363 284054 931003 530366 3833 680783 998208 908900 4906 400283 338562 49290 719242 104347 
354367 273646 698595 524645 581503 638281 437736 933220 508868 286813 750354 526891 43892 34607 935113 743428 580921 931613 701431 180418 
591052 822989 939622 55559 628968 450752 977567 490456 911804 508848 512589 897604 572108 38015 936515 540136 835499 298570 674934 88258 
239867 90103 704013 547765 733342 65219 602944 299475 919326 920655 412700 593521 682029 365579 85105 223876 731810 581830 863282 119461 
480481 221592 321590 535256 501557 153779 71780 936728 123618 818978 356453 958637 850554 237704 419676 25159 310644 303054 546103 155508 
486525 936081 385524 306864 605644 127574 566363 812063 126624 183052 905326 59776 269617 353924 231765 906268 955881 52944 456123 83721 
298460 630883 241587 976480 805904 168242 133295 814649 100908 263299 368485 927054 728736 569442 686570 48779 614887 827540 127824 901486 
699541 944253 548766 581254 895286 51959 193472 846967 806035 138316 163054 671673 522038 989388 851089 16425 615974 811832 79211 901227 
31159 720412 871976 679625 292062 13636 635617 976202 349692 185125 162220 107626 126762 605022 642177 651523 976959 457672 750424 7308 
30316 388158 159455 12559 436856 299009 958554 197069 950188 755504 134566 423379 690705 816135 634183 761552 209895 716330 111819 870308 
905393 103759 781430 305460 688529 654994 811612 346258 655534 38670 517331 833450 272140 896879 722801 243972 823230 93036 415510 74321 
666178 866449 221584 849877 243113 589168 727750 148154 71848 855454 27139 626597 293943 446878 75836 817988 994125 505350 74323 974799 
661754 788167 347645 369546 995308 59022 810474 188377 51943 750798 493729 920764 234841 612675 596879 757268 291653 359215 213977 654206 
837591 923050 411695 834757 297321 53412 60616 545562 723634 315113 201485 360964 890131 14516 78799 873898 160041 717987 984388 101684 
309114 817424 340204 757708 806944 179754 750212 468694 210646 350940 594155 29689 300626 98640 809245 556500 398603 786410 491045 577199 
575372 96169 744642 771728 517931 265422 186246 195331 210628 568442 551337 511687 447700 754657 964142 536548 495142 436944 273587 656158 
208744 405937 78346 635111 812483 528787 16199 502835 535779 161777 478284 291844 273699 664810 961704 522935 90596 756797 338868 83748 
258511 122447 206327 165503 654071 221653 539594 697185 367994 500990 239615 714859 938219 870024 63644 230087 801729 294117 902190 287952 
756750 704685 298421 300002 433475 210194 637597 50319 610368 533246 853703 370455 255995 939024 948282 32495 20892 418454 331597 377654 
612851 148892 131304 737416 379583 786608 435312 121033 257836 615363 213969 267347 72282 182865 683346 619384 981518 535323 927859 23972 
177570 315262 136368 204233 19773 46726 114972 604912 479679 324491 996161 543064 999337 556884 62621 952619 977825 399169 143775 200738 
468465 402466 259809 586384 158414 669436 976981 370524 999341 143531 375210 927693 799803 295309 137795 249932 500179 405223 394191 692562 
234288 244529 913138 211368 759730 612184 172044 72472 963458 100221 439779 674400 974362 75630 122283 782789 642573 968467 395685 943105 
990231 986758 649747 917068 155260 603249 604738 437049 174462 557711 361104 654445 252586 774528 931607 370456 828887 700688 370810 152891 
944460 171990 907403 622492 978774 929737 788251 530997 636437 383802 395643 281071 89261 862195 524498 485342 509296 772307 430920 909760 
864973 524021 816234 612340 136417 941193 983624 751826 953979 668201 462433 50689 938667 669288 107520 662312 893042 263528 241497 779991 
381244 945403 415734 434530 107218 182333 673522 125543 991919 949912 125687 646899 97014 713547 192814 394735 120425 788878 334823 626604 
414629 201987 935743 643439 761895 805907 837792 122986 158928 228771 900607 201910 531910 944680 983547 376259 387580 981010 601871 869893 
261198 23762 474256 798982 872582 264582 648331 824931 378912 658438 485660 128993 211820 909529 642607 288915 883167 961233 699622 551941 
945281 321367 893322 381254 369242 617779 127119 254417 354788 799254 396583 848079 313462 612792 24889 994869 576661 692017 132149 976719 
498288 310622 864649 435586 116337 799717 242666 483245 412925 964879 261157 475425 468316 610461 129789 367932 201022 387192 378596 172029 
557996 48901 547556 563750 571678 249194 27250 358566 147748 827710 680217 839243 77564 586923 261370 865438 34468 449169 168798 948175 
532132 748354 173096 410098 306062 158500 992258 817995 729610 478713 688112 834871 124885 571160 528439 494575 339919 848439 324914 831007 
39614 910144 89891 757924 562252 345865 149066 935745 423661 323512 995844 920653 652210 886088 420034 346139 474217 421687 734916 254063 
554607 681811 471406 901059 178704 283768 51248 486420 210825 506389 760780 625354 37662 126050 93307 221998 500115 18340 961898 120005 
22525 45745 318188 945958 486186 420000 294062 877472 905623 256749 680034 144887 868009 418518 229850 869769 397030 168936 83810 700612 
712566 229869 829812 915244 276428 11902 703886 53755 881877 791413 297459 207401 14947 865468 645385 981033 433681 438342 379470 117077 
455195 574931 956288 679840 434841 249791 671664 555449 357963 247772 84542 298890 101177 749935 877088 644057 350873 749223 896691 518051 
310998 379257 202313 587428 209252 65716 593299 655851 804277 380612 367184 241838 324168 664099 277241 864367 929096 22199 84400 757005 
694298 700608 957550 810953 733210 274889 721131 288696 801850 232851 511457 653545 666343 170905 103388 570001 29374 653821 863914 597855 
260037 107258 387146 915519 691850 567455 707766 340045 209305 143970 742452 96714 446966 64978 491505 750313 277781 530989 364416 577494 
855582 75913 608793 82813 875912 380943 72960 734685 919089 23027 54950 248345 320872 236475 258981 235075 297687 171980 93038 262087 
882910 927762 401418 336191 868177 723203 711598 28111 41227 461520 464115 801057 660801 581455 901916 495994 526283 585361 504574 123224 
614243 840436 244871 894371 505662 664139 355895 662329 825598 490655 302116 426544 978100 966607 671344 433091 923500 657650 371191 399447 
860186 693519 996108 797083 123960 943120 752653 598877 26885 972207 631082 675727 60537 591703 736963 313734 109612 116865 594416 409899 
32961 176941 575247 174649 730546 339929 952102 771510 84800 181444 668772 241583 813441 991607 898339 518941 528422 241275 306703 808626 
458828 674194 372494 253033 873326 341016 824625 389349 406741 894712 159381 284069 822791 856219 493707 213388 695305 88638 106991 470928 
517681 447904 87157 425374 665768 427054 990494 9244 573984 371252 930810 881767 585627 622096 644065 831714 545431 980922 524244 42825 
979589 767600 386303 423417 739135 180729 80173 992937 884129 173605 396572 987626 816573 607275 238502 657178 450765 796606 190165 977938 
438263 506367 870244 577724 797247 451533 705837 300412 837205 427659 650615 165492 747339 921362 93765 419934 916219 11249 192955 611240 
495032 286559 433417 330059 665220 197471 63014 119120 507050 307826 861616 736700 652123 480074 228060 470655 980525 881436 57941 307154 
682664 402607 243934 411730 787464 533563 121132 299155 274495 831732 131819 120523 906010 370073 258410 431318 285641 649890 122340 497541 
762235 102805 712782 582060 398414 849739 644958 735303 180799 25631 530214 488169 103542 299987 636501 303048 50376 232678 994211 370247 
419954 322190 664043 608363 837861 890647 835551 583155 105533 719983 156682 314843 614505 420611 927567 874320 193048 445524 812068 792964 
154231 983588 529556 753415 139956 675530 725569 66161 386860 646560 737657 907028 900851 106067 861066 516686 35418 969159 551962 514539 
825094 707601 759052 419612 247294 696993 332055 70331 787618 119846 816079 994647 513355 510429 230254 412878 123631 683568 757009 640034 
570541 57417 784863 201941 232424 351109 561523 390753 343530 166775 713054 181742 700798 751017 333158 551648 975169 182254 897925 955835 
405469 636532 396467 13105 336388 17443 747301 9729 374665 381227 506527 544108 240499 373032 63693 521447 939679 683979 782951 577111 
626267 245501 693377 437144 627543 701431 593031 758981 569821 323481 395630 236742 950686 518458 133381 227241 557733 605153 317785 366337 
725368 557451 358443 921839 335051 935092 613631 745244 966836 616611 537869 502227 203570 638936 262377 824178 324673 176909 704465 291416 
896757 142218 982981 387947 66957 249978 8443 963088 337532 934621 583350 737700 191280 877195 172374 276097 5359 135326 583417 190850 
561310 369262 583084 283718 483075 268307 573344 128433 574696 546252 882903 14090 19727 303182 616798 211082 544284 27171 531193 838566 
515482 104445 202467 690983 940257 173214 103521 399814 988293 205201 880815 838017 516611 715728 564192 903363 925870 997660 348485 611966 
622233 654571 769458 31021 314452 823110 161387 544221 588194 31190 439291 245777 810378 480805 399835 94592 431632 522795 44512 190099 
237417 629167 445638 494142 242677 293149 163367 702499 535259 181856 976079 286894 919751 386909 921416 954521 728324 206133 484425 841207 
616407 867745 93760 866181 303990 879143 310047 521752 959236 297138 661586 743752 723960 531814 753188 85929 600843 61145 791922 840159 
559903 739215 741977 714391 869387 984692 587610 106780 15198 934340 258126 673062 453000 13097 205663 937327 754323 87405 968427 232886 
602149 696650 683981 998194 904958 602668 688864 764197 43791 481506 487916 458690 610021 400656 712723 842900 18818 831560 408358 453347 
909991 790734 980824 853414 164673 256034 667503 564394 599864 64112 148055 64455 301536 613010 323203 268211 579240 817828 293656 338917 
930975 118141 119383 724941 538557 323710 933660 118330 130347 485772 627625 566186 609255 960788 72465 918584 858921 720953 223378 687072 
257399 278303 183772 406420 333748 251579 418908 845042 964356 838265 162707 688085 201662 658904 624151 985927 805375 833790 187123 250422 
588635 694161 167847 491347 850544 604778 236110 935605 517721 213519 80933 811165 217647 665644 759503 277095 978455 485962 911820 848815 
770101 228674 570449 367383 889255 780948 79878 921214 591205 934617 970601 452616 287377 289346 769877 41880 413446 574116 713227 277682 
664724 909180 189457 241901 871707 297743 697020 232155 958709 813526 89854 980369 911354 484846 322718 987446 928143 742449 596156 950095 
516903 836063 347180 469494 799550 200064 473967 866069 835084 251331 243839 326906 57114 150785 301166 131450 31648 766100 778910 703941 
766921 488181 161219 384425 333046 387571 253704 189104 794763 275485 877699 657684 957402 146341 506419 306771 75127 563605 339544 599013 
265737 761830 612088 647248 955976 568186 691047 956415 443595 816547 727034 16381 639467 60224 501095 630653 788813 162340 908208 348365 
423601 638701 854190 576767 907404 638835 82782 284336 992114 703731 445924 951860 11412 284512 89086 531702 773711 706997 592793 317501 
623224 806142 149987 303471 505459 171780 780074 518963 553065 43174 914276 158649 817905 450484 982229 760600 126687 311706 855183 631512 
784703 687274 676978 239125 932459 958276 970681 585971 751333 738980 381933 746828 784317 383543 794705 673027 951759 732289 290939 157355 
89239 71933 408903 407240 753823 349656 740664 988300 302032 822741 267866 719474 913438 833296 339761 517685 254513 637149 742476 691407 
969974 944862 158696 144898 277078 184664 732733 148193 651743 926625 467903 995248 240634 270774 694999 874831 139192 670816 263398 13685 
622605 18415 587181 135803 251289 920943 755949 120810 396879 116064 707004 694118 226205 450209 880456 902396 983274 410164 781125 641795 
560979 756215 253275 5861 905289 68704 991628 49861 252896 373005 742996 271929 717775 597692 690271 879083 428935 949930 27136 233848 
769485 507603 637621 138084 708810 94671 697148 662601 652900 256127 858201 967671 160474 656631 307102 129539 347546 128295 736300 501034 
856080 869662 641642 937758 402058 850133 15131 890785 652309 844379 529450 334263 733874 669722 59429 667567 712753 380877 478572 615354 
71252 929564 73091 434022 243245 205789 386633 622720 763245 703791 226251 96447 592263 389394 60313 747398 327640 931209 751233 448043 
995874 463564 392927 237010 485258 321670 634333 57564 817156 514942 481966 893949 304596 39204 182119 929532 500635 147177 834959 10070 
961450 69511 229406 787982 31933 966751 715645 737783 693450 774629 457562 573427 32771 620977 123070 982563 490462 642855 726477 726229 
899312 448600 951253 106432 444750 824856 276057 274046 54896 728185 71700 755028 648142 118127 213498 516174 379790 54103 434460 544426 
420170 294515 8282 98475 178758 320370 524407 896812 766183 177082 439889 583504 889742 550282 887690 20185 600731 565352 691002 838669 
501614 39775 965313 260195 639448 603277 965099 74094 82709 944329 585948 312782 394205 102936 830111 541477 190466 395027 879542 36781 
434294 388804 545587 309585 871300 439044 852218 604520 995947 318060 764111 636762 724437 638265 842625 557544 459835 940986 568024 115653 
622086 721997 950659 927686 614184 198047 276397 491240 499556 929886 723841 419840 765512 442711 164413 151285 316691 84315 373381 84580 
155341 808244 73369 837822 944436 650091 553950 506538 905615 19325 859784 478397 984291 209466 339823 892579 994307 855526 768268 742087 
233474 424417 526700 768323 699779 98239 339451 20391 373089 62567 969103 766535 158967 641218 150128 668564 330485 922622 249422 449012 
610399 948597 872245 547982 95836 67446 892057 679226 664802 314014 896356 457140 937645 916757 690053 774908 737438 333355 529192 799142 
783593 601095 887737 890094 782105 48347 29411 228069 801120 843106 752 833066 981715 427684 866513 757418 820480 269355 473447 945979 
886450 595950 991912 641438 197126 21375 196920 131019 528548 957213 50815 58036 49331 534028 364326 197502 697992 448927 448106 897324 
357005 176729 351667 595435 286733 6656 591457 239837 904723 663526 390868 299192 631052 801307 85024 103051 584871 930454 775277 600198 
199948 855468 255985 398683 712176 918331 979926 647854 443230 99111 859303 607458 72908 120207 826593 365853 286109 702129 98034 276180 
857516 502247 692313 609943 31892 455764 887151 339462 177282 889070 450577 711775 958539 585196 31015 33381 525651 116293 318205 597605 
602851 25046 195656 517732 675620 364102 738366 382467 614311 225415 89212 231931 81856 708755 414977 860070 703654 886063 109718 567192 
775702 401201 666503 464114 253785 192641 708162 313400 836877 935993 497101 144143 126632 776193 814942 740973 523895 442983 888903 515350 
545169 220384 991258 277685 590468 351127 593236 264197 468213 625523 133484 264642 492842 952858 811211 989644 87629 987726 629933 966788 
264451 13871 247136 468431 478633 786183 157947 954326 240277 933636 368523 179146 405084 869149 600396 287992 708289 336 296910 270633 
656790 629048 456583 78859 106863 626984 538354 543707 888423 543732 468819 292700 559203 211435 2765 131013 522487 405418 853669 879599 
597016 862443 953812 519889 529982 541788 598128 801356 910543 71570 657761 632739 83745 834213 125793 247496 593231 343385 771063 565631 
983186 795340 866236 508465 495868 73103 435635 36257 191525 645350 197195 595614 932158 751016 622860 563758 184487 159660 887992 484727 
590028 734248 62855 169333 818276 382792 34907 350684 722924 848742 91260 615487 109862 385137 100945 149655 423125 98435 229381 665573 
974701 790795 36300 493927 319179 780723 932763 164206 479534 829840 133661 399236 484538 470547 426887 236953 618349 567822 170587 946769 
36101 958442 811096 382979 69741 751402 180046 724462 954435 823220 636550 920726 251826 826976 975640 665995 48933 820670 916364 343163 
148150 970888 223083 179336 715947 6959 358432 876166 765597 905400 48688 529165 227029 162417 336951 211815 399231 949109 116984 266582 
224515 640718 415063 275781 298958 976481 396259 17016 841451 478189 322115 107066 594219 203401 79330 523798 383347 778215 550214 444485 
832030 316609 291770 599403 723444 947758 127995 762364 706840 905336 717232 498474 500334 4945 981871 719688 755262 904319 606169 621425 
905821 227106 758814 508252 350078 421794 156876 68480 245083 79253 676767 745662 337124 870571 468741 693203 926199 204820 577753 857682 
651797 224140 872851 383474 521266 859693 105776 990717 469564 453898 168250 683462 938413 877041 325527 138723 674049 133934 361891 95638 
627771 269222 413689 571930 764785 459585 740618 970200 688808 398726 981706 490216 253650 215905 256618 527240 190320 310305 456758 567369 
899239 463125 831967 327928 637749 626195 368584 609310 954833 551578 487222 662070 753930 664366 443212 238593 277389 882561 152011 294734 
167109 705976 107658 643403 78708 135548 22819 555781 772903 537525 975730 351139 818407 797202 647200 243633 229923 487426 200945 81905 
580240 960441 197254 484856 388133 88470 557652 720316 199527 705963 520326 549132 779439 428026 993010 743916 55936 686879 449324 587233 
624610 91214 420255 984820 270779 564654 283635 714918 187864 23833 157143 361039 709871 473926 374468 820316 705834 920160 828239 860640 
545254 373264 870210 127229 737895 923282 204423 42818 240357 242640 948183 59669 778568 324286 834021 911156 975510 759442 810811 319637 
507728 102744 857099 502332 527527 895580 149093 933729 824496 442329 439745 414227 617545 614185 811721 136163 849604 756244 23842 128032 
13469 783762 780705 424368 220264 62798 812609 596096 792905 683438 963593 577310 800525 593210 353573 402150 827777 486278 241100 884261 
923545 340697 957636 5145 340162 420817 418203 676637 339413 137562 90484 455420 46095 255835 373256 138589 246282 918386 831952 611275 
430388 173992 222579 296673 554423 925323 212296 235743 168222 876422 898457 346615 468982 351749 242954 302670 461067 227562 926811 118549 
497488 796481 408101 200490 426948 952397 901659 404823 90301 987114 116651 176374 780991 874665 566135 564116 366691 834850 154406 231180 
450928 141798 433776 453969 807443 146196 921975 583195 797517 142973 809238 864536 845226 415407 686569 530067 614598 602934 412738 123928 
168167 392843 841014 683460 378081 816465 112383 46017 58075 350196 445211 285037 730245 260985 134809 156686 434769 976355 111659 963671 
246184 993867 545705 416711 358231 559531 86107 159017 461578 149519 667928 213414 534875 230303 480940 807375 676114 97604 757998 550958 
985105 854996 353434 90275 916105 551553 713024 601816 344578 176094 370377 919211 7902 240601 588767 436100 658604 509013 303900 433897 
417195 386272 768075 598446 732810 556306 419679 227175 18511 965603 486637 97004 3409 694208 280455 7974 545179 855501 244503 396106 
526700 901556 269455 364907 923183 330356 966678 396422 565568 363630 232506 227185 273662 434449 605376 401609 274189 484286 175157 301587 
148591 354978 543804 628425 266771 252079 43662 94675 320642 823889 397095 108061 10469 699792 749779 908571 631208 434443 680638 483223 
214235 510486 224465 512438 312938 149368 801837 408718 605156 223586 70679 581337 921114 80811 172455 245440 894315 152505 122000 379717 
122256 908943 89274 876544 882231 154956 356909 500339 546168 798171 306950 936285 836800 668278 828994 675101 507715 496015 275034 109550 
311953 896480 176839 213944 888945 235073 201487 15466 18958 941835 592226 123065 24404 605663 441411 7578 632644 345517 218140 203063 
233547 239575 289483 849436 289612 286849 172149 481425 362485 832265 961266 209651 804845 56726 489600 145266 351800 285479 350951 272558 
782614 184132 821966 169922 549337 833157 418418 512582 920159 105740 856928 953532 883139 259322 865713 6638 707228 687197 747465 829816 
453156 333206 831331 969710 402854 351418 626014 925057 372445 760154 501810 1272 662472 93626 925026 159100 483204 19659 342934 71260 
2284 529310 434792 21991 987671 788632 281593 452125 850016 614888 755371 647428 680748 414539 158892 630591 196906 830762 200830 490643 
154256 913509 575393 479207 956361 236206 334132 309336 930729 601802 996528 970937 674240 838586 875144 290224 835284 530187 984177 138685 
926823 806267 512053 215982 67594 776317 789190 948577 306692 659907 675630 411251 139482 448400 344040 359673 411363 599802 530939 371505 
426759 421644 403448 167327 105378 492701 907327 489228 13674 390518 178722 217963 249785 75236 260192 484957 194042 608212 455254 780114 
593008 612308 869396 248229 228085 831126 410287 969650 508424 995231 185220 74388 910722 569617 213775 21262 270665 2380 18805 884513 
931288 868014 782220 191907 994299 457759 829313 902874 429647 609768 396326 810760 576857 996178 753046 161197 786731 411107 980384 413435 
545242 622794 295335 331996 539275 528469 417722 509724 683434 197942 548401 970057 146013 987300 400002 711385 350920 650342 955154 431177 
989923 217104 317807 320874 381116 540717 298922 919209 329486 982323 155950 776 990143 870370 12498 85160 16022 160504 109896 687286 
610085 170018 309914 347056 351940 799892 418847 462990 906471 534688 170923 837204 152362 348102 912075 497590 328119 271575 808174 792724 
121369 298967 439340 641048 15373 658388 312811 629876 596329 935884 568976 33631 985369 747363 782552 116044 245600 336865 751011 840075 
924989 581426 124364 108396 522990 522816 248907 563401 56924 280160 867393 311768 469335 311784 163682 759339 497841 702285 635532 838386 
786116 513118 218103 96803 625127 27571 160808 985768 291015 429119 641740 323484 829708 473130 656802 126472 346391 227704 225626 334965 
903589 322299 755014 169285 591096 453163 939377 153423 291698 98563 981115 947936 532264 453387 31070 147634 715027 671998 646610 997982 
711655 883790 840219 435226 729060 366094 356575 301920 304358 924545 598030 44504 309278 217910 614588 385822 473459 53787 8754 755590 
521239 786748 452276 469014 823818 755491 405126 624328 439245 164752 100914 361171 953713 668583 771571 223308 939204 134881 590422 682428 
889867 700849 103934 332073 39687 193274 574694 167293 413946 249346 27369 542711 239180 408559 976657 1128 709627 937938 428842 73538 
493794 638168 823316 313491 20516 362252 839273 975772 546375 50725 887866 520240 267664 632879 432697 132540 734582 493608 348022 325273 
302994 972491 247677 926434 101936 122549 759531 782251 92197 306485 901622 665924 574476 505911 219519 994022 594022 944743 992093 915084 
624700 450194 73059 439086 572301 213614 725682 854362 477459 729729 482599 37923 377523 128007 268111 523293 483148 851943 703747 538909 
65865 222406 300314 737505 232194 403532 292750 639987 703432 589031 670229 734849 121879 743132 693354 206443 719981 746473 913169 546423 
646181 119242 397978 816704 846591 975306 592186 87610 570352 391536 415254 254525 296367 347296 443704 812380 40044 25961 667435 576395 
176094 365475 826100 625246 673334 903668 967964 270620 297618 91530 41637 928988 330393 473845 121255 407193 557668 545842 117500 377477 
866025 702314 744534 869093 472264 506307 911412 79877 877090 409032 590053 258175 84831 481964 102962 485499 204282 137979 384232 843549 
317396 353631 380060 496097 624623 937908 555309 268279 271110 265288 719950 524166 226676 418516 959235 842209 745881 80132 726239 361498 
293199 319400 649435 576665 686901 387115 130060 856504 809771 821407 301801 247812 350322 328136 545996 455759 76673 992682 204875 317181 
836743 338601 846873 659563 241436 38286 14943 151247 354503 755910 771418 289646 741148 509412 39009 570731 353046 836155 255802 472495 
991864 139516 442046 889874 473975 247626 172776 427702 238701 290829 148374 246056 468261 659663 902771 582166 294347 778345 270123 993906 
270389 447010 860059 761652 540610 432595 863580 610203 737622 42191 517628 470992 771931 373827 948899 843462 311257 339494 38242 634761 
876654 781094 926702 183729 310098 253119 930463 693842 194293 101566 401767 347076 765634 279495 959467 161364 651212 422751 625922 221545 
523630 3542 738249 453847 847329 547231 920055 716808 987160 468045 706339 296911 678728 371217 477343 136291 75407 661986 197010 701443 
813851 913007 6075 964821 281347 819072 308883 149244 243674 477541 58109 182194 199029 137782 524991 947033 51270 717892 67423 885414 
558961 104234 149940 953971 766821 829313 385134 675137 871957 349999 671094 431000 970032 950732 530220 574619 888257 918895 242312 332215 
876986 216023 530613 438584 238848 205387 200097 279600 629932 463253 133966 681875 791618 835891 507016 654056 767999 144878 726354 255699 
85346 553587 42277 630820 19772 903387 603408 580365 687505 142478 865964 57882 145018 603100 687448 956650 469868 974716 883281 986059 
586766 398326 758620 912196 210199 425136 728101 220729 139229 525559 766999 932550 588546 169405 348800 678863 171340 570922 176286 764410 
122292 205735 282587 153323 559814 336704 143839 418015 262600 596546 945094 715867 583328 55123 137651 886697 502641 816066 217212 46766 
87599 159014 486046 15829 287589 568128 177020 323179 255909 295671 48783 862163 558408 652522 334754 710788 502767 698049 723081 975527 
520244 506297 776031 993493 106271 426524 397443 375498 338949 307484 927102 376602 391639 857085 493201 893966 127858 516461 924284 746542 
171415 230498 926456 256734 981359 226224 579894 96484 505408 197799 964848 954224 86153 148086 391171 645101 121731 194212 520023 322029 
447678 201501 216197 543437 104662 249349 54808 402114 128194 261935 551597 616440 84151 914003 731518 42288 870453 814659 891121 13614 
571005 730451 217599 135034 310887 588403 307390 569164 980759 380235 563170 983344 734807 601697 51438 907245 260762 374775 3174 906662 
694916 703474 412677 495550 143102 749826 167885 443708 627904 737608 894280 523584 5891 215187 151944 752965 630180 299065 200418 446645 
797898 525496 63855 645900 226801 665340 813226 19268 541280 343505 282004 341011 450648 721127 576103 442291 932651 865307 939391 355320 
470754 379027 441378 971931 969429 84523 375066 410686 995350 905625 543885 78077 797492 736111 404550 915461 784517 674950 165825 513052 
27426 618221 90179 745043 435676 362192 814833 703410 455405 902966 240477 980679 50463 659754 966981 901189 806877 154256 360902 194274 
819077 22677 989182 274133 535568 550228 167711 387658 535565 993528 431661 499608 254334 55810 262405 393703 74043 375356 943167 772428 
333423 781220 250160 714761 478010 298531 225466 266422 25413 114857 500567 927299 387916 376546 449466 172038 107297 209739 597445 928437 
299762 71820 760359 913691 289146 110349 686473 697136 577873 543451 104786 622338 697878 75342 129901 459455 231308 211477 96080 505183 
571445 82015 688200 563878 797155 11108 617368 660504 92089 561890 185047 373231 465977 259265 807322 829150 431433 234095 886399 995227 
482312 200294 373859 854931 736102 500266 646666 568307 11806 325461 780871 8647 613777 850844 165648 453475 416739 943308 35248 923911 
202589 984215 651866 339695 331541 411524 725391 327399 30987 165257 523936 604356 918947 474697 740692 424497 155643 469876 885348 818383 
815685 247968 231241 518301 139571 225341 993679 915539 545574 866956 460442 908643 331521 482029 598693 960287 988004 108572 841635 811182 
22003 825889 758607 397415 7686 156180 767612 663690 901006 917479 457400 907056 581402 438885 469743 315188 419273 8379 13111 486838 
356915 488137 972031 983495 148403 450414 634406 378314 283567 596393 272807 22086 749741 636691 175674 731279 873639 953452 626688 886131 
188285 733209 572482 915407 174788 669103 244959 260202 202042 38668 624156 669779 150911 223736 95087 794828 927032 407329 761189 983249 
73642 950902 924172 105316 138105 177397 644648 651754 715925 678985 953103 357071 811945 501334 482618 801630 773725 918675 795247 298902 
535310 487211 718604 757843 153945 157903 845516 67736 481185 300114 595706 74278 730968 347608 747747 105821 717638 851193 89662 773173 
279356 483840 167119 237385 258189 291591 235200 613395 677856 693580 626743 596340 579369 366406 597354 956217 903949 625332 505158 295410 
267504 907550 485955 132110 496304 72864 857161 369868 567588 413393 365789 89259 22032 484356 308533 21822 323531 455186 913069 852233 
363471 819638 147927 67046 826519 585896 95404 381637 409833 894452 772738 411164 458375 667067 684850 117412 938457 731014 158102 596028 
455125 352128 955748 457568 121404 892172 259487 924620 337329 981389 791159 633559 716784 826409 236630 3862 309657 135364 646462 945279 
388997 188583 571257 887490 280632 308463 318166 781524 633008 491450 831166 933338 67849 799184 184292 600108 956940 186899 285625 755074 
493651 237176 219979 63100 28498 783432 821511 731365 58961 551617 840791 405784 822921 762895 297136 704302 479590 625035 229124 292576 
903132 626155 760208 585713 771797 534819 967112 629901 392353 515723 510667 108935 310960 6447 307829 718235 304462 628669 516450 330117 
932622 250859 131260 957250 622237 607459 301827 509161 610180 688449 3906 197734 89464 120044 47004 545489 516617 461544 366636 266080 
400064 730878 858125 28822 212942 446374 973618 652644 647602 953319 433637 783105 88569 219376 93042 394397 995061 216695 618477 455185 
653365 475364 385910 282849 419171 29773 730174 495509 440403 11596 874241 758114 727279 961070 713958 640857 932416 488247 600430 446470 
63673 107973 546431 561403 573519 196356 777448 305283 916752 367517 46193 995920 325049 287862 146375 40846 368181 423778 577307 609426 
947084 977000 182040 836801 295370 991102 641906 229192 763330 938018 403665 792173 153826 171878 630022 327217 606792 832561 577960 151911 
733903 595987 181474 488172 522268 903508 663146 177430 912812 852764 531030 741395 252960 902486 836076 152765 486984 197728 500489 908948 
314158 617191 969707 489950 368572 366782 258387 647411 90871 227196 928088 743132 999594 295850 42540 515440 804329 311276 589185 344863 
563111 39070 333757 790838 330196 261481 340521 13920 363213 640108 348427 212466 774427 111626 771117 1803 644220 59487 932170 851063 
153992 108974 903617 516083 140800 116840 739583 502649 835385 44951 886494 155085 455299 223651 944150 945815 835205 474159 361613 839534 
440218 890080 910205 580123 305706 592016 779730 175401 252742 1828 36464 662213 203532 110088 725644 935605 968112 65080 495170 612124 
104921 437424 416600 650372 106821 1557 289534 983968 401790 717328 225299 339419 376650 275472 292406 747017 325282 626471 538729 382876 
950919 461475 509619 383271 538901 857559 462609 966417 23841 355832 848175 378125 510024 503204 616194 972852 821834 117838 822704 78567 
61404 981389 70130 286315 759246 560915 141560 289575 743295 279155 781043 118896 30723 64865 774546 59165 561336 125722 886139 865697 
922754 520734 802642 820485 82984 502378 199007 314135 570891 24011 368652 998911 910790 587187 901083 513994 344631 489154 820021 294393 
731014 199522 238320 151283 40339 661141 710905 830117 742791 125730 123551 802868 715389 712139 341308 157190 578354 290983 106298 396681 
323155 872025 443586 454023 874064 339954 998629 946060 590556 353580 203518 386072 997248 21121 575782 181115 123939 711924 116265 379211 
884636 247991 503847 135544 809016 849454 333288 997943 514910 108445 846580 389350 149644 805510 931608 496718 866540 893366 994394 583741 
70132 357168 532228 779005 971623 772919 905383 688888 381575 874801 979845 406947 517745 592963 631006 111880 662551 878316 743744 1573 
547772 761835 610327 138887 133535 452512 855941 533405 945167 590708 641896 867063 646586 381369 424629 685412 792528 277473 263713 835492 
274175 908515 887686 839562 439971 446159 52188 236133 525110 938655 443013 907397 770074 358005 834802 557392 857490 293827 724326 524231 
435657 597665 365227 549010 816568 661469 177478 569751 834618 714242 977812 87106 26138 82731 36778 536659 454121 816480 152989 432041 
149448 832394 729174 29158 854340 247366 956071 770698 818765 999262 860960 1760 687891 337877 884746 215877 355827 834 72388 210519 
853444 124936 798727 75700 220002 461366 515818 318939 390348 472776 94409 159461 314103 209137 315299 480106 59111 983607 734969 125408 
491728 113168 52982 410131 315133 425536 776594 849525 450018 586019 603261 405430 970667 742169 407000 277531 441877 316534 300788 36551 
505507 228721 390840 916771 682822 562791 298842 51040 411029 647503 426875 938507 505683 227739 94802 472437 115855 876566 137704 475580 
39370 305646 668539 851715 101261 603460 481954 658206 74870 230719 197423 522220 509022 911006 620611 14567 306301 106458 487852 698786 
271838 264519 369590 694945 759796 903617 921640 231381 440523 521471 340205 338977 278101 61814 53046 515152 858922 367353 851442 701289 
43731 969646 248286 97726 344042 58590 20057 833398 540221 491791 72427 810363 643751 547892 572763 448729 407900 110178 425628 682581 
124837 200390 121699 106758 156692 216353 945944 563376 107227 729465 820235 902629 187693 78080 726169 747348 657096 668823 825610 876139 
36030 169361 492667 460631 616675 312019 485388 486631 583071 965359 685225 808741 738152 537540 757917 244309 623906 740394 294052 701270 
476828 572515 814778 474508 639114 548631 271416 20443 863730 998480 551423 147450 124439 598878 54840 190973 458706 158986 84687 625407 
86102 934752 558177 907607 901942 663327 49076 780597 762966 492840 409069 768147 527483 170730 956691 519636 404552 873042 688232 315470 
371474 66047 405476 449871 534794 554135 781343 234232 793647 143129 980764 738420 423727 141582 663120 996047 553753 826189 133446 639104 
723076 209158 619903 994400 812413 597118 229899 789207 526419 275255 491674 14771 401060 228686 821370 163913 436818 56442 722450 67745 
827471 332834 426296 673597 981732 837476 843879 671669 200569 176285 828358 41610 113596 105969 40413 560476 351098 787723 835833 328904 
143947 878939 579089 427212 2030 673181 126771 388518 108774 342873 244423 531884 221930 351209 575208 106865 558720 338187 650088 421583 
224382 974191 334283 938665 93531 377361 957522 613612 450065 543974 104171 548397 969585 716464 59149 563081 261955 2562 817938 182394 
300199 168545 891547 259243 52320 902618 583882 755754 482344 165820 272161 840713 302043 793559 727805 331544 183354 41739 975597 290763 
164967 787249 953844 153626 285629 259245 954520 888516 605166 39272 728865 558058 873546 443749 328747 798019 432645 556070 440869 428491 
210744 997619 20889 535274 861807 686084 572526 807350 872601 981366 464210 182478 80986 388193 240097 961038 618484 591431 981745 870101 
459948 342634 961185 471637 551886 979738 294877 917333 437638 579282 281924 819481 453429 313560 114569 680934 666926 295835 271892 689000 
551533 599100 622958 611931 918898 483337 301291 257117 387123 544466 307891 524553 781377 323224 751977 432357 109519 678645 804135 491598 
1924 988856 349910 586886 368833 593963 903933 483923 489476 569755 945331 66953 449631 383971 308971 865111 308130 338894 795728 102162 
167865 753540 185011 571852 368521 914078 707930 403933 882427 968241 117033 410501 26320 514908 799633 805579 157112 173104 571371 31661 
167741 676836 942369 855920 740106 980963 483067 460431 525825 173516 110525 113847 408433 480837 533124 442060 754529 957874 577441 310838 
300790 683170 30841 767745 800937 663306 391713 807395 647868 246366 633765 951574 74856 493930 174437 409549 114035 442410 346834 608502 
848211 996279 61805 560071 275163 168454 183913 917963 532422 653810 895473 803567 922089 130705 359819 584446 828380 425161 621573 226112 
597796 773545 736467 272822 701761 427477 928469 18758 342750 263702 601997 398581 815206 400611 301229 25948 950930 55816 896413 447015 
77788 205806 993315 685688 210609 454805 78510 803858 986636 826125 54242 965570 754055 784088 916221 210492 497476 758373 381761 321892 
500816 76650 391080 992169 984621 622879 179753 731084 325059 651989 15658 189162 791714 985478 337071 970071 992458 881586 98419 640389 
927124 162499 933351 534804 53655 497955 422816 265438 397586 813619 219251 298464 968416 546134 989899 89750 74784 943282 756520 66882 
649755 467687 40234 834040 644315 911491 337635 745393 533625 143388 859473 772457 39317 482443 955142 61916 841998 108804 685268 724428 
985177 366835 939695 19988 960038 508516 439335 34228 842386 792470 621173 829754 525515 87499 373679 13001 526182 364943 2583 966110 
76983 374517 34217 744873 406463 87924 294810 133590 680615 534560 593876 505246 985049 29966 127867 470179 703795 654523 258358 659746 
157851 236537 159317 413924 75417 666416 858174 351652 966679 824329 788425 954895 520033 496915 826519 172130 731236 122888 880964 363248 
704297 532531 622864 838934 286465 160779 45787 450837 425165 628780 414095 641799 343078 296067 887587 944331 406046 776543 216506 215904 
958987 736768 443847 191463 413532 525514 774128 218308 872192 650684 559758 533658 261737 513637 355148 672153 751772 314058 427730 484380 
807698 853428 100770 118999 786169 215119 904351 464145 708298 818420 825563 155718 603585 935805 835957 765909 892915 931817 919656 138513 
137791 64705 216784 7774 148826 948157 907900 58644 542617 816382 638570 276864 920237 611147 601456 800600 96193 510525 711494 736532 
443277 808082 103086 911531 104288 64117 398882 688436 322735 73011 147106 242467 890636 116175 643903 663016 278151 294868 959778 905646 
545214 774223 724328 153787 714002 156768 642888 210016 545618 490991 105453 921496 349844 508533 100945 110542 720041 376494 990566 365342 
855624 464967 331642 578202 418688 269206 925200 209072 474499 22943 825542 356408 997364 851654 396176 280592 366324 614859 702279 157311 
836760 616966 720274 383202 949003 823752 430030 897042 494320 109997 680543 879890 506886 608715 70153 115503 991315 176447 584410 477958 
932952 417899 980756 859424 688759 721487 970494 111517 9319 383372 117884 216743 311334 868740 674873 984012 460343 728606 971609 278669 
794451 128060 308045 711435 914494 357027 385381 560027 830370 258272 140260 429662 794509 416172 194501 392516 814954 617797 277939 29818 
596224 583049 874490 893725 226943 728072 751934 794703 184877 288053 72641 87814 392233 99129 572054 583986 382898 507678 179121 453098 
399035 29358 663368 828719 268576 571811 657612 153896 958975 287001 844708 341635 835331 374560 937711 653063 813522 604373 346248 689653 
13263 884278 495640 986490 359948 56910 445017 862733 936530 118880 947958 277941 570935 326573 684464 68214 761238 138056 742838 892282 
654986 575449 644212 763950 98714 572940 761928 183422 434014 963644 49108 929149 411655 889752 117318 251216 412151 325296 315172 590533 
178176 919296 668011 756462 418983 911927 573709 27154 572281 749 400820 757426 569564 123539 212746 594358 406260 875020 63486 232065 
993968 379594 456593 793734 52471 195491 148928 515743 225808 356224 58879 59283 77752 772645 232775 439496 518148 850457 603685 510533 
725422 350468 845048 678634 493229 318590 769936 252390 893158 209692 863557 175157 823661 484452 999220 919180 599732 1800 796580 124820 
422696 835987 155000 438210 920642 591512 354601 380925 817383 577137 803540 512211 661612 373920 390971 250777 792605 648248 462851 82580 
411932 400603 779872 921136 907901 25084 542005 298612 452970 966433 249477 320313 269467 969034 437099 104203 128881 856474 778789 14263 
759517 864757 912522 820086 844375 933835 155436 706783 75294 901095 930536 312714 855847 234823 12143 692865 548112 355662 588110 197354 
672011 314906 236676 986913 804468 439059 475743 223095 325189 499205 934199 162195 80961 135626 128360 174381 305723 899039 873995 800643 
318691 502901 795319 816182 910654 743693 500688 598843 134412 776718 443403 73995 845444 542720 497493 486166 950148 535126 948173 230056 
290414 737185 83922 584161 10466 736105 321949 638815 632361 288205 992176 443426 545626 760999 994464 602824 199584 797947 140978 673430 
563062 206451 540015 303489 119359 196273 844061 441020 682810 594026 211392 164941 930106 397441 622933 174786 137550 151675 834288 114992 
329898 248571 884736 796175 805629 846617 643633 460282 571660 657701 529031 798097 727238 633844 748041 902455 505557 368395 646461 645359 
846921 373172 38948 917607 270556 766026 785327 368138 543724 646592 117125 796730 889896 976776 358107 11160 195484 85916 317561 958627 
653051 858382 525379 691729 780712 136746 956139 114784 335890 811779 70888 751625 735191 899542 54931 435607 737063 537630 467411 660635 
269291 815698 301982 682827 692766 855893 190351 548115 646890 390346 217094 11209 219093 136511 70826 104294 751007 5196 223905 317635 
751373 641162 187355 449768 936166 800686 803703 503103 669097 363290 673793 810766 31198 435209 624676 326561 250689 667767 923700 987177 
283700 884616 551070 935659 791629 163628 140204 434799 897194 233571 440925 910590 920341 778279 454124 93169 811265 183532 551327 205411 
240173 867897 674427 763832 675019 684167 98758 510346 215703 756118 351252 769250 849325 137413 677853 537905 664003 450844 526457 747193 
126726 862845 45957 464412 314872 673071 936975 205099 426035 749499 19608 987012 741196 132752 644139 452469 647247 107969 766281 117589 
945813 121325 142542 336491 455485 569634 551006 643351 568188 650192 382408 538239 141963 586419 789552 534874 292201 388381 629503 52163 
888545 280409 178478 680056 268558 577266 34536 874656 860853 352098 240497 69055 528620 57118 113307 256066 598082 274080 930165 493150 
682430 881550 692242 816647 922825 272530 267466 294331 754852 11318 893580 898138 141010 429667 405877 304618 737884 822567 25501 411458 
726987 901194 762754 230086 890107 32809 984323 564519 517203 340663 71688 831628 131866 68569 122412 327713 321032 896677 107777 794796 
534831 591677 678865 688674 863067 348151 639113 988487 820409 446558 581491 95961 923950 573204 646505 198722 381489 23539 924212 707244 
595913 656694 230436 415899 712338 184159 409753 761992 578534 162925 943030 677733 70048 385062 628658 257798 937516 546090 406306 429156 
786966 721327 253045 584897 216505 549304 611626 598727 39870 436565 240362 321264 526293 287698 209506 854057 857638 857376 580884 590715 
362702 331466 637014 923707 810276 291934 795644 927958 969529 356252 984480 344384 254243 802882 27501 245755 728606 395425 783672 875335 
353957 882669 944612 713175 11505 737369 102739 622137 594898 280001 485011 142946 675196 38890 578720 924192 952449 711756 902456 624516 
849801 94896 82631 495085 746218 46591 103560 97632 222082 544426 495899 698127 490282 636666 55318 220516 179113 523891 723646 687030 
181996 588924 210993 607204 91854 928143 799524 451123 133257 110319 711448 160530 636037 964251 781210 70184 193242 563758 926816 737630 
530162 684080 932640 232971 331771 480873 391840 489661 596824 601011 643320 705956 80940 648438 450928 448534 966349 168211 520683 938521 
263733 352188 501189 495773 138367 826904 827473 503087 60683 338074 352 716096 30156 940287 625352 799043 689336 372510 430641 946914 
5340 813047 119361 670929 495177 299573 941046 958883 655711 130332 863479 700579 559441 573278 181507 337214 233101 720577 556708 550704 
284075 610615 581768 745085 688968 182347 20927 98584 113094 670245 876940 217342 597723 819514 518806 520612 199238 386632 363534 512187 
995612 789327 474358 879035 554912 155969 997904 559426 211848 994329 784961 140215 628841 400446 56926 871281 751020 206304 667624 111002 
33441 249726 964842 26486 987248 755234 477285 284186 702527 249154 323675 802571 10854 646111 387455 78236 661691 108906 790072 46293 
787582 374283 171457 91697 350862 745152 355748 671527 39114 972204 426753 114008 332313 610559 754557 599675 120582 449089 20678 873699 
891561 102341 599132 697486 744182 119169 222286 916666 841201 822013 278474 360324 822630 791313 582666 929788 382357 158425 970402 187491 
783090 721940 747814 843322 860297 707516 323927 715550 997940 749549 463721 654290 279785 895386 665062 457148 772067 635026 277075 435000 
108245 414380 847001 232195 5921 183027 227405 912076 377597 728580 580533 803292 580655 999584 163812 181434 490102 251943 77911 571782 
886750 895941 802967 802103 602565 784653 55332 223757 977234 865497 302562 628706 657786 437572 703477 682536 789052 741183 132402 842864 
348941 729801 108681 863853 933371 674788 656688 890539 107605 149850 131386 520084 983604 130010 921174 140051 872794 889483 170558 677560 
310589 54705 566414 895932 481980 651999 441751 18285 360731 251547 641207 999064 992617 414811 754513 908532 593501 304746 158651 255906 
526333 861783 176266 923560 909895 613178 677438 971145 34448 532367 218928 463089 166996 626942 731754 864404 977722 5226 655330 966127 
89755 461756 365718 611866 156505 826515 305013 130331 455514 230737 912627 963380 933329 150116 786287 455953 15017 899865 391655 983423 
371752 505512 619504 913467 298930 33970 761687 737919 456226 541942 486412 693125 637377 664174 61604 799116 549814 763264 60939 117934 
121505 313957 346453 315734 437262 970832 208229 535348 671394 777184 358962 512384 539282 786438 450104 515368 477419 374774 646247 805255 
483106 281483 701489 740634 673769 697719 63547 559098 827160 908464 935647 760702 221795 900801 695084 613964 851987 536685 626812 770044 
234447 655404 842647 278933 185107 737563 547187 789412 181318 903937 687766 972248 876780 575012 702912 406951 578451 849335 250942 812095 
119634 464060 605547 7064 978019 936209 887342 941195 102882 210755 593855 654343 582601 629897 3264 351324 848410 978895 146471 6236 
384883 562000 849065 60808 234636 303705 907446 914225 726686 604988 739640 836405 419749 584497 557350 252015 937493 3505 414794 251251 
984400 868302 591423 624363 331532 657516 990947 494205 665629 949294 288899 702644 393265 292246 489417 859732 261247 310659 604827 788293 
657354 213241 575885 949209 303822 698539 370002 862447 950766 514930 572277 573948 72974 115676 789572 606748 615562 50424 241349 843473 
736753 882402 83952 789372 922235 991551 465948 635919 752184 994449 788333 327471 105982 421612 945544 797436 351627 99930 833464 218001 
32670 712271 189866 691583 854385 338992 835384 977231 298242 8826 42738 386646 154076 664137 65779 141499 744637 972080 517999 306992 
124772 80371 594190 187403 392658 240471 267679 600667 89028 885703 451333 742171 453241 808207 248721 630484 308925 674173 991822 62887 
840979 242530 678132 444402 900073 203871 34868 670658 4048 68244 297365 935680 982581 207117 944056 320387 868626 310761 776264 763323 
696316 267104 462916 916312 753439 586329 153015 387663 927962 544059 756665 237749 76874 238478 767412 47239 5323 73682 802114 520333 
729846 277577 827676 541975 683037 236315 365126 39564 530639 678393 991692 128765 81232 125586 322503 369077 838421 676266 273139 169336 
209934 842519 251773 185723 118944 69700 974699 739308 384294 370582 39605 616463 26371 334240 938074 126085 755682 677152 839100 501905 
36716 362042 900068 235277 796945 554777 79677 941930 719270 209355 566467 82788 714016 992317 471766 868966 717909 238569 535418 873650 
470253 95801 871404 252717 917148 4543 679292 890260 491945 822182 713487 244204 250442 628580 219409 798207 206348 208731 919796 138689 
876427 983224 335690 280864 172307 521605 998057 194226 622505 700734 595691 45923 610378 135522 435069 451838 415273 563415 449876 860918 
702535 307195 640839 685388 854787 581411 971566 963256 332674 543357 425900 871817 674169 212964 26083 750729 30731 464233 78148 131451 
806819 562072 483731 746910 789363 348178 42911 316201 250405 49023 719828 200804 902581 562689 380416 712285 569059 49412 781103 107882 
999962 827887 836531 669695 275021 472737 959795 944337 152346 220872 952533 693817 333738 992016 49794 367263 342343 15864 67814 230986 
680099 795525 735698 876780 540065 896200 901935 116430 759274 204770 105371 378830 782081 424739 189779 911265 581254 664189 479248 363984 
538172 822564 65809 928350 500217 256521 56463 405531 1824 924749 551204 109549 199252 265604 366115 446657 882194 707632 190371 780116 
24591 392962 746637 17586 899661 36183 994606 714170 223882 67540 418126 233026 446588 423998 483715 189484 807216 588327 958087 315515 
477326 818420 401209 958460 107978 468724 895101 679037 152071 242195 569898 674939 586525 597467 872285 126957 884508 367904 468004 840416 
288575 74814 660468 85357 13546 918067 627810 86213 30636 431218 56837 611700 426394 196999 744953 970063 58029 871392 594872 624983 
31249 827959 396061 592361 985675 288878 761711 189546 461850 228529 839135 386434 420112 640198 877507 731435 334003 997125 556526 84748 
794022 881771 597694 725132 983648 904060 10896 582868 546953 946495 66910 612026 453591 85135 565322 539364 539719 438430 704967 89824 
653693 604470 185471 757560 583986 12565 994562 113434 402887 46258 617974 935020 397072 2479 93849 193465 260936 528026 580784 23254 
962038 984713 160676 444948 652622 735397 101896 518260 100661 593912 512818 873759 907504 663785 476150 468490 292832 193347 651864 977827 
255437 168952 198086 246700 559824 490311 935647 154336 525781 259750 815988 591471 912502 936513 198296 648997 558289 672837 418003 992283 
944952 348246 149862 206654 489301 181519 720282 759631 829794 447009 859327 267255 221158 278018 177857 797760 386926 48735 542208 928746 
222304 256720 314976 931587 505156 421128 73106 998789 497876 450237 846597 434379 854588 639706 904241 106981 543125 186948 115481 241621 
12394 583345 794359 259018 443197 658924 723104 316960 277769 46062 247391 588166 885985 457035 237490 375331 207862 925472 174841 705548 
816647 623357 108322 670246 124535 266609 948731 31985 104525 643619 242694 649473 632118 322491 397905 554165 526555 987120 831243 406000 
965648 154543 321981 923666 983444 124145 502714 915535 882651 534735 11179 926700 281769 257393 407370 390567 964962 618189 687952 255298 
616451 986310 811854 507751 565566 228575 967707 71385 605191 6902 553731 847048 783192 938299 180387 803303 801748 539792 493712 717718 
76915 430383 933088 275281 194009 808538 134722 194822 952144 827972 121783 576175 211573 370227 141588 783403 201919 507357 55814 968797 
989666 178496 325152 877906 405667 714001 913622 209138 638714 454627 143386 377031 90503 912693 860481 877767 500274 283533 331746 980632 
846439 376528 526644 234541 519049 168866 843491 505741 37611 826133 804095 339498 982634 679007 508189 438642 871042 26051 833330 64644 
589776 547111 227847 993208 164349 195693 55844 213770 370904 845351 401675 663272 84850 848063 235050 384898 110182 202725 382101 82985 
756689 448832 803466 887224 704210 125037 873451 124148 219391 410654 945918 375983 939897 162397 277637 387822 165713 912222 22045 862273 
406907 401688 262913 181660 708672 75642 181059 891413 178028 881736 832310 143333 873713 83657 407669 297121 316278 511892 105804 421021 
524039 90011 993942 417495 233067 287331 215342 837491 196693 221996 672737 685388 856130 688148 630244 945643 380713 826988 624039 739556 
689955 198352 698395 973211 503043 342378 601897 714279 920242 748924 497954 621887 313789 319323 915734 966718 228317 932104 901723 879591 
215407 695867 53150 924011 444249 233951 800770 709358 328846 106848 626209 666869 596834 94766 529561 460363 973053 263184 563976 382014 
360174 681107 957431 790038 972539 207567 970615 364272 199171 214422 98747 84992 127000 610956 906741 897104 740668 997495 348576 128039 
448951 277864 77143 248 987944 50258 275505 671946 544356 273354 74792 916769 370292 509682 686096 649082 324999 29502 617872 751469 
344568 618411 46708 430645 854553 831981 957852 623804 918935 63335 309665 452807 959454 970986 773826 631781 820474 624698 208563 733146 
663425 96971 739597 986463 30355 155101 270892 456672 148626 789082 554371 505744 144465 716541 248899 379144 415179 67560 56892 843803 
164255 349253 217930 325133 320494 623663 701512 822833 870752 188889 868503 91404 917210 693825 173029 26206 372184 361064 633523 156847 
602524 711376 468778 244333 752681 539514 491444 509308 522975 244733 76750 33763 882223 916628 287316 481629 790535 883189 546362 434509 
370918 645260 210721 760264 830528 902139 472164 647521 611225 159659 981050 601692 15937 97652 124034 694499 509153 229702 419907 189641 
747945 175627 385416 699139 4619 137727 538056 939082 308720 722965 367209 747592 9677 414918 146206 746898 284656 142220 813796 637326 
308203 912192 715399 828123 85994 700201 349721 955321 608597 464762 602193 108825 24021 830281 30175 869380 948378 111772 477055 593558 
571707 172040 692263 411691 828511 255203 451520 803730 331086 97401 944106 61751 133407 543170 597770 618462 562834 639515 681177 331615 
880147 196204 194581 556403 138766 326289 464053 722889 642017 877553 305719 565520 752995 852445 618389 214221 450712 715875 380780 174035 
238787 732140 875223 367669 243237 430103 308879 578112 727120 621027 954181 753069 477836 166174 95204 111333 2501 585384 656697 873341 
545663 37 409708 896172 13681 264690 415200 36354 604574 614785 879185 641309 319952 564478 169442 412287 42133 364 577431 489524 
496905 666681 375885 826939 146200 642347 244464 245651 430677 124912 433156 780783 140772 221683 934589 712237 208823 156615 14421 35802 
878866 987245 724230 727198 818998 310848 374999 289289 508017 494942 405358 655774 279864 131578 736806 312323 834989 800638 847168 190385 
12282 766209 709252 15743 656730 122255 387328 233795 819620 170413 869074 463895 886921 101911 909730 947059 227922 224597 319760 677857 
471110 961045 914085 915313 779076 382168 538815 795375 359102 410797 622502 825211 955555 583317 232704 944246 144922 975882 107484 223616 
996710 20977 8484 537808 874203 77633 658252 943440 837770 386815 677474 697628 447504 895900 327812 803520 105209 698784 704248 143276 
894335 963751 237075 202021 467217 76874 340914 950199 296853 389992 368040 601963 637336 323318 234065 241544 865937 776319 608556 333056 
564770 455483 420270 670532 118557 272799 572944 367811 189531 589912 179041 964354 762712 82283 603186 818769 120687 44315 571842 511622 
308666 363317 659796 954177 799616 520155 797410 248104 576492 337673 363070 433378 417452 301321 127009 885156 346661 335502 543801 172568 
538567 848781 70471 949973 699998 943865 506996 345448 375340 925874 940690 47837 387831 236497 5787 774980 96823 122276 905515 714182 
174245 302484 598805 675746 678857 767154 340902 539277 254736 393824 136829 593302 196613 431724 858499 39229 640454 476717 670939 684518 
393927 271286 175856 403550 929874 726916 74202 879935 546611 751825 683926 14022 584204 802608 544519 381585 24383 172568 810294 980887 
864542 683320 316612 889054 110406 984822 658107 793860 872194 609706 305026 999087 951875 275326 544387 568263 694045 283530 345283 630608 
650925 580777 942063 281271 380338 972748 691769 875460 477369 964018 762912 635082 809495 811333 104873 769214 453811 826200 967285 635470 
676923 850211 627293 411916 843614 916554 143942 759444 352432 419655 931585 973720 399442 979544 500342 594237 941876 199709 452943 806671 
855807 335230 679793 556461 524347 533067 786293 217927 647545 209583 553071 361673 571031 449713 662557 853061 789225 328800 672455 444733 
921695 964916 56939 533820 619065 35251 407056 677421 532068 208732 746825 187774 883198 927273 871277 941044 557665 154072 248280 449896 
978979 103862 657671 311428 149184 725274 434417 716798 877322 302985 138213 149440 436288 452712 855954 644009 441262 807556 374368 677257 
17792 826396 305796 480098 884173 121924 381911 500202 331138 107498 384880 550742 243117 760993 77182 972752 84643 680819 426089 223009 
440158 79530 841782 554972 688937 608185 758302 581197 439098 429529 456190 830763 638665 764194 220462 536400 846700 361365 671165 842877 
930932 384061 678796 386869 778163 672990 411812 754203 532296 179092 23055 288799 383892 781916 917898 561183 385331 846308 224118 523300 
197094 560562 932079 971278 653963 720822 115852 554249 661146 317633 631728 877006 517705 783053 952060 69044 821835 896207 256596 208292 
26162 270120 828804 379472 78939 404963 887202 704528 303355 840956 132941 68814 127203 280570 514177 762379 666929 290928 5673 39598 
74972 82971 281434 675253 539591 592056 114726 190526 729977 632457 113406 27650 886055 910003 388819 279760 877037 145038 441371 163651 
827113 66532 334232 812266 783390 284476 563839 4241 527106 243422 47467 960222 932994 906676 812685 13611 626481 915413 874458 876240 
439125 381343 310814 60995 81071 36184 797606 169756 819823 545463 47361 936675 473657 402765 653407 793503 920909 427933 17313 945382 
871725 59088 28317 470565 995827 586616 961957 907578 806201 345469 805973 554624 17495 751599 923685 725692 227171 155764 948900 92557 
37683 413107 852370 919405 914722 793306 719270 796861 474755 796529 23588 680638 763904 206464 730920 148795 643313 978465 862093 597638 
918840 563792 202418 333247 460576 429379 565250 789616 147939 141484 751821 903643 683222 487853 172287 597947 375986 933485 906212 361590 
893134 606650 64214 245274 513983 286385 69418 555005 215087 146716 334325 19767 114611 384376 401216 402448 438030 625857 713288 901083 
581050 234351 99055 55582 864616 959947 847504 402741 771126 408433 389249 418825 475507 910111 671661 592409 655642 781742 516943 689933 
770178 801054 774791 183591 500996 475019 983767 813127 22691 912996 386098 218169 147568 528664 129629 474935 608725 65190 546635 678537 
470501 656903 559089 59992 222131 963987 593088 824521 853786 253562 261079 967096 408917 466705 710282 323685 950168 111555 773515 563126 
184449 979831 607511 249038 165402 408165 344196 283070 361164 54633 297331 533545 135941 155726 17957 649827 768685 500163 616336 880403 
136100 50499 499805 579527 961669 417279 968952 988053 560297 141549 30992 618161 980183 677604 446233 350419 436227 304070 992790 392982 
226276 48530 740415 770475 413445 208343 15070 155195 149614 745344 871108 370993 927068 130558 717185 533549 408358 705709 78995 442874 
554698 484908 128485 164796 146116 387976 711027 640729 807826 594509 637095 839167 73581 595988 226946 658434 359528 773305 572274 919735 
417830 936033 252054 676725 192058 483365 148736 605975 941495 974924 547954 27532 982444 409458 174431 850831 24595 535153 778119 180570 
804249 9045 438425 505711 49370 592960 330678 956668 159623 524758 943528 172254 411687 212446 118257 954974 868993 980643 122575 62890 
157726 575269 929889 161772 178045 954591 310849 813393 302248 197900 410280 859123 651226 737428 174205 939521 140564 128773 225253 665261 
128375 295323 112181 460356 754960 845059 110552 839594 468798 394399 459930 156811 191823 903898 658478 659381 198726 417578 783784 324137 
700213 643145 734553 343221 887591 210000 620603 449174 347671 325123 578860 718637 79987 501724 692377 245786 383400 153486 413851 491303 
785481 168962 238644 27989 68760 620117 50785 561438 441683 222093 754506 805713 649397 692248 644218 589852 578056 372705 465922 845831 
684947 140872 568856 102836 771994 361087 107731 945925 358341 738041 631079 407115 819221 57826 38250 600974 272446 837742 542912 730701 
29347 532391 777823 872097 24045 527882 743593 422175 171486 188441 722293 797053 789983 612927 470951 180283 483418 218162 432998 110259 
23590 503287 227621 565862 812144 118794 464919 831627 34683 31349 593526 337842 206053 228878 719525 934016 121222 477931 291015 681402 
251829 329996 21826 152607 883641 368135 25358 857373 760311 964721 382930 653495 170187 592487 337391 699491 977652 54271 540792 450793 
975591 654713 965068 559697 347434 339998 274075 871747 484196 858561 536523 194198 741777 319641 617561 607479 934759 411085 434347 748434 
388474 974442 720733 16296 60851 844544 255090 409699 256982 529576 290281 353473 168520 872943 174275 83178 581748 352270 663384 813946 
686100 540854 691359 635211 52431 460072 732601 483372 180118 45807 902152 972593 546333 268339 242766 179837 491357 98795 112557 580827 
523435 983650 12201 967035 71672 482308 944867 393546 731552 923746 459907 1384 594046 825492 633041 249581 136242 711749 370234 697394 
964512 988605 213926 121318 63486 166278 572637 743046 629900 466736 777943 611007 816210 986799 823641 368278 514654 321768 361779 668614 
938357 488185 109722 288226 967978 361192 250034 275346 244259 922794 577554 832119 518267 367181 160005 35046 751777 185734 341839 946849 
300641 91800 52893 985938 366750 193808 685812 42715 864975 659365 311939 153190 554154 950624 16799 350755 420260 240359 40059 390603 
594464 412161 311826 661652 412784 751761 616235 851596 535966 429482 516071 900382 888212 537441 982368 959305 901875 96792 90167 158631 
909292 848888 858741 95153 560376 783707 233183 976879 157510 887471 243880 78869 575744 763399 235088 471913 733513 329394 544664 284463 
441847 275134 492856 922172 206456 336368 658930 934361 712670 115780 520775 174812 754502 634518 702212 406581 896666 803945 32050 343351 
857896 201179 251078 10886 925048 182689 314100 524733 632414 791460 505558 644613 659081 150185 603441 888524 335041 464805 79903 70359 
896188 967097 793533 232011 933499 713895 948667 479709 876894 708197 896509 42362 151523 506465 823285 275802 104386 848080 640770 489345 
352930 572079 876316 466234 361396 454862 251996 813938 9181 362061 775647 564110 368995 529869 448782 549938 370911 452615 136397 176165 
823210 476115 921136 930416 797506 542002 715872 700075 743378 436244 165397 209325 40019 483064 74332 546068 565843 707411 470708 353858 
346746 728243 314408 447474 11687 264486 974491 316798 603090 268238 318279 578391 130136 553107 742432 106102 863368 569514 437116 661992 
875499 565386 450034 513436 383715 2793 847315 64520 802410 55939 916091 814643 921484 671469 557796 765012 308810 933224 275885 777780 
516183 476512 774825 401822 471484 276512 744982 19406 446393 288385 498533 828131 13349 11837 444844 193348 3202 133812 143114 217616 
329407 418408 797221 737951 272235 752443 246085 583679 914013 839128 318471 754490 244132 391503 356044 955636 406197 542257 883489 88376 
29682 25091 376751 612783 334821 843774 382279 661511 856233 910187 1306 367015 878249 490469 386712 892467 797909 124191 774451 559678 
312079 973864 496288 103858 411752 359998 131443 212008 246547 355945 257432 221812 188092 153807 922858 157735 537172 303147 681094 712761 
912313 148792 483700 216240 389839 850459 986304 973254 363730 324607 1235 344989 772283 626584 355025 938554 4577 852934 166497 665234 
130052 943976 322014 480458 875019 48719 322900 429758 401296 295934 773756 13745 804929 318506 313178 967585 122075 247962 672373 649297 
572996 678678 258941 642367 972535 840429 760600 30678 614547 334780 632154 680388 618969 36728 600236 52044 393864 644488 584043 163373 
877505 59134 790492 908322 961506 279652 481460 342937 41191 580419 578380 821414 233515 138304 93146 784575 455105 824059 59864 949600 
993876 813241 304631 679787 813145 720018 658914 24507 848755 841184 117369 202131 35634 174115 515269 570073 760711 173595 638343 222034 
159696 558427 655287 338349 490647 633661 111216 857562 75748 933035 846347 196710 183981 269829 600052 594299 572683 323699 855403 874917 
800739 798232 587593 12464 136845 707223 616968 746455 697200 239561 736336 405242 769753 565984 94081 733957 537412 907446 631494 473943 
874470 953313 978048 650353 608016 339141 846147 824445 594025 526702 444698 550561 59049 388950 815703 852818 759168 805914 317418 600530 
109625 739102 100227 129419 90361 392384 617094 901314 791835 987053 325909 379040 693195 754358 937168 494934 503561 671013 665605 863316 
104762 27965 573151 818497 887627 831683 619887 755601 456333 350248 29779 135785 203498 761071 364144 321981 972741 337471 229317 317851 
491407 911959 229237 949703 978579 829551 983658 759599 539425 799966 697993 290540 902056 904232 851896 223597 44391 351943 922032 943973 
705304 248818 743130 910556 731283 883928 908698 581236 991438 141461 443818 958636 360264 447429 35935 575629 160916 73186 587958 834788 
883337 744507 970612 919413 585556 751103 958252 237404 588524 276320 405542 473435 602765 65897 686522 514492 202507 768355 801568 945308 
19523 199917 971638 63704 510072 257885 251000 156457 483141 167740 622849 326300 305377 845099 543777 254522 619732 852506 163937 864710 
649504 454083 857706 91281 784204 626860 322865 296660 186341 444877 840416 803081 991665 889400 814839 806967 26837 388912 929352 650925 
598393 814285 837361 276950 18018 367790 144815 764040 733960 111946 537146 282655 498523 385289 795220 535183 745815 403373 783416 603873 
379444 763193 531891 5946 536095 779035 767208 843335 755843 519728 372854 484095 273782 763924 201590 292864 81096 759294 180678 241144 
574780 746676 460055 216540 562005 77401 484936 256926 832244 972857 396130 606996 724932 569908 373885 460633 364293 104943 817230 998578 
57782 754151 174966 227964 57347 174776 233118 90660 43797 451562 479597 85388 477068 410420 439330 382079 317660 780368 742844 578060 
719140 270024 531426 753205 349243 453817 562306 126006 465438 499611 371336 260857 966463 763438 867523 750058 397874 934422 548706 761930 
452760 665270 348795 756727 300404 738390 76455 529590 118392 119392 654150 968490 950960 406910 786852 185005 518780 347261 78304 7943 
549384 396872 984094 209839 798811 852860 778660 659742 430657 852859 392922 373415 726637 129700 998107 777716 94446 319531 834902 20153 
522899 967134 821775 696547 996478 358903 659321 556843 285467 308431 447112 813774 895091 880399 151179 16108 422921 244791 34215 915177 
30524 481779 307297 345886 59244 243659 894398 375245 383664 673548 642539 293237 920251 909629 678909 866158 582860 553277 468567 143344 
34037 520733 437423 938118 103081 270420 888047 711967 457008 619810 883730 614687 310237 651527 737353 783548 581557 302270 381725 329090 
435965 668883 549807 407488 404796 218134 234396 786201 110972 175663 12318 609111 430902 940650 582352 825273 816806 569347 964630 938188 
276707 703471 680681 858926 718478 972419 49546 899462 691518 679943 589603 633867 292759 529098 284065 663553 259093 473065 88898 823549 
355350 212912 408917 394798 571344 714097 609128 173589 728906 233262 159937 188516 712587 624507 510692 842485 505741 766191 403665 750020 
965046 403562 653987 409546 600282 660576 860046 971228 777185 34583 930967 814215 438088 820498 512821 423228 563549 173503 602253 311609 
677203 249573 727143 545668 699003 778036 130651 147487 5748 223657 180223 182471 554914 132682 558927 443116 123081 778109 443024 91056 
386699 80276 468571 624718 846082 157935 637511 87700 7077 984805 790879 651832 690630 774894 474748 703998 684741 807118 260042 542273 
518965 405200 931796 407698 348061 150224 997732 101067 780358 232479 265077 465436 638298 337439 916393 598040 122874 930098 781401 612627 
427751 942312 500447 138075 344474 539700 678027 488730 994965 800977 572857 69612 572753 212758 179600 138143 411752 85333 693028 199270 
896393 812222 212558 914577 50639 225433 222472 344246 577106 721553 757524 117573 155056 419469 345759 497474 807361 730048 277324 301951 
33763 744300 199040 121497 117750 107863 161364 615147 220910 208675 291167 863536 483861 839694 354823 635202 189246 701757 448547 614469 
276286 159446 837197 534507 385893 426417 963454 213655 558585 195339 497191 294021 684522 581994 107681 218140 601633 650204 743619 302308 
802969 830285 602831 227187 396095 736159 162357 434766 430905 501204 266314 669536 469091 732454 355744 128196 730284 829681 575095 800360 
220853 999622 897354 839697 750369 121645 602871 639526 640319 807428 597189 627465 450122 869017 384218 632472 591154 522001 137237 251121 
152425 944219 57148 688873 238687 910031 738880 30675 473531 826125 910195 460066 139524 202103 681039 458274 257867 613981 256892 973499 
81680 782156 891547 716450 247423 187298 755771 579042 106550 689474 431956 546854 664950 29563 233093 450707 969845 222955 295744 195263 
953169 666206 218778 247806 494825 699166 382871 108648 66169 584054 125442 708094 813221 289246 723722 851168 398324 845106 28862 153103 
287079 536544 114507 633978 652712 410510 980477 924085 594920 382325 379538 616649 748723 152271 664447 466645 989633 776398 654817 206713 
993107 797413 984968 307740 387526 60622 8267 439524 69302 154395 893833 607727 824792 88605 610969 815896 467639 823741 849505 710369 
181740 758215 891127 104124 366508 822087 526949 295214 182077 152964 235618 73035 928211 504227 528806 773310 598376 462672 12146 482235 
860790 421122 88122 370946 407195 684472 167820 88641 355811 355415 860447 88796 390795 461334 68001 666255 478476 892322 33188 290095 
839853 586548 176444 304184 377698 788174 819444 306858 945293 99903 603558 518139 131477 32656 976377 458301 348517 218161 625308 635629 
976904 132075 561999 547723 136191 403131 478050 975658 671205 13213 994171 828259 5310 660574 473875 609501 170836 817938 903714 779343 
681238 223612 353633 187206 992362 844946 675241 662202 478082 14812 77922 573055 664690 562081 942685 257733 621630 809473 384376 686632 
769221 643502 526672 819692 885974 633536 376880 559551 834911 426887 433123 872073 403506 350047 480589 857286 506800 613225 855760 202955 
981451 185847 892472 76082 935722 838271 608806 82606 601825 327886 457213 53517 816550 260535 348880 358925 944145 115101 77989 374403 
33001 255299 102112 841545 762804 910651 159400 17256 169927 382040 401752 917781 260447 162328 429817 600590 567354 108282 969886 622936 
64562 417947 977009 447921 806608 893062 717135 104393 411339 499072 118696 387951 22036 168302 459843 305733 325096 289146 973329 934707 
147671 84936 316907 904132 112504 163876 349322 201336 835125 105051 645084 227927 977297 111673 636883 85074 243875 670874 384135 188083 
582031 802980 20543 317736 301116 188822 630370 169228 607481 734732 623514 774344 793404 408292 32687 711668 693883 233862 419120 969400 
189390 957621 408589 407732 550228 427275 711946 827233 849808 903317 353318 754242 960209 154968 70255 308272 246312 884670 659281 497707 
97855 991083 166860 258939 693343 969997 19412 495903 438787 905389 221711 170528 787706 806316 833530 690524 182155 602802 613610 47870 
900443 841113 932342 744295 314913 525533 526639 959091 795617 936743 208344 660830 29980 790117 156100 700062 85798 396180 62686 176174 
961649 841395 585223 378149 157091 483933 384570 325151 742360 856103 714930 69864 408315 962805 883555 868045 158170 708103 328408 233249 
799129 343136 113065 568785 269385 172948 545727 441556 607840 530983 946901 244754 822172 811738 331095 659485 969265 129214 175729 301236 
19508 847614 756182 800941 276315 734811 509366 559460 71823 305946 383507 494547 687653 113394 554959 273226 450945 864418 429135 147583 
432117 472533 387028 906622 502511 810327 701075 101003 892202 544776 782844 717312 604061 76593 950202 520660 578484 4196 578904 972210 
155022 136752 334060 766862 940821 103325 863929 101471 827137 192816 850782 245272 907276 390397 136712 318103 38216 118203 742211 128301 
245363 106826 918037 275008 957954 930306 830562 5882 69875 361852 675616 817437 177289 588419 367997 934723 16087 43365 274228 294334 
183982 375871 368669 39461 650931 922494 652261 840077 128357 55533 644721 701396 758453 128557 516850 670329 250202 881572 732498 163468 
183684 725819 665148 551222 420037 333761 785186 625655 638193 822411 512991 522558 68498 794906 217888 356629 158609 530801 191872 936693 
941732 914412 947385 345351 247245 177856 877214 292775 376746 599601 846509 582184 374573 389042 998160 734945 835017 501812 763180 98976 
555926 234634 82370 431534 847470 50117 911714 12142 717157 617006 348332 547265 698760 137245 934835 248659 430067 726256 605737 780753 
321516 854 544773 377295 227425 68029 221248 657862 418171 773396 671611 686742 898101 687985 573270 792106 478043 210862 330801 315779 
424643 333905 601764 179525 934712 771609 197509 603360 344058 990825 986352 665296 810270 326361 261690 368726 525234 879196 496617 110867 
635112 758447 272589 131780 382424 545007 818720 895281 664803 883814 288510 610638 71590 143260 504174 604440 713870 667496 720350 692087 
887767 739424 357463 936498 221725 590641 632235 588576 319160 965844 813256 120270 971446 457256 198352 112610 764417 329740 97872 697394 
354296 67719 555228 360184 624938 27242 533106 766632 219945 777377 841908 737211 127160 855572 54156 66129 448571 800179 328310 228150 
835153 584965 483071 409754 212891 167777 722376 337619 230667 974056 258363 960570 544890 759480 397638 169042 754521 44707 468189 745943 
787273 424050 179380 103869 56060 25365 324086 845977 247045 624794 9490 762016 780327 697000 109453 905687 752771 551436 377059 221004 
19297 359858 439203 747262 796519 618682 678785 495685 522517 968434 64252 409733 680031 18194 852035 47073 780198 857902 100304 727023 
972103 740685 96319 113361 833562 763958 722982 166167 1763 379007 837867 169231 755740 745803 417242 55337 148953 564853 287846 482027 
202094 327789 211278 387356 11014 258584 173456 707754 48166 227459 824405 983991 798936 305864 660447 829964 824727 233600 303294 884460 
419201 965940 63423 940981 187777 995511 665625 585178 835825 284308 588144 190247 411543 592230 318562 163062 271570 869927 290309 823586 
199100 523052 271026 682366 993303 855692 967847 54851 479263 369887 567376 920244 628035 82994 759921 868393 89246 197863 159200 801249 
484863 729392 487482 75022 560314 653563 284426 465434 435993 516335 534416 192971 6788 492486 620955 431870 146067 291372 5178 869769 
191270 482258 549325 919024 88072 8694 497706 383590 988210 960409 925570 433600 863660 300129 242929 678157 918020 169112 930002 435473 
831441 213211 765804 842952 619301 75652 292368 836778 293432 336025 173511 505379 130601 647306 588118 906444 157725 656316 606887 271726 
651424 166503 719266 274391 454164 252997 625405 746343 77353 49545 986843 970604 92356 885400 138895 849482 802223 42524 801897 576914 
729562 803923 123907 588909 336872 746915 884121 945907 244273 787633 319760 810563 292213 71381 648305 800774 20358 556683 572390 930764 
935834 920749 508157 348196 997701 419491 98804 700859 454864 17484 986685 893326 302086 786342 629996 369061 889246 415485 954611 241944 
471087 566543 192216 833684 755415 795568 746140 977054 791278 3708 690234 310596 782524 292602 523925 998795 381448 420360 935230 720959 
111814 571994 367416 858188 440791 781478 912477 903920 807553 94846 505026 161459 624928 678855 60844 134555 354872 966902 671596 907161 
599117 748816 892234 286496 362684 481773 203912 837865 598554 348920 527227 430207 138302 848749 369372 144314 720633 45603 426252 90851 
387586 735198 257087 152888 393419 346323 294166 850060 163857 510524 335221 54640 259187 235950 772850 789161 845246 20938 67440 149050 
176464 761348 556209 531803 901226 774617 504902 315289 29604 702713 832526 111672 23600 997394 935643 693913 122212 670682 818360 192504 
492704 741899 982126 353269 194061 470783 435221 793330 190233 463965 536305 114140 808500 964504 510907 475736 610197 634841 579644 909972 
795855 432194 181098 67409 28121 54108 17119 815720 58377 538191 267753 462178 853975 535913 880181 283270 979167 794849 335584 960946 
908344 817441 561287 331104 828395 709529 327759 356404 145515 980318 319453 87481 325781 354755 546694 264264 844953 253780 782003 688946 
665384 500302 845686 535025 468928 983443 721055 815813 454520 2808 764981 557213 16129 767594 448279 557986 680877 10038 947707 321070 
879844 161394 32409 611874 135872 503530 264634 763191 569944 45559 380854 455132 947730 806432 711893 629129 399202 795 639987 465111 
416338 971720 117993 256987 393434 238967 45079 313660 377904 979330 740034 802925 716807 387878 252206 778818 181269 562403 446740 489546 
497218 701645 9313 83483 714084 583880 288565 160235 787974 647802 769809 444699 344871 225410 662101 337296 169295 275750 852801 829422 
102120 973971 743890 780065 812478 980548 98040 484422 480766 225624 725093 169037 446443 987914 772102 184093 192485 695236 908882 899840 
678661 605229 962843 434276 613577 564696 120311 948215 574780 943521 968094 328738 546475 580216 123334 971928 827014 266039 714446 858833 
959412 319587 438778 709170 499464 555880 398011 527954 954561 884535 368992 620164 699142 507605 489454 296339 85320 133655 25938 946330 
476960 477173 840816 195643 609860 217676 769294 977902 286430 136488 976128 890482 576590 643455 213383 484256 895464 755100 921180 927610 
286271 879983 991467 564067 226252 798368 528045 670620 197533 889850 772189 340239 328520 241684 668369 895442 121838 662821 830822 94144 
479236 432811 225767 163276 332954 89190 942998 656230 331938 501509 11181 913693 40969 504642 827087 582577 112668 436375 762390 270891 
769741 99797 332438 551513 215481 767664 525016 173628 669261 749175 793799 525617 177751 990908 735591 566009 234395 967778 898658 642150 
494722 443856 836770 458538 764849 323626 197510 337864 964338 724228 978489 807776 715871 608468 605467 769834 882058 146371 369960 973494 
638561 632477 183122 104161 129853 802850 705898 913336 283801 471129 897164 618659 657399 458317 856221 728853 258608 813224 707541 619132 
884076 397007 250313 820944 819728 490000 962790 918494 557782 238222 131505 100878 993711 311547 750574 626469 987413 598296 465995 921363 
503307 163806 680001 847107 907143 875460 527073 448028 947608 920822 826938 877113 849012 535075 760208 669712 664583 65015 274172 834772 
904501 963386 622317 244963 828701 633812 967063 297304 304434 815048 796531 205076 308556 736011 748181 871979 184041 586108 739975 826872 
441789 359268 570650 594405 689441 620942 582486 727002 189207 3489 507182 255073 876162 141367 10182 732226 45783 20140 13978 450918 
635412 886508 326728 66478 95699 16832 329804 144616 660696 590112 879296 497851 604573 949824 705891 69720 817895 142703 735149 943308 
799763 840396 153015 292668 585704 687933 377126 387898 629536 866824 521604 693234 536534 831139 539084 560364 752553 975311 686119 375983 
796272 553868 630088 921791 859747 613704 644132 477522 261202 844991 976168 368792 709071 424226 136266 892313 783495 610663 437692 568986 
594624 383330 916241 488207 212562 12832 5602 375289 374080 235823 589076 602285 128184 486623 930754 703229 5393 159188 479129 586725 
640428 28688 501074 83927 771390 60477 6628 632814 59613 747414 2302 269958 31499 165232 76064 382908 251463 238292 938576 585577 
756708 162401 981200 189217 494768 354574 215366 832666 32119 281619 31095 746879 148294 907074 214474 568107 547238 645548 893960 422277 
418727 675239 440639 603901 786516 578295 551991 544631 337241 828471 822046 704312 329786 74516 88760 35278 729123 143922 920636 507671 
288640 532117 440254 83685 132037 799806 881653 895279 899996 342012 659917 285634 698218 231315 846889 419778 504225 660681 859942 86679 
524724 121658 411427 714459 265763 993237 14001 976858 671270 408347 718223 209697 962739 97171 696712 651120 225105 401063 114601 678422 
688334 857228 202285 948765 827457 576711 586928 847495 811359 610145 586248 497048 685626 892559 801681 73909 372487 189778 362518 350561 
229036 45945 524234 883310 354366 588903 842374 152164 287937 942176 390194 722476 168644 134406 348054 433931 318421 805608 613633 2198 
222219 596600 810113 767386 203228 729949 687796 131381 759342 29486 285388 330311 795324 102793 599759 163307 858393 463836 208942 201099 
657010 896671 607293 660866 166693 919201 514225 172174 913986 657841 268845 682820 549970 133432 139588 863961 500945 66648 755563 918531 
776877 851929 188549 215263 198172 216840 419894 257879 963470 384951 748340 353514 143792 238556 349214 464282 110760 664248 896126 845106 
941843 289556 488851 179965 848771 189540 337045 811794 165052 649217 335780 78268 189357 604000 343861 830537 250493 396729 264402 902725 
438982 9471 200172 236648 525742 957871 958338 572456 74998 372933 11571 316775 421005 587700 379642 665549 915019 298138 881429 98262 
885472 775282 434327 141288 179873 230532 678483 977938 817538 738631 384809 478882 377487 457436 841825 626042 642545 32996 446837 242345 
798645 594933 211106 379760 5761 705646 22297 693888 103251 739273 977200 127449 985541 914391 932613 487660 648221 701520 3357 185516 
423631 449135 619361 987558 55156 684085 485447 9305 560314 690833 256710 238171 392532 261283 316527 310375 143425 208607 684503 731502 
364644 240671 784584 199172 121463 65180 355096 367381 651495 113359 499010 350718 529685 234465 263700 988869 356615 772270 79975 269212 
336623 608575 657637 690888 172933 361664 723177 416881 545128 419108 755930 760452 607885 402296 500196 749200 646319 557761 473972 289464 
778152 800645 402108 669988 287844 472835 645497 645506 788749 542540 521751 194476 843736 715236 527389 626869 161282 377254 101086 937812 
964671 775619 539687 427375 510953 675921 202885 173817 38317 754364 838299 609293 627590 207173 304146 884786 695935 441053 322023 29583 
185609 320397 320249 41258 968656 761019 173982 444836 252442 971246 715851 599396 274158 225221 964229 434892 406535 238144 19146 953911 
739195 71906 837386 384609 120482 721990 556584 748312 382907 331047 602675 479745 706080 840563 723814 432096 307946 47434 95957 897480 
312239 533378 9104 590858 713608 223952 851369 31460 633619 810395 924079 569002 775478 778830 687893 115550 239501 538023 217411 773291 
668741 103420 867336 792820 681752 409440 133108 528950 772106 326109 117117 120295 466397 361224 525703 945472 360160 918776 642767 666467 
526254 244530 208258 461107 696743 213520 38238 770522 116332 117067 574218 976142 213250 414209 703052 611948 325540 788043 151716 42907 
505132 751034 273688 185055 854698 925404 348603 192131 592545 474749 375084 208559 366613 113890 590541 771737 907960 260640 954205 441558 
744396 235054 601640 287412 527161 668087 922914 891673 746328 681563 711659 835957 669352 333253 575647 301196 473356 646747 674832 747648 
380625 430143 409947 295659 290845 34149 166899 763824 373772 464180 160554 592727 36567 189784 598059 339330 246401 849272 106546 476671 
290625 803519 145666 345638 442937 564147 438065 550738 175292 806433 630787 877890 974507 699283 871562 770177 375156 900823 303801 274762 
720068 266466 505796 514713 714322 994018 450262 155455 171683 259582 361748 291615 444394 504757 39984 952274 597602 947222 876182 586163 
740863 399941 154567 140796 64215 788707 946566 104519 812395 325701 704314 147985 456658 162998 903197 72365 360141 36799 492721 649389 
313376 763458 425483 978081 781291 754513 995646 751305 699768 324119 420932 536249 129565 16742 467494 933072 494246 902067 117858 315364 
802255 957220 532658 672366 831333 489823 697869 616029 155610 987353 51863 632674 112488 911621 11592 113744 30398 126380 944189 703280 
37269 236810 964981 177229 856419 358950 216242 802872 717100 807664 726160 738058 670261 790062 442021 802275 677033 703098 378677 116071 
77020 467922 767164 649595 250084 719822 26030 692045 234152 611353 327758 857108 529554 992072 922333 728804 916300 304065 814704 236561 
923484 1371 15754 648710 714558 527982 663105 309617 140425 379363 416065 573941 862886 41396 559037 655704 481755 567152 927260 638318 
962472 598848 820988 74502 44966 161202 59076 977403 376433 87449 586422 263663 744216 263986 867925 713691 371855 609853 364506 56511 
73032 824472 940093 349765 199450 671276 934344 535821 399136 935197 675573 843578 817357 259484 735971 911734 352113 428693 149024 538417 
404640 863231 513885 797869 535758 585739 46723 655369 451355 802683 66045 931485 845614 147223 314108 38101 126081 777170 895607 627688 
725571 923803 807924 652513 658964 27575 878005 541796 666074 748627 812722 768218 414460 261431 744676 740670 526071 481023 973385 982918 
349737 511172 129283 56408 995999 943745 433945 81690 369372 910311 925976 146848 244878 373021 827454 740992 2368 633807 637870 377839 
367090 514943 600935 219352 776761 262062 771138 81321 436467 797885 264949 524016 574186 50976 400044 543624 770987 112923 661493 138659 
560767 681003 262131 930189 549385 399255 128212 501622 555652 243575 825137 730120 866077 980531 202730 991495 662328 87762 90095 65790 
671848 296273 471517 440310 47492 62383 205424 689136 50426 702863 89264 557565 140677 829547 514233 891689 294310 895729 678380 249831 
156202 513496 542513 830960 268076 711245 319777 727275 745304 348141 348227 830109 114088 542250 427549 827319 605848 826201 605121 568317 
360139 622761 486581 759892 787744 474233 636492 9758 413163 406640 647065 929449 324412 911037 15817 956957 577628 822102 717771 700492 
111699 893662 769871 681295 702175 61171 102325 684229 316948 200788 397012 435249 470539 874036 277961 678908 602490 162287 856701 614895 
884180 356094 563709 403231 529323 659479 181133 775742 692399 59072 321054 154537 614287 270301 652644 128715 210575 444373 904749 987415 
966317 923029 643344 375347 772374 552673 697233 225141 896429 719580 803242 202114 802930 686863 948020 153531 8216 573250 464543 963160 
232218 170188 467563 605135 767250 636012 576524 938143 213827 647770 118286 108783 664162 301157 635013 357041 238903 628255 883034 243823 
396764 23302 827829 635701 602642 874509 673757 987064 600185 905165 702494 795566 229233 332042 272483 38289 441609 707249 736699 137489 
41246 366929 121552 446135 359063 753749 16907 314919 811278 838225 485207 648355 545367 179676 75348 61531 523308 190417 586356 867938 
124362 612622 125096 382517 392184 82020 449848 964242 884423 763868 854073 584781 902427 226133 811316 42677 910273 92977 663036 842949 
973144 693752 147805 77468 334953 733083 523343 498674 732580 123604 428646 195150 431443 976572 892294 894712 779393 384226 243413 907702 
9625 953027 927870 14791 210824 197015 161799 829467 433815 662847 130456 25549 48299 646654 64738 603092 990878 569166 427995 383914 
735610 578923 397383 97833 300772 363513 92361 622696 858511 996425 168284 361143 629054 647885 709746 681197 923546 522498 854242 555295 
586856 356727 71320 707371 272109 554838 336532 50269 936089 679381 382108 66435 440868 410302 196358 796528 235282 541581 939063 538793 
787381 394439 500746 482054 103775 289760 966047 639061 25057 825654 878173 734963 298227 109093 145879 206313 175274 803523 195507 245144 
345962 263498 856803 171001 71989 57433 73256 348523 150955 930765 830055 212886 73147 695133 940727 717609 978363 976127 678121 205807 
662976 780656 625451 952817 384736 866117 397095 923667 626645 647886 649643 240711 583025 445745 852979 210429 3803 226463 596950 146933 
601742 401328 730421 421329 858006 899008 36742 508470 518680 794117 49484 162325 312057 257666 983166 813190 246093 540449 314787 988379 
142167 418723 294894 258100 490308 502393 739061 756715 175847 832090 347967 426767 502344 423305 30293 812284 806664 646532 639451 862341 
328894 55304 507674 523788 261639 711574 708697 518901 160047 785378 602728 934652 901842 673658 882200 555449 701075 400483 323981 710585 
980685 436077 124717 793447 612742 393826 298417 166437 974282 376622 934108 943507 292470 440442 378158 744936 857672 522948 837869 405385 
994498 382545 813979 409443 190941 466950 134595 186831 346302 309362 657186 769494 319724 969854 302857 771038 517071 766321 2597 187000 
237718 817067 934991 500278 68871 268763 27279 118079 436649 199459 359585 261609 630698 122168 233686 56935 501486 264206 656823 396204 
826991 433071 526897 101208 877982 314192 376708 137183 579377 209012 519013 392796 687583 174055 923653 901703 961149 690416 607093 179045 
295508 372538 663171 742239 288259 750036 147160 589050 707978 257792 493611 832379 714815 137754 51972 586063 915130 576444 762312 654118 
562420 694565 868999 132085 538035 231613 738983 245474 376811 815934 904086 487994 199609 4290 8302 574788 644472 303067 929726 651003 
406534 671042 180057 284387 679166 442275 333859 930 345199 972901 504036 100250 261885 360693 150165 976907 66375 888739 294992 45996 
96000 491656 955219 528960 839232 602035 406612 111864 650816 403256 606097 923409 980360 39000 713521 813833 405717 584471 955917 144222 
322111 323469 26750 631678 639747 370964 248308 432646 755735 627759 940534 807302 183361 76386 893525 817758 463787 920264 516794 311888 
510800 52592 233509 535723 441248 546984 749039 322792 111092 95070 681970 180627 918181 354988 732178 529883 504382 29543 478766 662799 
351523 708381 4714 668402 117186 27622 577736 613080 7163 788399 9900 937852 223578 819247 292759 407709 240008 753768 330209 377354 
395413 428841 633728 180599 172785 186018 580518 818451 448609 801227 807142 81709 849397 491945 666853 351491 687541 463074 837797 400379 
489811 617151 521259 50592 844220 409332 610432 919461 454375 93384 916852 36188 191789 548835 623824 165333 694015 460058 558929 980810 
381620 29348 895629 154100 24821 490668 848034 190705 35399 861877 11423 3038 376645 560275 367212 267728 268254 133189 380041 107080 
536402 151460 274039 75932 813998 137972 74529 121605 977293 657694 920480 401973 545062 596561 497402 541784 504816 335468 950486 497120 
935542 208281 521681 908355 571158 165593 346969 179555 697078 354877 664276 786130 87369 468961 523075 764685 513434 14929 103393 139809 
707760 90166 73180 785693 871116 190133 168145 769950 107627 776472 348298 229082 458928 870002 821365 594688 606013 550036 601488 688586 
948928 68047 939326 932363 933329 719866 338501 382660 888713 368149 186007 681661 921881 467499 321959 190715 255972 29404 952831 991851 
908154 954879 69265 915962 771921 436988 427508 958913 170559 388735 159949 990105 893915 263103 291493 142465 379762 322293 946370 991356 
186913 422499 101195 657527 309917 300241 602705 203078 935963 984918 426054 592355 590217 355250 130695 6505 489301 427085 917567 104042 
398516 767042 877390 738076 566756 458165 11373 660858 25926 87688 896514 628252 431753 789858 818709 138267 430998 581292 72757 686064 
942638 5518 217743 730431 428561 35593 517863 414391 743604 683988 523023 438875 665280 660815 963970 416131 533018 10102 50498 970034 
730107 622675 299519 220395 952738 398757 513198 166883 610032 473118 39471 371166 201392 292384 520780 467752 556376 280931 533232 106667 
713226 805853 924550 187217 654511 913089 7541 609971 48461 572545 537236 873456 229566 475909 519541 745500 478827 176837 118750 508752 
394166 714471 650664 163480 616919 554347 33900 359429 297579 46108 456927 829041 303039 534288 270076 861533 520967 506439 149639 678475 
642426 167765 648019 281677 557936 866696 48631 337989 512885 514402 582206 633789 761859 303909 267762 784397 944751 315392 616800 769538 
273141 583292 330316 878212 735600 849671 394042 584650 969264 118334 588978 609425 55146 357746 915629 775148 273441 919926 871201 477159 
726948 833065 270623 289103 752642 406685 765881 811398 844577 159538 177561 323007 890493 553397 609601 783156 655610 786529 199211 720655 
208965 11872 676622 709428 389141 918087 830738 105519 466834 869066 33586 902277 2076 845377 13551 100234 9304 730220 840232 615433 
920621 675714 966527 171521 555835 168523 812150 528112 168451 719255 206455 307603 158010 785670 715848 658608 660753 777103 626669 269972 
767971 821117 916243 688949 377955 391313 90037 830175 681200 920191 215660 274382 114216 390635 811491 764865 124987 809145 254790 591448 
303273 479765 683890 721927 407568 612411 990554 949620 498149 606821 870295 522728 130139 984238 743710 190859 386114 917290 410242 470203 
412281 486232 908616 813779 622625 350313 802398 700321 447634 891038 805329 134627 856628 865771 979240 954525 754012 170413 325112 607585 
82777 735775 115217 150309 819303 140512 526906 422713 282167 5233 776956 88426 77331 917949 866556 511008 949953 783509 407088 262529 
271135 214320 494038 356729 843103 60251 890020 879427 905274 615312 176007 679543 440924 188236 763213 541229 38965 667333 584520 505702 
939235 131904 389335 393739 266394 458153 465392 935623 599117 189099 7910 415679 955807 725618 43895 747328 72272 539581 51044 891626 
87926 96559 259100 517386 488744 768280 267588 397852 907064 788082 612831 610272 464208 733437 375921 4777 126787 493183 925177 941327 
45731 261367 453948 646396 386310 432462 729388 326263 435834 102015 128375 712958 73623 97911 107498 523230 504514 93487 394910 575915 
460582 124924 981314 86611 363236 478530 134781 11816 293249 301449 428075 285217 413626 153924 863928 80578 320097 916040 771651 744572 
502498 762426 982642 227569 376633 630966 654606 876094 986444 620115 248928 888674 174047 610811 935928 819661 557066 49238 475985 565836 
661569 930011 450204 374031 528748 787938 182779 838124 181986 507436 681027 82156 568896 84317 634704 655139 373669 216433 133710 626976 
189229 604193 313762 348116 222319 741305 553953 528883 100940 495558 758109 136044 66288 905672 31611 450847 669533 727733 490214 294009 
16289 715883 43492 423093 982838 13887 706722 221452 142214 652697 270399 4492 481850 501099 756582 952254 70143 740557 798099 647643 
25474 930089 448417 613759 404635 683077 789994 570852 253401 37007 727900 150639 758431 124953 12872 50635 196659 441051 90968 19695 
464961 865202 73778 795800 702814 618225 984572 697693 58254 394327 929042 256867 393643 298592 402588 614643 765866 601444 431600 709548 
789370 158715 768955 391701 663160 714402 513300 966745 585812 507377 459661 894537 777717 713104 145753 491520 88122 921270 50981 252822 
759805 232893 292635 426099 156824 394687 649556 406518 128982 147948 201733 18214 312004 133608 506169 965852 245788 7163 632768 230542 
750580 495378 538457 369503 509000 780377 960372 479880 190325 929616 544184 51592 552292 530054 558372 497643 867048 770293 251518 930253 
248544 864422 186842 728273 536376 295840 217083 903940 980616 601605 986950 800773 711301 673075 118787 407031 983735 995228 263633 62845 
310455 266355 197468 900035 309106 171202 957948 884317 113483 39390 643192 704934 361295 762813 410132 866850 589190 682834 44046 872047 
241938 852412 912795 651319 269856 1549 210898 419964 228062 783293 188723 338016 208974 9415 30114 818083 783712 191080 326469 565646 
772018 913231 808469 668974 283597 612355 44721 62197 430975 882517 837655 285737 473486 213603 297837 434011 956169 748281 986167 224961 
705382 786785 251324 680891 960052 189989 707356 364707 802942 185849 161693 94518 278390 475987 586062 846242 295396 616128 934681 418957 
500447 907736 660811 783321 796731 410436 74773 864265 884068 703796 848737 383490 107764 619525 125674 463816 955920 700820 249856 211985 
349486 528749 909589 212430 230803 723896 301027 617005 456286 668988 463358 736778 73043 118418 316283 485922 964676 983123 189660 348118 
863157 27621 483320 77618 144406 850615 584297 398287 519938 163888 937288 198523 244803 61277 895723 568155 3373 761709 235262 499856 
946071 444011 501338 903264 424526 526084 447012 200962 400988 439506 831305 76737 49952 268244 744544 874078 132211 996285 347775 404233 
968492 32899 139418 583897 700907 598207 431997 713700 969982 349407 820065 856712 837151 28095 401477 494241 681093 821179 380252 335788 
159278 158575 560259 943626 531362 834579 700508 423469 993682 117431 574472 142990 845282 524183 419616 625951 534466 867020 914985 234030 
959561 887446 998907 382092 195118 509168 417156 545316 907080 254888 997265 131385 848053 636522 245579 872556 872090 132540 691475 264326 
883619 570824 268359 842918 704438 751896 846189 164241 683298 146484 263120 420267 423140 215557 27226 732277 773099 653608 504415 784530 
164050 978291 876183 229262 325057 285281 827595 942424 856513 501023 769986 19164 745125 283940 950529 17744 948100 333549 522316 61053 
111796 822946 160898 498167 791769 4262 427687 247205 795776 162829 390321 332420 247961 241029 818279 301329 20320 545876 269794 129381 
4932 231145 501198 885861 466901 796552 592724 580188 132250 108218 489158 614415 301663 672100 360497 17854 709707 811296 878200 511852 
201596 344641 445813 424585 212858 837496 836030 932764 74965 461181 891540 461872 231203 102262 645006 366426 828553 769445 113856 467909 
629359 605957 446021 343022 953815 703948 424668 591568 629939 410624 742504 310974 943238 212236 780503 911194 616962 56656 715533 805192 
211860 530540 594716 630859 885442 983802 792923 626676 199139 736006 299427 573919 226118 527069 62963 261789 722752 100048 993669 171806 
368799 731465 759020 21483 232295 188787 21229 497665 720120 941879 353472 523333 134722 519459 834934 714752 28439 198601 365136 247010 
304115 876229 389335 955237 363400 668961 148003 951058 739212 877037 312825 548988 469783 519527 979323 509716 501227 123524 936274 887296 
481143 94733 596046 556624 573413 114176 220123 576858 971169 886257 830997 158444 87461 850189 434204 569806 514826 753760 964260 701778 
203234 18601 406517 866027 790348 332281 636713 400827 432531 959699 51791 982157 74535 390631 626844 957639 984612 508428 136745 204816 
974020 377965 949345 523094 598801 590462 589344 364810 601357 544759 7189 18416 558400 411352 439999 794417 244265 344265 42839 30022 
312470 925775 95333 637842 67712 855756 21059 218717 980408 433533 403771 294011 20327 288825 131706 996510 123767 837518 721157 454649 
238903 996039 319338 806221 563474 976679 607758 897921 989659 546482 346605 174838 736957 353955 611347 526302 620536 101579 409936 658616 
181301 815908 869273 913754 244704 214517 903133 568969 209127 432472 437008 686912 913951 792495 80720 295596 748394 602752 824508 976020 
221879 359390 924731 271259 766490 402154 87738 32621 191779 448952 75687 598792 613306 110217 838832 119354 790218 729720 600127 435800 
676576 540048 311139 185725 802172 824301 642329 615260 980440 620656 820138 754193 537426 945533 271905 44390 147902 67633 489746 214440 
13041 942044 982778 635236 707679 101664 582271 872800 19304 401949 212331 497041 271530 446731 539223 592043 700528 250779 920507 617530 
496614 619675 318785 533066 80649 576177 59047 309728 707187 241913 138466 176638 721346 63226 465131 976386 265037 521639 446319 283163 
117594 923844 994509 601929 274271 902157 86026 165883 498597 115036 658148 737672 138015 519692 599854 221729 398501 785988 367214 128967 
11741 158100 850464 151559 737816 204555 49061 319578 630018 887719 994609 411133 854394 265697 397954 590701 612173 667889 140317 952172 
657908 856398 980423 133691 751188 653454 512851 184376 345449 550061 536596 229744 192561 837103 123699 11699 163217 814832 816754 443117 
81551 439678 935126 771843 889173 832257 703899 93957 910827 964641 785741 341115 598057 610590 582937 488569 862613 293974 328805 487856 
899658 957242 9874 448643 904746 579015 762083 902409 269072 786755 144944 94843 745986 511543 529697 266534 448328 213367 615718 961084 
252173 824017 999194 761722 916620 962196 76295 249865 157772 332829 869905 241255 488494 394079 296159 20985 773454 246766 610426 315372 
711510 639329 502515 414218 207764 77445 974851 707276 582763 598021 137235 580826 502832 407366 430658 729060 540893 269722 140101 774922 
511656 200457 915506 392831 431637 843209 328490 722051 169277 120574 644548 650959 141449 363270 536827 669240 17461 147561 444687 54191 
91422 438965 723283 752498 515222 993521 792512 146053 667464 992346 266089 425936 511623 200803 88817 417862 405490 163885 73923 906457 
368127 496259 360482 445920 946474 662066 665744 80360 842358 495058 93214 616267 308773 312882 136915 619254 621457 390008 932026 312329 
93617 811372 769789 813142 259538 169975 847118 332710 240733 910958 98734 946200 166234 286612 567272 444424 918550 304217 65726 245726 
342464 906963 83980 286773 917221 271985 574417 19945 328287 234261 970247 223497 151891 431098 888662 925863 894182 520382 137025 391565 
951757 267547 409931 105522 736517 839116 251173 267268 799067 895586 456312 873769 319637 109791 514358 969565 461839 79810 48937 917875 
873695 83918 789790 616485 423338 434646 733259 569326 241118 830108 369849 227333 842767 352815 575157 850600 135173 446796 86004 221996 
595332 266863 522487 882025 594871 493841 530614 581415 775564 358035 33534 352519 111058 634071 56677 271190 283650 788069 900111 541692 
244126 832079 203863 203925 552587 339105 959430 597909 612794 28967 150297 261966 362097 676513 669961 907335 304817 102770 544084 771219 
209844 348072 113654 128258 158857 143905 466067 86884 769970 422431 747786 419614 433103 235871 511591 822785 547301 369180 634144 658030 
694576 262526 338169 977664 618871 80395 334318 364260 268686 845742 1522 22308 799537 574957 634932 895985 654826 95023 215464 187887 
891851 596609 219207 145290 801168 707094 295628 758914 174024 795782 712943 666977 448486 774682 67683 935547 564099 376092 68573 369523 
275694 809595 996824 350943 489658 130977 620615 965528 404592 200543 153996 203976 142005 35193 330344 490454 53323 469305 890036 581520 
104204 755802 150203 280002 365016 815007 60397 83713 277889 191716 47730 893653 662192 223999 436517 46670 633589 379612 475566 227645 
263272 631727 893312 755527 544379 431474 703101 902321 501663 17521 522756 889192 430471 639324 997658 295436 602323 575883 405210 163644 
183570 610003 418300 383515 638954 612362 589680 788467 210583 204403 570433 807213 383763 49827 860996 670131 269021 494857 321408 264115 
521380 706264 729556 474059 791715 533664 142778 271426 253017 712290 644249 92333 223535 18127 376420 304546 652325 57015 492409 712166 
529850 159891 323736 771384 824033 272773 486919 594979 27461 65789 631637 357637 57453 116526 305406 49443 871974 36872 859724 618389 
903874 110927 829628 132729 148328 424767 622529 187938 566851 826762 119497 284359 492941 40414 875379 173068 840615 998695 559705 788053 
783847 181446 420052 665824 434684 294433 213433 42350 189053 542804 494234 2622 347944 157243 148468 190598 403233 252465 882098 566165 
30667 112287 234601 987260 176335 595358 314903 253757 834346 711394 285668 896797 867751 232004 218305 461633 236104 56521 784531 893857 
420 430573 110869 502912 265000 993044 360447 977094 856868 520062 817707 626019 624264 624458 369470 646548 930292 186508 283089 387838 
788884 349176 244089 766392 134491 41745 997097 129005 442540 339111 47401 122787 810931 771389 88544 520096 48895 796624 758508 580184 
601079 6324 306367 653985 575669 442181 976733 35308 769482 395623 816842 282585 498823 21739 575167 959547 110391 9019 521105 103293 
10681 431695 576704 50886 343526 565651 165310 505494 115037 483474 296374 931420 445259 570050 718893 807828 836600 874867 963829 481164 
10612 345169 435068 711365 819694 888980 737872 254718 273802 259864 774012 553469 709243 114963 448029 895601 782564 611399 803816 222348 
605045 860840 260189 224334 52257 931188 994017 152488 672648 244312 710909 837278 751501 732251 33371 407925 51236 641965 334054 442047 
720072 579835 881096 527108 550806 222058 84046 6121 942204 681541 95464 370672 366374 160367 515943 366068 973922 258549 899458 352303 
756912 862027 167321 483550 743615 83989 524551 292440 96961 596282 543847 38139 197901 868958 647767 9819 900137 182553 498374 982679 
561303 475804 457692 91511 640788 672905 468166 792492 309471 935718 996100 67832 997332 242962 295763 376610 236713 597711 348826 303350 
931397 325712 846810 547279 419163 314403 229561 285818 723626 585429 622708 843086 524540 772822 991887 660819 39878 695490 147504 66936 
294186 412312 980922 790241 443436 940911 501985 964123 257035 278787 345152 293984 58711 133189 916227 884745 430782 117126 863246 418497 
281657 786301 748559 316723 436933 222980 977698 629951 132643 331949 687154 194264 548595 114453 548973 781713 623116 218134 320071 833412 
178155 334885 553754 361692 893799 695880 674133 605478 720322 161366 116733 444858 337331 615671 400422 644699 689041 715192 414349 437519 
537531 822649 35547 597441 455049 341370 756120 234313 431354 293002 411993 98495 274300 469274 933484 307756 195158 366851 203800 331067 
327238 766984 751821 357477 973724 19683 951687 841490 916962 850022 928508 348746 219977 45467 425726 45991 579734 622243 590400 751394 
162692 649001 987275 733656 199014 607801 688694 467973 633957 1509 154486 420703 322770 111097 308140 908039 42608 76027 889568 696153 
179235 971084 407222 190042 920899 605269 743747 673400 842465 774483 245054 5431 278238 902018 484183 403657 772517 312667 632473 985869 
928994 706156 948065 513136 29921 602103 621177 568634 869627 624361 988941 450130 52956 606897 588800 724780 394682 495469 714876 10014 
193055 637134 719703 731614 733310 440892 83627 211749 427851 707328 588905 407066 12634 82292 974701 345940 322709 73035 199490 694458 
466298 269158 353149 375287 217975 369197 76135 246957 564088 202210 941736 733759 417811 372532 487250 576752 875433 772520 279362 891701 
280212 967168 880694 761410 820894 452341 35656 485714 410980 405730 401420 690976 942877 853965 886242 589245 591504 202377 337979 410206 
501591 901164 348018 730794 889821 243035 471208 290098 513234 824069 595663 906894 648260 498314 602350 932683 500918 716481 780340 592628 
510030 916667 908134 112815 684388 319535 781200 682101 900974 732847 862985 935208 396092 714027 685894 635061 372696 704499 798719 959062 
47542 321924 692896 558634 302860 743831 342554 586339 474203 44547 957919 90785 2372 678832 598152 848979 565052 749556 606942 270471 
952814 976321 985294 434021 575416 651558 475280 738343 310834 725028 265596 488897 244153 61488 39405 779797 20925 352773 330449 479009 
121540 948143 147258 332757 93481 984516 845874 220356 146996 589499 664596 516303 171059 171553 946309 958502 4550 213417 759035 493359 
323687 695723 220798 115813 660811 391529 55587 38724 874398 656252 544919 457575 659865 755630 567311 852811 644371 554860 859390 330792 
347507 330945 135949 731800 783466 992484 138039 234846 274824 607169 727500 54257 226707 534464 668741 127217 151984 373168 307776 713704 
686190 534723 776079 791695 829608 919326 704009 785745 352108 919447 729866 114644 88513 256286 502775 13026 834511 907076 550779 733689 
124917 297026 755782 496041 791540 620578 237566 524711 408769 334931 586371 668755 439305 329598 651809 995889 621622 726438 952089 82561 
508861 54547 613848 680291 909972 268600 868255 655006 984370 839892 202692 945664 708217 709034 154274 736227 573741 168256 426052 401231 
175046 535233 873855 515732 729117 62623 731625 631451 161084 869358 623505 476761 23158 637094 102634 666806 94858 14171 343837 750536 
442640 927853 111967 281424 99100 369461 596665 351382 743993 353764 616784 331772 97962 380975 693654 982289 206976 497 57524 441015 
330577 942802 301888 287309 288094 916716 78235 449555 697628 438921 294186 1060 148597 137205 184126 425127 490047 351557 285848 246347 
686881 387690 769436 985385 709987 162191 261234 763862 372835 962636 999633 108380 959466 248979 852715 11022 931065 475770 482665 339916 
47226 741689 702354 896870 828556 498671 931270 237510 524903 491856 710804 798194 694025 344705 919165 574396 238968 74199 396336 260841 
162594 680055 898354 209117 331466 499025 502189 291251 871787 90477 309247 911492 120895 342623 379456 420613 622255 473513 903909 556891 
289017 867486 361399 538901 304156 279976 103331 452212 409761 223242 94245 505775 52353 349751 979476 65365 315579 57023 5628 68978 
788456 805722 14212 616952 467029 409224 896319 280665 692745 841144 948250 511086 846212 169300 589182 455108 729538 856439 994071 394113 
534409 156432 191171 144785 242484 920166 475164 993598 40759 784199 49934 688417 339430 28051 400731 252571 705453 838928 651635 440491 
205030 276236 497897 818623 120285 621175 438142 121121 840225 868605 246780 967025 856505 26478 804507 268333 507589 963341 709523 921379 
869760 347058 37654 167189 828557 261405 499230 588024 600538 287449 972428 274328 196201 733600 556905 632561 149951 132494 781341 393421 
39217 420598 366526 457320 396998 852013 446827 455068 530116 483817 826938 341255 936927 495242 562462 777399 591298 392431 634388 992716 
223257 208840 750932 477939 775905 712214 770694 750757 53534 845049 28787 231662 747155 619753 174565 764298 111784 872360 402400 59930 
979886 191358 125635 172275 48874 652219 771307 39994 809067 854013 907413 249256 351057 224794 762256 392265 144081 309566 301861 322325 
960883 111454 206849 152859 51300 134963 116637 747313 151908 328087 363182 604587 77666 391754 490354 401138 491932 135906 28964 145165 
179468 758348 407101 104105 524119 778548 555440 649175 134493 700751 297483 389956 925297 902186 941081 348799 368282 88589 771486 757460 
101769 621922 34334 961471 33929 956186 3824 605397 961166 192073 227425 227428 20092 884612 941796 168491 548505 668476 791289 345922 
862499 168187 237898 116829 351769 954587 131802 146767 34593 879263 867020 983481 255340 20466 305808 392510 748271 486432 636659 838507 
128471 446067 689092 337400 705398 735309 674748 353715 209625 793992 286279 689754 351534 820523 348968 31801 791727 240483 409528 126823 
833557 776200 718707 666644 436388 798840 598586 226932 456169 927664 309253 621387 948858 595842 806709 743573 545052 321423 45925 467652 
313933 421076 38217 54838 972855 87403 835347 346251 904733 886328 81560 784087 238229 837037 430643 988805 973318 397667 507260 916306 
250259 587025 225495 384213 575213 973381 224409 732339 565088 866721 829943 76607 820651 969141 224223 853347 479905 577671 967588 217997 
861371 847223 354402 326109 617032 763650 349114 981244 240968 162972 629799 135688 953632 503096 310503 910632 536807 785842 304503 361592 
791519 732548 686496 138372 962873 645970 226478 855664 904380 399100 210895 946489 744242 199313 994722 378633 264486 716950 582846 134225 
925511 942052 546494 80406 914939 130828 219060 511088 980717 846021 230513 286839 937111 998656 658965 995688 912165 735180 45744 170198 
611512 329993 828558 11189 577819 706424 562971 618663 758338 442227 954088 331163 67240 41888 116368 269093 947732 303827 234124 719806 
432983 334350 126701 536747 56285 533166 800524 765039 420330 504934 64511 561686 352005 299167 56513 675308 798366 31112 105933 600797 
978770 241846 293081 1227 466057 747287 887430 799910 472658 324444 141039 295124 95181 689613 962917 847607 63020 346038 29136 707365 
43764 751951 336425 365097 573039 709692 704480 251236 323411 165323 515721 173428 922765 844425 776461 984813 322725 122337 415187 801524 
798925 74076 636651 625720 417623 167499 342673 241571 563823 525002 12543 329314 687594 102945 303371 634149 781868 899044 508499 728822 
537930 346582 632534 119796 995151 909711 180818 902508 205766 799040 116521 408946 102934 393201 785874 146563 209248 561825 811817 829694 
529333 20813 889787 338792 94324 903563 670823 760735 448085 977947 561145 906245 402761 397373 834318 488411 560835 382553 105532 744291 
21195 733759 626574 5290 716298 968994 321615 133359 512452 367893 968488 970769 389521 192377 556513 655427 826994 829003 20846 609836 
94432 850094 953252 377121 364735 479175 783258 767075 501078 661359 1690 620295 869476 589241 650212 732858 143792 970820 531866 640353 
708672 828160 395462 68867 687838 442822 159026 975447 566029 247037 286742 4255 325645 486479 419142 744947 245788 302771 642978 886205 
343706 485048 34985 163558 289544 275121 126907 78943 921439 334869 224382 43566 717257 765712 186936 225145 112769 47851 942138 864934 
489557 651774 291440 842761 338784 276915 918434 3185 799622 142503 504440 944119 174730 942210 632984 494048 101049 304536 635026 756344 
861243 486279 766155 5386 207067 336479 883622 752561 515140 42494 634671 17370 47724 907043 489004 999540 417891 96715 891252 517003 
338449 623154 155262 952389 521651 515402 624193 661681 79390 565515 272048 854407 364061 896567 255639 490501 7732 352937 842997 969167 
858226 477865 803722 500823 754244 649177 103383 148535 586570 873223 187353 498334 185151 748251 904140 487569 283095 383660 410578 575202 
879646 338619 75998 798836 711096 233970 377658 495206 515024 86756 797825 388511 569495 770998 422395 52850 311464 422903 981025 696459 
218768 622889 952361 119085 348114 151367 311023 60668 177248 969867 317888 555193 813209 783032 314165 165637 868169 43675 815527 262222 
742431 465177 942794 981696 410393 867265 577689 277756 533041 248800 702364 783772 285422 445926 665351 544512 536404 246900 101081 909309 
310199 880283 27642 824042 955210 335561 213184 612670 56598 536143 460539 170098 965976 498398 70856 241387 443527 295697 855297 494347 
53396 359513 621708 811301 404314 369437 401723 910982 231141 425098 70239 968426 452564 962754 226329 511551 639525 71648 360755 752173 
545958 661382 207507 918289 873381 140482 211928 325222 168355 29509 522091 540167 650867 197757 323350 661162 275752 294272 852949 629378 
823156 345348 117956 4919 33741 588384 340949 307241 948313 390079 963392 299632 939053 152570 202388 975405 37512 754590 836048 959247 
568893 129967 487636 424208 996035 13743 168405 267131 206004 389809 394219 730820 3755 188408 386101 220310 674763 754162 611207 251980 
736802 703640 472072 681642 966553 779641 177608 150171 43345 800162 575577 187085 425496 523683 10919 24363 84869 20603 551808 13693 
132200 512392 251287 704413 672020 722689 245782 547094 734508 945995 931106 627958 684882 78624 610990 959617 963233 30286 454339 814418 
544178 848789 545048 463126 65990 987580 626434 918330 579744 519444 903575 447793 969937 215559 625106 145668 90403 97883 958566 332198 
901463 945106 824664 935350 767668 528507 399153 964859 530180 415325 278807 822094 689891 102074 603855 464504 788945 177001 815155 359988 
958561 844140 134704 32343 284356 557142 723511 197253 394479 528937 62478 934590 345899 526863 889851 240170 936832 86647 748977 689016 
195708 634567 414937 59004 187501 80624 884433 720751 136450 18078 829623 192125 461472 932786 169003 655022 6421 503085 992019 400728 
897843 942947 289246 886574 314243 655903 194595 611957 389353 407332 207751 521924 919187 309615 70628 300712 641370 417101 126941 973882 
747654 775956 906141 821975 428506 825675 970052 607677 567693 614947 27653 834176 960025 812124 534908 750339 29830 19903 299000 641071 
429816 631788 662557 558282 572862 348485 589866 634460 729339 572407 332197 830278 608427 163163 889514 713509 168878 206127 356889 55975 
37628 776306 25431 738517 997659 595548 121189 412953 625706 878052 68449 898168 567159 331506 573045 549789 423317 843688 846204 976449 
593175 711336 701287 329543 7975 659868 425022 149047 294512 939166 775912 570558 829944 457543 273154 519015 607585 745221 545897 65135 
549486 834637 550530 874662 876991 38341 75457 444748 694400 800134 215982 411846 824889 361031 665410 663323 638565 743092 237564 12366 
67171 397589 374978 62661 780081 822810 1989 130566 27645 606372 771057 873192 173911 122760 87691 35729 713148 711822 135524 291214 
852976 183990 215741 963260 304253 990593 370024 196956 371256 536716 553668 949765 292803 277591 769926 44218 47638 528477 505501 405993 
906757 852134 129592 207076 646306 144415 670767 852132 748090 159035 245788 305280 868295 190246 846476 248465 755810 963441 272490 857722 
780393 449332 668121 15117 792828 672457 458315 797104 654547 732105 164531 671904 272828 436870 119052 747921 75402 61505 138700 655422 
329582 913545 965828 223175 935914 630945 239169 753737 134874 259739 935726 333050 448435 320582 629103 251176 647807 603412 634955 875698 
364944 271492 324067 727384 679147 248907 107550 739445 287532 287022 785852 656471 780138 640404 406902 37942 822855 295554 117851 787788 
392454 459654 799996 954830 898740 159285 400936 486072 231141 504418 825211 787708 776366 35998 512126 744395 78287 60359 17902 715365 
438688 625549 903376 189204 962036 790509 957626 483753 354120 638720 721261 783574 977423 480300 827090 210495 538250 395380 409622 719791 
829446 590216 357747 205887 101271 168503 32955 516610 11334 769882 251422 735691 51248 137430 110249 797839 388868 311356 106042 654786 
633133 528616 853379 356646 854411 430139 234781 373492 618581 858743 178280 981526 848849 822134 690210 169886 984610 67925 257850 673481 
579118 355588 303639 654975 788640 926020 642823 637736 920374 636756 287633 655943 139488 298915 37502 549278 356281 901857 792275 507696 
992235 503773 66861 375980 140737 544250 22991 958433 533923 233921 372759 856340 335075 846003 518526 904007 800207 288385 525706 781441 
525696 348819 146738 650252 773773 700121 120468 998298 547973 735934 135587 111813 145480 947690 120299 922534 305085 241497 372616 985377 
825656 443120 881128 501673 872758 673039 105683 264928 532494 906173 321636 160385 271374 657896 464948 654888 670959 944959 360883 35719 
25473 395126 43212 42999 750087 6474 952846 855439 108801 335299 361815 899502 100512 692844 373380 725984 151789 37980 12917 82911 
317299 699484 853091 606357 662664 625260 737149 536775 100283 144884 752966 950564 150418 710193 115400 894330 713772 652196 6099 529741 
665802 40413 308655 737096 884878 866586 547598 196681 296329 874227 785065 568617 262741 693014 155864 18580 607043 260534 129182 770944 
18240 268173 967585 146488 800222 854758 423670 800912 63051 718434 235028 416619 29251 497257 500709 664301 503857 203470 413721 237072 
609996 214573 482435 656901 843202 231740 757063 540219 28096 138824 370451 710992 28624 330969 780380 318452 411190 689511 381997 641510 
102777 659340 906600 205961 818994 420401 519302 261347 107215 603474 227961 685135 833402 723209 936102 217943 103843 978291 356142 188640 
870747 138641 647779 40176 993323 759832 377490 752482 218303 792405 828114 746089 55938 515669 802665 264488 352043 675770 897123 144876 
802935 661379 937068 600116 253666 595029 456344 779935 870314 977955 580135 838775 667843 516942 447902 930260 352562 853707 132765 115524 
199136 673218 545264 818991 472129 795777 510797 661098 518673 307706 172360 816475 388896 32680 251094 607612 934010 950346 232373 866481 
110443 688466 813535 259523 157607 221568 204840 431186 650567 97494 195213 261915 607673 186979 150127 439517 36810 630131 21853 30734 
215726 691924 903415 131644 657336 685377 337 702615 744910 355439 251522 72320 957925 77298 416821 657380 852776 839045 446048 65518 
723134 75176 521650 771747 820648 238821 417922 39562 149757 92972 255633 286167 564534 871103 653108 746917 142821 823612 112648 159589 
221154 521455 949709 550611 661403 276932 531424 298155 151994 213290 285252 454542 618157 739713 664891 28133 141586 159858 127420 107000 
116083 210778 16283 339233 433830 317565 26310 666929 648661 604072 599640 70872 931955 928770 127779 864074 906984 794193 402532 293037 
28093 503749 573974 903882 222158 586598 58113 612565 432886 348971 600142 443232 474768 65543 873454 394884 371531 279553 887947 880551 
602988 560079 294788 280471 2921 410906 50305 929271 226030 512584 514059 341536 455314 637049 248351 682278 8898 327270 341242 489494 
371003 455888 436008 799360 435652 483756 194420 754797 734787 196280 617535 818196 587647 457955 331091 730281 458032 266119 396431 191654 
366844 226862 985897 116029 483322 946433 604837 77013 920996 230162 136582 681881 379335 49378 480615 457748 706524 106663 377068 418785 
584765 153454 286153 213233 426516 976758 451502 937492 125986 416934 116813 521963 16255 217685 963322 779976 336399 883140 387817 341560 
664607 487502 709006 500794 28395 419563 85271 83949 114553 54575 604209 140096 159359 644252 876135 912338 179765 173578 823203 964375 
714575 330992 473536 75537 256749 416284 829048 386375 746496 625486 815301 869252 401446 954940 890402 651414 342004 78831 966988 77833 
718727 989317 732970 629845 251134 991856 797858 766188 647639 277952 332836 190282 173965 435219 858870 79958 59438 604156 403597 331113 
954638 652709 346457 418625 142734 419798 298431 792543 323282 492563 732063 565141 426185 645079 581801 222860 559143 974552 567180 582864 
359432 20442 273197 624240 127217 726955 415915 796633 128736 543031 890262 41539 530738 768129 435207 868047 429113 160076 579519 201931 
468383 625368 373196 331045 331430 711813 406330 70147 104679 398302 936214 577928 469907 963580 630128 516433 170470 171141 5826 158015 
211584 257042 579962 355514 349837 524160 763453 663066 854765 42938 464674 140667 827628 214045 110623 133506 411086 83994 625248 315222 
875044 249215 559544 836475 961862 851571 566391 465188 325785 968103 883701 567719 98382 9128 297135 291508 774267 234893 766475 131998 
139297 991721 314625 664458 860543 594301 351866 330669 447483 655539 650180 609683 13410 922561 983575 253903 19569 830393 155712 624006 
159735 422211 855592 152163 998260 779845 296943 396834 706276 767462 577503 365701 768402 441834 585296 834886 557543 907367 684538 264060 
164879 161545 284371 101923 41597 241772 667290 963147 278233 323945 833342 417270 886980 131849 768037 27631 323045 717551 929520 31898 
787626 930714 111728 696804 620827 450535 438650 277211 893185 505432 414101 979023 837139 753254 631804 366740 359324 771668 434588 703410 
377993 748934 586511 421307 84818 648650 944666 841494 703876 387150 475855 793070 869489 80376 623149 772349 218390 377777 630858 420490 
405339 373205 27416 996254 343229 744529 599578 378451 636392 325196 862461 460559 349018 136465 115320 802124 785943 451248 47842 964302 
513046 146211 580663 247896 1678 958245 243552 463303 853097 962226 389338 941879 894778 273716 216367 336289 2003 45386 310335 589210 
717216 38229 524248 20544 991519 326069 98479 947747 279583 979843 931149 130224 729322 960306 521308 989100 415327 555340 712187 948727 
85543 712142 917326 565242 901857 978750 519967 239409 262137 578146 548554 639263 19878 401520 254751 595617 510703 385666 690 41677 
783575 214836 392738 863505 323031 971891 252203 86607 782038 45485 833634 901277 413711 509758 126816 608587 573182 518543 311014 174118 
424871 215504 308584 457224 318639 172124 621720 580572 940784 275484 514449 800156 700530 523820 618226 819916 157773 488365 786708 406586 
277514 948284 508406 505567 675849 98444 223396 141589 44621 242246 803377 948703 478291 173885 354871 160000 639998 740986 66955 823508 
901776 209272 119880 800593 221451 802493 124957 457924 668968 229839 76235 564761 507060 231015 362130 529358 411685 172920 372405 44209 
816754 591774 463540 77061 262532 960514 720411 657077 822557 238126 515882 380575 933130 663804 285348 997348 308890 31068 657078 666963 
26096 687896 339067 464602 197421 773063 66197 761906 865470 918693 31336 200909 637129 981924 970304 790193 109890 283176 810173 739650 
573887 153200 835197 650250 43241 637870 431120 149036 129780 98763 450750 667836 185258 955869 907261 267196 765835 322785 49339 852526 
568217 760517 518530 685877 982305 537488 336543 927210 669044 43954 253655 640077 475951 966973 992290 313434 851628 782534 689530 692713 
99130 461100 632518 838989 852953 117957 848064 648443 454157 170015 723534 768337 302123 982026 525017 92196 257975 827430 553766 184209 
401400 440042 453395 666892 76158 243959 158564 715865 952228 291819 495349 821022 160089 868922 504043 250951 660139 940330 785764 608294 
194035 42713 638016 216207 794984 549072 476415 591119 646900 350386 172957 723276 733852 367778 97728 835810 961767 584331 972944 401787 
435585 119145 375227 123729 376796 268554 339706 912905 96250 822272 622664 883730 660909 598817 301707 506123 28969 229519 117336 694135 
334026 326512 62071 750838 225252 812343 993943 606286 293366 273639 668735 795719 840384 213150 683852 5205 551041 835831 90816 951082 
456983 668229 344333 747536 876261 411860 170304 995410 283430 804387 634886 339170 556456 267208 689035 561586 63333 455189 362515 403151 
481795 185961 879910 523823 774642 948031 399106 20732 774092 635003 762044 277553 131244 519527 1605 455898 852259 865827 528940 731216 
588522 88356 243864 458749 657812 651980 388788 952318 955384 632629 891527 974032 97475 878950 8685 832480 626647 307954 175187 915269 
452018 917004 950164 446262 917311 723431 787389 321065 129983 786087 949457 953728 364998 382075 151736 543789 845024 13012 141981 110719 
747494 609290 302524 829971 725909 359919 454766 323113 81199 683947 749576 997987 61334 816730 100454 258424 277251 799604 108172 884689 
659381 903876 318636 693139 189056 302524 955460 79896 478428 894269 485030 434327 133799 874357 20514 472845 533956 613511 843204 879992 
210856 154452 141267 722125 384962 152189 639136 181832 880540 430267 642756 976585 210912 708456 159079 552381 444382 64851 509238 491973 
78530 738962 306623 191550 944676 894529 835857 718646 922486 625955 928318 287983 329828 103187 865919 678817 530439 591959 568669 818250 
522140 187585 268833 684889 322598 559476 955172 57760 468850 231734 664617 296772 141071 421108 22085 242911 576437 992724 716802 761928 
34528 404500 354230 974436 813576 268087 167536 845559 890728 207275 169785 208228 819291 124945 878893 34404 859589 506516 790625 27169 
16069 455316 891491 387648 178575 210094 71155 603258 74754 538355 787636 845747 717584 403526 457105 657504 998310 800731 805699 502028 
885867 34049 600599 672335 354671 505417 251268 179662 957214 93486 622821 133069 349566 137701 603542 310695 872851 577597 180045 782633 
463156 534698 438498 959935 544827 774289 116897 408579 29850 385929 300683 409106 833009 447749 327682 234562 676484 385466 780644 847738 
462183 597565 180938 491105 895616 591588 507691 127906 376685 283497 73222 100054 397122 4889 247248 619719 519343 894903 268652 44422 
434561 572606 147904 731342 421945 403956 333682 550884 715266 499741 986333 868054 638729 852480 229240 97184 501450 818848 83782 937630 
561987 646281 592460 231559 972283 573525 697133 670365 166316 485640 235929 846486 817105 948299 873470 421507 597460 382764 153096 94730 
58453 935841 718885 459169 819563 534434 242874 61853 247987 267723 66467 630675 5838 141791 776959 851434 52112 931143 309716 965378 
707946 181890 721571 985116 798955 955870 701536 145835 110119 271961 812287 687441 318866 698159 207148 597009 194793 989102 507066 475859 
449354 630225 324195 951670 674840 24364 318645 25984 924892 861468 558828 622796 251799 531055 518734 66229 837081 416828 71778 921470 
952 970553 205873 884915 990035 18250 764097 449666 976892 315568 204269 347166 824969 80340 95516 798396 807018 268933 712173 85320 
548130 581487 944053 781313 609304 63743 29722 55050 876451 107039 919155 224453 395688 143475 799787 673375 664468 237203 145503 376196 
569022 776986 417575 886499 534206 915363 581462 62889 880476 345548 252021 488430 143789 306748 415441 120909 527245 224041 833947 550142 
990119 889425 718075 552353 328326 870886 49987 115922 280847 100581 962672 601813 292887 735127 601775 521844 633273 116 713428 180581 
296070 429975 457227 672545 810952 107224 355138 255268 141355 371563 715946 183297 975244 865107 448685 957042 836978 494727 114368 458935 
771958 773377 1116 216421 636236 737651 837076 167686 586012 283260 150218 773489 686195 758474 739271 259599 233069 180414 590165 365137 
564330 443117 399434 69120 782315 327911 565382 213108 717480 468803 792096 1158 370875 432173 233780 773040 400166 904372 99955 274766 
478527 520017 284889 179411 233518 828270 412965 437202 35682 957666 100137 827412 329394 86201 206351 388194 269063 999253 382235 814124 
524203 78429 832017 881861 159536 471596 120913 725637 318393 162831 504496 913069 274477 463166 106750 475555 269394 384023 531866 874982 
858511 637862 640289 428579 445320 659814 777901 819028 368131 215122 698789 330154 480567 273351 32195 946359 194869 435017 676440 140147 
119472 543456 455592 148698 763886 952834 942225 254565 376822 90749 59275 778549 26101 781560 434563 248363 673756 221011 938824 668364 
593987 209092 591442 884180 131353 893541 359744 920894 535048 39571 806235 399292 936138 307189 925510 872774 112083 794548 288346 498888 
53826 258444 390339 692998 202774 390589 140923 313684 762916 368416 165440 635371 935149 302850 115853 252329 220719 187294 698955 264479 
910420 34645 327836 666994 960356 379451 298641 330457 202227 540146 457000 284775 790623 443630 783417 242660 178243 719135 600340 14414 
888799 268087 43649 811568 461381 195468 853845 70039 137497 441980 590412 503720 924376 15085 538613 381604 64256 766683 73833 676867 
373902 848339 556570 98399 963279 963747 17457 336680 764806 202213 357908 800092 335510 907170 82266 479991 901487 752576 85339 85565 
42691 222994 714478 196328 470456 779371 213200 303040 524499 992004 245512 367341 384685 396851 465716 753718 730974 156724 491378 995529 
208917 204620 368601 636685 257777 272475 928040 142624 948731 879660 980387 65622 779068 34523 76426 480037 205155 907985 392553 666771 
442351 264073 122506 275589 106128 240239 843819 435620 673949 164149 531167 38140 207636 154052 782582 748944 369865 561677 388912 583559 
104756 37380 896297 151319 226211 629246 765013 634899 995105 817164 380571 891964 893518 236200 75208 337473 962405 280087 25108 919009 
89708 892476 118801 465566 417575 878853 724028 590214 366033 793363 135068 625214 543690 927882 744229 264969 918978 944480 290563 191328 
380264 169178 309387 63017 751995 305845 769019 702302 985693 523266 634243 265704 466814 17145 424970 831211 450846 323906 862483 270528 
155896 201725 699203 53729 441615 874515 442907 911448 700218 915005 13520 750125 28497 654795 939944 958555 207877 88583 471572 769511 
638629 345324 116500 858539 973667 683570 430620 714927 305500 721261 659088 699860 417463 809389 541923 630620 938974 39912 993761 585632 
194303 439175 789696 527406 607291 566614 982771 697495 666460 277037 395181 694328 591485 982230 429259 532062 163501 606814 155678 642262 
709596 804730 404298 168310 920949 402495 239946 515663 412028 732449 735987 145979 328676 225010 393391 650534 987711 349692 817958 161502 
818160 524750 577594 32330 384026 431733 889642 63699 544938 451285 953607 422913 694349 395371 161466 8318 789454 206554 51528 269413 
282328 466757 368431 381833 357317 499959 784183 890089 288258 131792 729398 820463 553976 540011 10245 583155 613877 302952 367732 774582 
887573 862059 56138 131598 143409 529371 822288 285148 406857 734935 649569 531193 246671 923376 143467 892092 216284 335530 699249 635875 
182335 686183 233480 379664 473932 808165 687474 499880 593903 421809 485291 367330 627483 598936 692820 918107 481466 12787 715795 549379 
214483 608572 52436 513481 507115 647758 91103 447952 289481 757484 130578 16291 804711 163975 987356 329489 274736 202958 354057 822820 
992270 181301 259911 307351 302214 564772 785888 823458 468274 254229 731462 559684 640948 333198 671685 899428 95588 181894 451466 79913 
341979 879612 359875 201664 316088 80484 931818 796167 602798 187674 517422 762321 622951 818745 418823 744237 10460 722903 234450 858087 
911840 218629 414890 748943 360015 92992 115469 528136 151871 684475 593211 61470 630742 303923 505462 228050 933925 535295 401485 878097 
848496 4455 460844 339574 743725 343857 276168 830827 519246 678770 162497 508415 465089 816399 231175 842609 495436 251342 85798 547756 
259726 257680 466348 741696 672384 564450 359079 873032 183249 598014 670361 256573 506472 169127 619506 776265 488598 515701 207648 673089 
582382 289255 309945 317857 696237 242019 670902 187572 466112 344838 649839 88812 576175 669258 801851 561972 99881 479902 257847 116434 
768999 821314 246122 329121 785061 596906 548542 875308 218953 86608 184938 623394 682441 745959 978732 176994 410032 218627 132045 754895 
776387 838704 516653 626204 699551 585827 536468 85831 838811 731612 435421 996542 197516 418101 548192 287832 658915 885327 265549 254154 
905032 349871 705623 599010 269623 931530 413364 12765 183447 519067 496650 171465 789505 778269 608162 577641 341553 149673 2490 582264 
833533 989588 802649 378543 967002 245073 508372 930155 255105 796736 339507 896493 375552 982881 56454 283314 498641 99314 950213 458336 
498723 920635 864574 398816 973625 251080 505755 383372 43203 24635 432896 473215 302140 275818 484280 826208 168532 177634 130039 370820 
61742 969703 897597 63005 183464 467499 654551 67910 528985 684339 163735 106942 111929 705487 978102 704424 244964 443944 577584 296317 
882697 369744 811979 954162 136558 665141 121532 177106 68122 805476 784117 72685 823865 173806 187020 180308 117821 696492 48300 539644 
826238 128459 608348 455190 495792 845862 841570 940338 912591 691441 699360 248187 306629 650492 846940 893969 430673 664215 964355 626272 
207697 155638 811346 562533 280705 582345 505900 268576 521353 698708 806938 143801 645793 155373 132540 190524 760167 554477 109570 459377 
791896 596977 845418 848708 392033 709896 287184 798862 467720 308448 797504 870178 752927 993606 771097 536427 141791 373161 879888 664230 
660399 726049 918767 383338 600302 592602 156790 227991 485390 416344 130230 320528 333536 12806 326305 378557 201463 636662 606627 890159 
882629 897674 333242 283845 706971 830778 915676 477629 14504 965305 480477 381684 109080 493011 400526 883010 280853 390713 340137 846227 
105705 34372 920430 992924 527188 360834 620231 680577 228045 109129 291225 716242 266570 434356 828748 973988 123135 849117 498711 127747 
851051 484919 893657 281416 162989 363828 782218 856082 498726 960909 561864 781643 380823 191800 488720 128568 695294 494647 934276 106899 
725065 171564 691372 426322 609748 217724 967668 265863 218871 159208 696185 291809 71165 780510 90960 479782 898990 224226 795555 115656 
822984 485436 364445 511094 302446 289566 238208 313831 89720 87148 351713 844113 665287 121198 988317 736305 462950 614537 927327 669104 
451673 735832 952339 520147 473082 27371 765925 660183 599015 21187 210471 195387 781206 110126 407342 998148 651926 685173 790742 654026 
901402 105600 80848 323010 838278 118659 59031 338387 71020 440802 15305 286552 999118 721978 35217 732897 688433 635707 719181 440928 
13452 231222 250658 692943 737296 586943 231199 495797 919089 651913 353879 236316 888530 469579 371333 495413 822926 689236 872610 269970 
484874 65644 335897 846921 267046 50742 811473 206480 851220 575772 759548 940385 300163 154558 979651 846627 20411 405377 196337 566702 
784527 41601 654948 539854 66593 492929 799198 884727 687300 88900 40637 364598 823155 189662 145718 699329 389021 359731 541801 81032 
928211 421763 131616 732208 923779 597344 655394 586988 717381 855871 171089 272625 63786 372832 721505 565958 206543 957911 501854 425505 
964120 643539 570220 589925 234738 53457 230315 431195 671817 326153 671785 75728 281910 364403 597010 418339 853174 164629 40871 97996 
103569 74486 319631 422923 984211 145864 379314 708415 766634 723587 316922 414396 290727 299060 161588 784211 938687 385502 487937 528406 
23352 564811 121370 85006 795739 954418 847470 749469 56098 792886 230244 533962 428761 572070 19149 16833 295690 615030 532127 690077 
5903 595214 588605 167015 989491 149588 24037 900435 134191 664788 165507 276314 758990 864456 412354 328800 150667 186331 214425 609305 
417381 703364 911542 333113 225283 591018 553683 818564 271887 970307 681829 680255 121933 15391 15141 851175 382186 481386 974276 31828 
774391 286185 47679 442356 940358 592368 88010 117426 57276 994660 647912 618697 690159 736522 677096 369551 510298 439838 207015 719038 
826885 839857 168240 269907 848859 813738 245016 640695 664329 414080 746361 16194 365893 725500 271454 667595 777259 861789 445294 820029 
465013 849497 154479 470045 625960 336110 346943 525164 998926 950423 532258 496512 722071 348792 989917 622432 797377 526804 664839 299484 
343000 353893 670289 779281 763770 307593 739014 15248 704760 69868 442906 458019 857530 494624 942586 349657 191308 142594 938609 541521 
742403 164012 361725 521634 431058 93922 82424 932274 580838 200723 506640 278942 914748 533518 127880 956329 11539 292136 299810 289958 
17254 645476 132840 72728 697157 505371 38384 101505 712507 761118 396953 497707 360852 813717 909734 438730 497826 871088 30250 930813 
884349 634661 764623 85426 146643 68368 442072 383454 629994 807214 388288 748532 677375 674473 669678 414147 40470 284149 955956 554762 
588205 165945 750303 604300 255193 263003 929811 303850 690721 49866 552900 433201 140907 208803 801917 972468 910930 554157 848051 294389 
75661 938440 903466 40381 26908 87116 913687 189047 200044 863877 505347 404686 319855 35166 56311 980133 977788 694216 639658 649279 
499692 797735 128131 540952 39632 949625 507282 337918 245853 706335 753486 852307 99149 691840 351370 379186 851596 344113 400661 891491 
855256 213456 698061 223180 858481 321113 146929 832051 208776 669068 821101 748941 938549 290890 20691 960755 779484 63176 195488 616832 
969571 913265 912940 81868 876539 978438 63425 223302 528697 422997 334907 378310 288779 599698 216292 432064 504240 255936 15154 600303 
917229 921839 378382 232041 445350 324280 733808 901476 726178 892347 570127 450853 68650 356793 412293 917856 360919 28684 639850 310186 
506044 172605 308092 542175 945890 31937 746617 278535 657244 314593 661591 323484 895049 845465 353692 600768 398110 963544 476494 334289 
811176 958021 71371 167937 562608 415437 146316 174416 133052 218190 257290 470916 881482 57201 740963 78391 541325 960272 857226 39689 
88819 51299 234210 92276 493434 432431 423570 381571 746746 547988 19476 639665 126329 565670 40279 847419 260146 945450 752613 184049 
303653 894728 622603 316371 728300 774715 250625 77789 661072 305953 921909 712364 341900 974861 631342 421896 673391 887241 943245 37079 
193105 811077 470979 961941 77172 948786 302437 777025 123556 623111 472966 971142 192845 985833 757390 834894 111226 479124 749565 528844 
492109 990476 486471 79931 272128 972188 358576 867105 826316 564265 28015 457586 116705 146488 152245 980110 269599 447305 29935 949404 
13353 788690 100772 658699 244928 218566 794831 904828 425586 576079 266145 719848 16452 456481 855462 993257 872778 725889 752740 468846 
415144 519672 833377 701772 975955 463888 158497 656508 475217 243525 443657 490699 718684 167519 732926 765459 938057 173938 48001 219405 
710868 922889 929000 143451 574032 795981 657252 336827 114773 719029 219988 36307 693848 315321 720576 869812 301393 233425 983644 801139 
529541 705934 105774 358129 497502 672090 974735 565920 528879 110435 738381 330268 157633 51632 567920 612353 801411 600950 51932 552937 
364848 213174 123876 462747 853501 382494 738995 150768 346352 357932 751462 327738 120547 122325 352253 795044 91226 973631 823056 266843 
433244 909182 181378 259228 280881 665725 504351 178512 146857 416142 635794 685238 585143 555487 359158 44520 171548 658355 174168 398199 
61090 706357 345639 986840 252717 381410 397046 585589 916252 466628 425829 901074 105852 611285 343473 286194 891445 846373 542915 981204 
77830 149636 425693 635868 350906 340949 448805 470633 470584 535046 543404 818937 782093 746752 364152 560116 901235 114674 617205 3028 
714590 599581 613196 858229 108157 28311 649641 221726 124492 102370 598961 230005 498033 463367 966426 925273 680327 638083 916781 191864 
718722 979100 867712 81307 710999 14569 505999 982818 765467 364424 241995 761179 507316 154833 139857 631284 474103 784842 548713 975631 
262140 797799 826245 650940 311414 769226 918895 638780 927810 228658 153391 352862 398394 651841 354764 556110 199225 224427 322431 77909 
243608 91819 1391 524622 860764 864415 42203 674216 418606 13010 500076 712933 162308 614596 21296 197426 213132 554172 180952 309893 
354926 385537 606472 288868 846548 136103 350780 332121 696861 622839 926555 89656 401566 954065 899095 520337 7036 567421 255403 136602 
373581 500793 198679 449065 518338 370790 929878 191880 149821 313730 346163 401542 833805 880707 302567 481177 175201 149888 143596 575148 
849978 230935 408569 794083 584435 650466 230852 659612 981598 553996 713695 168217 664905 877422 629868 537125 272350 822023 80653 76049 
538671 831429 529446 991849 346679 151032 241768 942775 42545 56525 450899 511993 89144 16690 438990 44865 478794 344752 892235 439426 
289494 5114 823035 266236 837208 938501 248602 461170 229801 185348 821235 990789 960606 569371 238800 519799 701500 927256 403643 174663 
303697 969367 573833 102107 56653 733274 477422 72968 836899 832262 981976 741604 343419 321153 735870 198553 389412 494215 787713 43963 
672033 448495 604552 846626 249070 669492 127392 408385 314029 157288 256861 889286 135623 978665 418404 257237 483436 900594 358342 675122 
864883 747067 756202 681962 77600 536486 293699 952890 883676 331467 433502 539761 513311 955507 914528 461057 620268 543354 242679 103986 
556893 142329 277249 194479 972038 661876 535859 190281 981575 447288 979803 615148 184687 782375 309424 924927 341173 405698 292833 605334 
774482 290371 496047 653496 897789 393189 328094 766557 913279 199185 942215 725366 793775 472036 899987 243974 263836 110569 471646 161030 
990604 332947 458854 795873 557976 480431 914844 756067 994667 399559 754652 364430 919702 810577 689944 188760 416693 602130 55160 624492 
57198 969451 762871 623812 509418 618835 218932 17239 865714 465480 306117 367497 62790 232712 765295 36367 713577 826646 437467 555808 
586980 322073 267193 303291 257403 696745 399134 99589 74468 904150 541320 581982 425514 44113 62192 679469 355767 318497 742070 410641 
367650 32209 703944 306148 784936 490721 290737 110567 381965 45512 425741 271215 184350 664508 371728 162131 645509 775678 472036 395117 
462321 299244 22896 468594 824838 76433 102558 2327 879203 897571 157236 366571 35909 855225 945955 498425 964231 216749 233348 695481 
741938 100856 630567 636281 720845 737049 746226 621593 151321 451939 210493 852008 960503 519784 953432 426158 904438 990493 383922 841062 
177504 962383 704097 89956 722901 998290 158200 326703 880165 360829 830862 123126 257557 222002 712123 796104 614102 799587 413780 672082 
767728 726129 703500 713349 477959 197544 235715 925364 52749 498190 455162 403651 663986 962509 899175 528293 916375 892236 717602 123687 
346691 314261 311133 303789 568194 288431 60177 779972 518414 318014 61257 349714 386363 860737 175512 775168 100808 771974 780357 614375 
94002 241130 328048 512115 388380 567716 190500 893285 90334 365690 561707 822126 119218 804792 897942 846758 674477 261494 281367 8677 
420146 770484 20154 717720 292718 896044 337040 76480 831360 712347 792174 118747 302668 178017 24360 500591 530157 815808 594531 401540 
169053 158430 399628 713387 111578 883289 890700 429929 407651 156627 811365 629990 866461 78992 229834 743716 50532 602487 489951 937300 
470734 30634 64029 774632 505740 757671 435199 637002 311151 917656 624714 988688 708360 770371 965680 373942 365963 731068 494214 612613 
694655 401682 747515 917975 109221 21440 215311 410382 815950 230106 383054 166880 252190 463000 661682 347832 32729 359179 263668 839890 
125566 274190 12610 720507 504685 936365 754880 622086 294138 19033 250565 940176 373962 156523 138513 726558 935957 677323 434302 896435 
65326 540224 536519 549305 343889 168777 173878 607286 588607 187565 709179 854192 925834 200967 401874 122117 25815 106504 418411 423672 
81194 935633 800728 961696 924267 178992 744122 149821 390201 622857 893878 267543 917983 13762 417030 605797 831112 740549 545431 812398 
689261 442637 381479 974146 314210 599310 628552 193571 391850 785121 400584 10402 795898 987842 174093 893617 200199 957095 432661 5500 
871136 968367 349101 650757 840042 214093 302697 780228 365443 219372 634147 658055 561181 246360 288284 837828 652855 53124 109667 763657 
331351 818811 317020 227093 558567 919167 956923 386006 348061 456551 899434 753846 682076 773407 22062 777607 192067 415378 366384 897586 
152938 17506 927068 345193 413763 842093 265891 65561 973302 435936 511922 345698 618364 32548 455179 218094 294243 853546 700212 268303 
65773 20498 296333 242365 768870 836486 922581 967666 209198 223084 281579 381795 107352 871476 791922 948208 426499 252070 572364 110042 
16632 935577 84736 515248 992109 749126 49646 547323 372228 240482 231272 993169 267930 372138 699626 138324 725039 186028 911616 803829 
132357 570234 579586 792470 203622 379158 168656 536272 187221 210037 403399 699127 191142 300180 749430 878942 542369 906409 503687 993176 
794840 561979 881913 536548 820702 375124 845408 867662 472339 918954 6083 705850 488974 103534 225241 386550 808237 705153 259801 876982 
230053 165777 971547 396224 285754 709773 626661 763867 210773 741640 447600 529902 445409 881827 7366 552336 576973 839480 248735 42813 
420179 533075 939566 799825 646518 509969 739649 635056 98953 617723 788270 705345 113684 578333 818893 408994 765331 435796 962002 441692 
170291 485659 729902 619421 489282 507100 114773 468536 353763 433401 661584 202147 826137 255288 299588 618576 886155 437067 167818 437997 
461104 162098 419074 415604 972372 610803 925286 53711 980564 960115 580779 266786 375785 978006 922588 852233 829549 827412 595276 402388 
334174 218239 778521 716417 224263 75131 617986 501291 273713 990943 508413 434042 372935 545354 828000 176998 614371 707065 17619 240384 
883910 599955 551618 761832 620224 82644 667165 919891 855734 786790 647061 629874 156438 530520 543318 164409 974357 663579 639937 845240 
194141 273428 222786 610345 455187 216857 209998 967644 959602 781637 496106 624892 30085 856583 51773 476691 261659 444057 756238 919650 
269047 807680 223009 517757 614607 212750 164050 791870 257561 626889 622346 852340 43577 704693 472703 87158 572470 552611 418615 267787 
536818 822501 874196 822262 119812 639429 914170 645386 361266 387672 416313 628395 505220 48677 58941 139272 47076 406694 643343 305738 
778462 201739 918342 595266 788891 763818 623792 856232 871739 216509 555607 188693 347485 81725 559253 524393 297353 187995 380854 951033 
904784 37870 208587 943950 75755 774900 993581 244273 535729 268061 472601 589570 428225 386329 150063 334094 730410 590238 973333 169360 
491435 503636 136790 292829 991209 651871 653484 565166 759267 306477 984988 90854 409748 552274 104015 485036 806370 62741 956584 98359 
198652 285683 989615 923131 451047 257057 980002 408813 525609 480119 816163 430817 838748 244492 413267 319126 953598 576437 83957 442116 
640546 118666 872705 626865 219754 465474 913762 965327 148142 513104 733839 36601 541821 898658 96198 588344 546663 14947 488386 697386 
826956 90512 348284 595555 906813 375670 843050 595678 230456 559043 491299 389070 645648 168978 658275 331065 394680 741702 569379 539188 
711197 363003 403675 225940 821184 643572 937067 960994 331389 124697 740774 758740 170991 228004 68059 743918 448781 773155 73129 717451 
817496 609568 348057 345217 621823 734304 282543 767857 286876 870795 4783 422109 677138 626074 180917 297503 112088 367233 555062 944020 
392960 110392 934223 977345 187399 300523 934992 886587 456160 868983 55008 760298 74807 945812 105872 959394 835185 497028 707765 131398 
325359 873177 927405 908773 517666 250864 92599 829615 327938 242328 727344 705873 208064 898373 358002 374696 497779 49123 558393 705004 
939922 712030 680135 553978 553952 136941 643363 771131 619042 204068 303227 255669 285001 797621 161176 361920 501122 51261 30089 387296 
461591 446121 809085 566601 281789 721147 277442 63698 876468 69924 80342 338128 370983 742757 952174 5583 727668 959565 14602 722717 
912123 966033 380621 223331 865719 354817 418033 78230 271414 295831 701332 832134 284403 85312 671889 298420 45493 663284 434060 704855 
768139 253172 719414 825821 171668 725713 361677 760313 589015 320200 152464 951013 41219 495876 617472 924238 170660 69748 903069 241027 
21240 306419 872317 57197 107783 611466 422961 470565 735404 791229 170206 896634 726681 459087 198263 44749 572936 399881 887991 21459 
974522 104036 625638 902419 225406 306758 989395 329297 397144 990966 655435 355725 691162 633322 128054 525694 535988 587208 742505 850052 
521648 181760 877528 752518 183381 193316 226697 533096 373645 433323 646769 125838 341253 318686 471843 478898 680288 671155 486026 323259 
837031 583111 331985 821348 989996 898614 555433 119200 490269 542184 256624 560760 492196 484926 654644 522088 581463 130900 15609 492432 
312579 619593 778575 693787 765797 320838 915245 64847 924036 81948 833867 470522 734930 628330 462526 633221 567513 779051 684103 286449 
110348 516641 833313 463486 944538 650816 294124 632224 168001 148722 743368 260445 375706 826327 395501 299354 419064 942883 751327 869609 
523460 189434 549021 826186 157690 292673 896974 682414 978129 228712 906964 667409 346624 991230 465195 532366 696616 72734 865586 46596 
987279 745900 403762 125703 491050 17073 872463 682645 609894 296249 695693 269678 25203 930210 219603 302081 606530 31917 291684 558055 
71535 497137 835735 751365 300058 295928 133577 194375 711115 845088 387339 454522 358170 278847 690818 940024 884215 198860 85007 945156 
65438 64400 70503 593879 842257 292361 65828 977431 198489 559147 696638 295070 788694 515539 628787 378882 580035 414503 179121 183412 
656489 414549 547738 160887 706651 711886 381056 615505 860661 50365 489759 622512 779517 27964 877664 395085 26233 988033 322119 578497 
806442 400220 746474 532963 658185 681115 188715 651242 478955 235545 82515 14753 277812 527390 730709 564486 352338 107230 83691 800898 
78850 458294 953188 955715 176312 713842 770512 610666 873386 721072 654920 612916 572915 242900 158024 268217 859056 801751 242800 410435 
52641 282879 525864 140487 767773 459986 968300 55675 780770 680957 136706 235953 305757 645455 815086 466650 197442 147179 817525 825957 
530305 135973 364568 416645 81271 603275 669320 666833 265108 855783 495177 187525 152512 682556 836178 799819 193805 443666 664573 331395 
455782 208914 332988 903626 857611 262180 37364 586957 914887 340006 425179 942278 519360 768740 414184 603579 869037 284372 388797 885424 
605332 241014 966054 222987 852160 241941 925067 687572 166841 193320 738913 692901 64185 566064 561909 221345 303954 332952 615090 753179 
747102 488431 576193 235929 65832 13851 701323 554373 672145 550917 646471 304686 543017 616218 594650 224902 691776 173676 355553 394020 
678685 779080 106446 554613 254690 773185 337451 925014 98521 915674 71537 885003 298264 304066 516719 247747 183942 966311 10603 773890 
111752 586342 510135 799089 234838 181906 822465 664093 35467 875689 583903 638584 523890 683180 250 740554 466715 224754 377800 981672 
380747 998731 420981 886593 800824 121634 814419 158681 120872 185224 344032 394316 551948 335042 649253 257867 887489 840730 545943 918192 
259231 683382 682299 956860 630182 198960 713083 110795 260765 486194 22625 622851 883229 378328 396799 838820 24018 142905 913756 271659 
140161 681232 653216 634973 693365 332444 739910 489163 600480 602964 324245 968590 857860 689548 296386 410618 511360 998889 82695 255861 
886601 984352 196164 150175 255616 68950 671323 123491 788935 677456 176060 173820 582551 2706 854906 56330 391114 366639 598926 169238 
638061 42718 80593 920617 799660 888959 666819 51746 471252 843124 247597 718510 104366 380539 32957 757588 109258 781596 201433 344742 
708829 856333 782379 770360 611616 177709 703793 52105 954602 301634 621576 937179 730293 162788 395288 504148 794857 623956 11945 60561 
267066 980055 324209 41420 979837 908563 309711 263583 10126 54487 989480 449029 707169 908460 707972 631938 775415 16309 876958 610858 
768892 184254 739194 612277 204868 190241 469506 934819 824177 631620 853292 592704 800773 535616 613985 413720 4138 544713 610432 292349 
572091 484577 850196 199069 896922 544517 280955 786975 915366 813791 247961 359226 360049 927731 573280 2431 104844 827316 278124 999373 
18892 719915 954122 783546 36964 300724 474112 507095 6616 530722 964532 535593 360740 17060 94307 479612 84766 7582 945110 937275 
180548 761478 171996 726699 831709 258368 455717 89257 446133 908905 770685 747814 855730 706844 395446 654438 702088 756437 210559 516191 
118749 168258 112830 894600 553175 408488 551890 776269 830625 581596 906277 293547 492733 930995 892148 289410 800190 597219 117966 116910 
855362 25235 16338 232228 630796 39087 820868 765578 96104 629216 286949 487105 86543 962934 708556 748693 122573 477163 540548 767352 
808507 706437 80266 861048 15126 126127 850351 41939 191309 940551 621448 443043 76879 346744 62023 695376 288425 406034 873504 418875 
524463 673192 861344 983628 615121 623197 254253 306358 839235 426888 715571 373524 26061 855824 872235 64286 548274 153539 248236 41906 
19486 297332 352493 791093 747453 96363 135871 987993 391856 198902 640526 413677 431486 153624 354566 770267 89072 955984 837434 327704 
942770 67044 79626 586116 11686 426881 946307 365454 978855 896493 818137 609627 389300 986374 997143 136639 586283 629703 375240 185791 
185669 141972 600083 836795 296981 614452 825727 712046 281527 904447 351069 630610 979523 800204 667677 14218 935036 441767 472455 70664 
490689 846308 221971 455522 767353 635720 293030 587778 746794 713375 65753 577802 36693 826446 701676 203973 33886 522416 439489 125354 
791283 140059 906140 648449 573633 720328 90144 803296 373594 549138 575853 302571 213463 209152 760790 911529 746887 1469 486799 627083 
689935 825728 580669 601672 187133 177854 216013 759796 119174 648753 600797 766221 127259 146632 625473 179490 375064 525365 737261 575473 
830882 659314 482698 357320 182372 522821 440353 216482 148071 617522 711935 182602 96330 734444 10944 487781 338434 828173 970572 221110 
786870 621595 572196 597455 804102 458014 10426 243048 381764 171428 493471 864413 177693 15165 234972 743349 291970 714061 602943 412228 
240221 72903 996245 639591 775790 738631 712952 422198 431231 21336 998538 427848 467152 965456 551164 521020 367759 556841 699924 215315 
388707 909181 195059 496657 492795 331357 407405 812916 791613 722459 173695 582711 896138 310331 350925 381993 28747 906622 625406 55630 
933778 625353 388548 823376 48334 386416 626892 214032 618200 334377 198641 464328 466580 559228 859575 557131 235041 893088 39464 139977 
483269 889499 485019 996718 176711 99986 655956 354875 285282 902169 821273 273059 150002 760866 492734 759303 683112 12946 973039 496566 
997068 556670 881855 777680 724192 167900 410450 89611 392949 546010 272436 405467 644917 511865 519364 523089 950440 211267 636723 943592 
644983 609307 994286 865857 523771 969585 590997 678031 383903 444084 209120 812390 705943 329444 20535 204404 702029 558968 357744 301303 
422856 539623 31831 842326 16807 878332 301073 110700 939797 595993 815546 311527 740232 973 166075 684313 973564 792460 523518 940347 
388379 24541 738892 595376 818409 772230 192563 606777 459857 207422 728264 302597 358276 93219 423926 132833 160322 564178 101165 559048 
540611 544336 913147 348346 63006 49295 387297 904712 29416 364916 411542 141162 218691 387086 548780 386791 880220 873488 917017 529634 
450566 192916 383220 828733 879732 897739 742349 734088 325216 840507 884955 685046 180850 999715 790564 236184 196110 252940 305875 122391 
82848 762000 135154 402197 664709 585028 606671 232993 311479 570068 358548 838896 867182 850456 644590 4992 595276 523401 193227 762750 
173395 646422 52477 276244 608531 512935 896203 645361 716699 202368 820546 793091 877677 187676 6741 780095 918246 526400 808974 993579 
656688 901818 715716 260369 899692 639764 776489 572452 242370 242254 136960 948676 675308 647091 374647 927582 61404 155379 307246 503239 
59509 11691 895120 717996 833871 745811 63437 32570 977164 914071 734519 974759 73009 329844 454594 611474 424969 317963 972653 972207 
389818 894412 845664 726665 679712 432573 379920 659113 271546 228279 560056 169627 803490 468593 967172 531831 696340 659889 682036 975469 
900323 882476 163875 325656 979361 533742 817492 119878 831795 44864 65511 269443 399110 738010 952126 50202 658062 795019 784277 431216 
980963 99580 165019 394836 216598 482065 634866 587766 899245 724139 512339 414944 108483 80619 802350 449277 719824 131605 888396 431292 
315019 347184 270892 5925 240300 949877 151351 448379 781960 750012 710629 852452 233665 387080 804453 783638 928965 610917 934102 801610 
747160 469760 770180 872061 410939 396029 433107 860321 718418 659557 852494 981559 721528 4197 833632 459112 303525 933500 975581 977220 
946342 75397 933248 941227 43036 846087 385967 574948 126072 372952 142312 471800 4771 534824 808654 793546 600656 773050 276476 325392 
880568 530397 458611 636390 172897 35401 657428 353256 139744 347753 224909 239618 620975 302542 838428 786010 688489 445709 427655 816423 
332857 207197 954656 203559 11811 610618 607850 744987 768224 515879 96769 17878 983653 288018 352138 937335 432106 101348 269192 66220 
973353 712709 705701 379551 693515 410671 794303 671682 756747 399517 967192 150581 479961 558084 91827 506844 554712 142810 580280 622613 
129041 651063 808859 894955 341060 519296 995783 368436 476712 93433 156234 82739 614171 631006 900062 640618 746193 938572 942619 422701 
944832 779726 852065 468928 417379 895618 305579 626530 861923 245198 277071 786106 56999 316253 866481 675634 251273 997601 444536 79356 
500759 409397 948883 325945 603544 592660 678622 496251 987490 970961 516085 915050 245846 98448 514029 190579 937715 764428 516051 282386 
280477 837707 785232 310666 818773 905607 636982 175047 651574 267087 39146 916201 112902 965927 779316 73833 38936 349752 38352 129247 
366492 497799 632253 449983 520989 32142 774509 974071 208379 131454 522716 927178 20904 901750 535380 831997 169747 604530 431871 976166 
769324 258765 508707 683839 477164 296368 978028 808256 148669 149270 489337 946312 689832 421367 796019 26917 600114 39821 187648 487095 
314802 840908 354482 837744 698023 689511 672370 366795 370517 88494 13028 387204 705587 349234 160155 545058 791161 438 67467 447756 
682626 124864 692524 411299 203379 623839 663230 815074 562017 837305 467454 272419 825698 182357 633925 948314 748536 275316 221588 908261 
796758 926821 327650 81011 208049 440040 444973 820976 518485 196073 950349 126995 276266 883162 444364 36623 441681 973987 727981 177019 
192713 345240 625195 624703 845290 776422 123582 64256 64546 734792 655010 421062 181278 807451 960551 283077 214378 674408 709604 232239 
11351 271560 270296 537536 708299 192611 213165 597141 710843 14861 411711 579628 518743 25932 693269 561387 362644 123344 778940 558024 
304066 836469 277500 554766 187340 747928 991439 300565 173146 666142 224492 465456 519067 450191 695050 741665 191568 124279 673443 998196 
905490 521727 167123 647026 339617 741772 235662 524788 58475 234160 764575 821683 559568 49676 380279 259856 455323 394078 375432 719948 
331681 103418 215180 37163 355111 928601 319498 767926 873120 288 809762 727773 186875 946952 289317 416754 981363 510589 906056 102828 
894421 971868 125357 936292 556821 477863 83212 943612 817766 582918 883997 855640 596791 876057 928652 465365 702566 326487 794270 400658 
61762 422553 320886 25972 383342 777217 981273 471815 125892 811705 728248 659822 635330 828091 69907 763886 332011 637172 220609 735428 
673546 953151 497468 502581 870270 888095 901043 119384 669783 819077 125824 99289 873600 937779 826115 728717 638358 416334 100634 525708 
689386 795065 243806 727390 693665 762916 164181 225447 905140 305805 947643 774097 904219 456782 141681 792071 379073 190902 532858 315708 
392895 575815 833778 591265 621580 437541 27126 240602 635054 594837 666298 929359 548502 428321 380615 283070 375003 882749 580256 920371 
741265 122959 476757 506380 621916 145062 10295 622910 476402 308240 919555 375304 163564 715888 839348 549944 739379 455138 604036 670019 
128326 32176 320518 831810 204358 146965 708512 21618 365281 534610 350210 11278 171294 568230 94475 244831 609525 829453 212283 990479 
504637 707187 984261 329215 306376 751622 911600 580282 851744 198372 699145 194714 665802 246976 483525 981129 595778 730524 539688 226977 
769694 245919 225218 201883 896765 623037 933697 569848 481697 744152 270085 431507 179589 133126 198905 861492 781223 43804 618210 872532 
125657 681116 324489 527692 40241 336048 894392 611500 681538 408545 48641 947679 874168 835178 10090 784292 59091 326633 606284 318057 
67833 442127 436278 881165 532684 696375 126403 818357 21456 269427 314819 221801 216810 923319 225253 550595 377641 10515 919296 85449 
526114 759088 997271 115565 475853 114423 711946 810630 690317 920718 932081 540948 286825 97383 298181 736661 437201 922028 215580 70083 
949823 536739 534617 743112 449901 577724 624211 402600 663690 681636 114033 168224 390764 713957 505355 211258 789839 190358 252131 548016 
607563 71554 336228 778799 642887 649540 156625 77120 491956 197047 106939 148360 172107 830862 547858 911045 451597 948195 951740 677912 
507674 343700 713571 524392 265925 285542 799415 986275 384963 919536 869835 787480 496015 703847 359692 381348 663209 165548 190160 224704 
402567 146320 170565 292824 509575 904631 869282 360404 343500 711358 623410 394041 390807 786176 172146 45687 255167 773807 49551 344641 
590912 925765 763804 437823 201993 241877 250333 870725 774386 982909 818301 402305 633931 389434 526272 866511 312394 520890 15197 192048 
77862 555028 327359 400597 598116 561788 1804 42711 898089 701304 513586 68285 393980 666182 507549 368444 788642 350857 922243 446415 
297052 63456 809146 300624 579730 609250 60300 105464 708725 642307 726281 243062 483279 796122 446180 444857 204061 69264 445371 735562 
679543 548154 826837 275758 697995 433827 110034 906650 633710 369424 276559 58569 242341 579199 513642 108870 39163 568411 142646 169144 
296980 757485 402329 269049 732518 332726 170553 706902 845257 754695 434019 474243 504273 882254 327996 31349 174413 390866 348300 216239 
709431 826798 200326 978885 984253 258040 900416 982504 539474 309126 531320 888658 562028 515577 802048 678630 342771 937919 779422 711242 
804672 485640 173250 745331 983836 253928 762983 647633 358674 112620 724364 338977 501118 283654 945625 201383 161266 936804 997858 657367 
409816 432613 295859 739339 490292 683648 767528 134254 554313 288339 951804 634556 199484 759506 488590 130304 868778 533735 428145 521596 
472483 251126 345922 516444 176625 574359 125669 493710 912061 29927 370817 600539 796195 832218 934856 432227 878708 4533 945897 231990 
34715 29346 352028 959460 768849 831069 371398 313388 717883 883014 812667 550943 553992 949384 69984 934793 695049 838829 741633 932815 
585912 955237 907269 481964 309855 296966 838041 660195 320251 311339 30601 290128 594654 233599 889124 387016 226858 270905 586381 811473 
437843 861968 604064 816048 545930 307209 349437 756560 393884 225956 870430 467341 665242 19355 112952 196934 424759 146308 473287 194889 
306994 7450 814240 678204 633655 495435 549414 982634 519638 223986 560483 791787 914989 337703 930849 169668 70845 962807 753004 972315 
436571 717517 315642 272478 701404 645788 761002 717218 320381 436676 89456 940674 251576 767619 506150 632426 722441 75613 971975 88976 
90986 50590 890688 644459 924727 916893 470870 784472 783997 443183 993750 918243 744633 554774 971429 493779 138759 879979 57407 417384 
604097 187829 598840 63258 691955 236579 499051 453445 192452 39246 422503 172436 172044 550759 133686 9031 182306 947732 476442 257928 
523960 49120 440 585510 768160 958190 753496 527901 24958 585450 310270 451437 993883 361716 714033 339769 534538 914303 730902 102436 
539904 317565 905455 378269 498648 616448 954277 520059 939472 730242 575386 330822 516961 775134 502083 70777 719615 318337 600306 599498 
375021 942578 187481 664810 717686 865193 325741 124320 502406 34502 348472 499901 711558 287571 905314 835914 978636 227104 972215 183332 
215109 22146 246376 205276 487784 736237 220483 815966 693995 427650 569179 547454 183411 712905 864819 311766 727204 209277 600107 524638 
265614 751413 391293 773399 92386 537762 644741 364561 3807 290997 655115 76602 200977 902032 28400 596983 501600 859088 506450 389418 
387543 386721 660272 748100 381721 886143 637980 335239 299494 684015 285469 534960 428546 923369 290665 102894 333249 806349 153019 837644 
214640 926212 709049 138406 350353 410318 710140 703474 723875 343880 889580 702308 223372 305050 762019 925963 170613 587083 925900 8214 
227453 714605 710190 27851 436962 227807 779650 163533 759540 19294 817841 145613 170528 337880 900963 159355 895132 583982 625137 855679 
904452 753345 377314 223184 121886 13899 677556 55654 638060 704601 932503 198772 913485 723888 655181 135069 756348 373828 959301 168622 
396092 304173 69294 805530 675406 717728 496193 763657 450844 114976 212497 801195 419148 714644 990785 768542 622554 580682 28076 739961 
978546 148761 656701 466144 28568 223290 30664 629983 864481 332155 898585 668969 433237 139783 278305 109297 392124 313001 800562 235547 
303398 97836 980346 439776 190252 957944 756371 827318 920046 387562 254147 655190 213032 476683 232313 981174 57085 935165 618180 133388 
504499 61321 308044 648523 915977 679616 293761 612451 897355 422441 355635 601254 501253 107914 51833 184825 479193 739060 543279 380950 
198698 816151 901403 135277 797867 302496 690882 910468 161570 533878 170213 770690 44030 763986 897168 124943 489821 113 74005 807311 
514049 982021 119141 720837 559724 418986 475603 481499 99617 941417 380296 594866 181992 359439 135961 880991 938956 833951 7118 248917 
728815 736142 999594 803106 133106 376601 163310 107625 36293 117127 495088 970254 96622 947813 646744 683330 635109 258356 839488 197952 
483390 868698 59425 10607 579303 177388 611346 938763 462437 809349 166327 720331 539208 363449 744491 233701 410110 906804 4110 85168 
512688 860225 81665 252387 813631 801174 827956 167178 55902 700905 926331 128909 590597 582385 17366 29311 994183 597473 508772 616435 
805651 24897 520774 773426 661320 283457 833973 196856 117940 759823 799187 937942 112074 155128 785680 468962 948512 331844 668268 261928 
350239 274510 374692 285563 918715 744057 184839 295949 52473 966585 667423 634356 783835 503994 833694 863214 647077 341116 77719 860314 
15885 638142 626631 636103 631488 505657 261943 432209 337932 97390 385447 770485 299206 47874 936238 895378 820465 481367 765273 168192 
886654 951217 643544 505731 71346 82482 194235 18800 384177 160005 369835 133973 370639 532654 326831 788416 655782 487554 624148 503208 
414767 350279 307380 515114 43914 474865 55752 443056 567663 603489 605299 963058 451039 477033 262346 752510 72219 848191 393516 736283 
647411 461990 339378 968855 878340 459546 7891 345009 4733 388375 411723 854237 281399 318891 819890 693970 679899 66895 948610 122050 
4344 65210 712653 71789 523908 747054 228611 769392 373966 104198 9604 396725 914474 484208 595039 51511 793482 481105 418008 184666 
599630 724466 934829 995826 662254 228549 213283 62371 893321 402276 871620 651130 124161 439729 125913 940219 557808 798469 749714 927145 
214839 220052 257086 608604 39001 861710 42966 895571 125475 404768 843009 656731 541286 615719 813057 348 617729 309195 838576 769397 
519504 975077 109940 736741 793093 676300 358948 213476 743646 393604 809778 637332 763178 473162 473076 919039 191470 943408 14447 116197 
531559 596951 318111 963566 368677 169107 883623 543063 592945 263561 651595 209192 153625 814974 835867 825590 372065 960522 169331 772890 
606103 367788 772032 228852 658144 444631 736358 98947 665379 947604 780675 892925 496698 55297 277100 730991 695962 874257 836363 33930 
254393 540220 139862 824074 175190 136826 376635 270668 277763 962146 295183 55911 348978 342449 925254 20383 353313 687084 564152 194144 
431220 46967 739705 760774 450915 458462 196973 6235 348815 166254 325316 664535 62675 897681 593553 483727 244495 766964 429938 582491 
561246 855024 28849 190616 638100 299933 224930 228314 666418 834795 48291 308646 833954 904678 325923 284850 661742 610976 193821 680568 
768878 946726 238132 166683 581158 299413 770612 409006 549295 858610 71173 325807 884136 875192 493508 341204 898233 919994 400631 704643 
898880 459499 223501 77764 921302 872660 986881 65257 117632 642341 100059 599432 97351 517049 975166 959650 377864 702143 945409 423930 
991260 678785 985681 160419 696085 981806 550575 80986 358826 157062 85231 980129 881530 173599 984179 338055 776196 54441 868046 827506 
957868 773548 760086 167426 107783 232122 107729 945204 17307 278412 653971 274256 710127 692228 291134 845432 391307 102179 388677 166721 
836685 777986 510566 288845 996399 18586 352469 284538 105188 927511 228231 677442 298612 733719 631465 129828 471542 654148 12427 411321 
200249 825210 296895 180321 191546 487625 608325 170042 309932 554544 966319 572425 944677 308053 459460 457161 305156 590457 132732 914056 
580249 11702 758961 232803 126677 17867 404528 637753 290382 192512 363135 483044 497620 918906 345137 744632 529997 241207 827234 410123 
516426 924509 931302 428027 484423 367463 382801 85588 335042 232543 579984 906805 99398 426986 377161 913785 179413 203131 973485 329486 
81773 673187 445664 709591 626908 965094 659114 218813 840066 320251 586162 266965 178752 735620 711112 111509 873782 984650 210061 623822 
362193 170669 526982 299270 200178 41789 562347 927679 836160 810264 593849 732069 841483 524689 802681 429486 600447 285951 886005 995866 
336633 264669 102335 828747 616203 990767 944886 860895 390125 388509 940383 379258 943135 366358 509931 667554 250397 937659 633572 966595 
460243 916961 998345 387973 631078 254748 618262 131096 594883 705582 76722 449441 212825 565018 262769 530404 630044 273229 78065 801808 
732035 912173 266804 569599 64941 885681 276595 762020 617332 216372 602770 275598 908261 493093 157821 36833 510849 428963 408465 398583 
12551 458556 121270 631101 393005 590797 715133 561163 587947 881202 540444 462106 214842 308541 322647 190516 275830 299537 876019 874514 
309304 516022 681985 312216 866798 810586 32226 196981 268581 835622 365749 962869 992771 967110 643105 425404 526009 781756 990641 931572 
475694 139738 626437 832795 157671 201204 371164 961386 815379 288162 279206 792013 889017 560919 307020 883598 411010 182958 249141 554642 
286769 830995 736812 737469 674954 578469 13150 757005 635346 255273 308532 894680 62433 868592 575685 321976 198499 333018 197992 495298 
249602 375220 759480 605756 30 471729 941715 511965 983022 945189 355498 275625 61517 545449 199405 442413 223757 477054 617211 983295 
135609 532881 693740 842999 149048 488871 491146 484188 263696 664053 459350 614746 440249 59967 323628 634717 42237 921544 165965 363888 
985520 247723 493991 825260 39096 91990 398257 924137 837807 962572 574470 812830 830921 526400 493714 777764 242863 994809 489148 649554 
142919 167485 972537 586250 935636 249741 343215 274832 171377 955775 509747 128102 80570 923256 805230 208332 614501 229691 664730 213378 
595710 717398 846261 337886 292 868046 431384 499329 515072 972104 378841 750748 24872 868530 691135 47051 654508 871024 338732 55340 
678425 926017 457460 100700 575011 460621 659275 668644 355407 173122 838723 207844 296613 610137 97452 653852 598884 620227 530330 322303 
534056 704081 529628 49323 11461 110386 141402 535764 351568 38047 442827 483456 670257 304827 999257 886238 102427 609159 719997 693494 
201748 325435 288575 564304 560330 332064 595567 771327 739840 835180 347900 412246 697994 828940 234368 71380 723421 55405 346111 634467 
664822 531560 256204 95878 808912 909061 647697 520513 753930 888935 110739 584046 306494 346489 418043 51859 462340 70524 778131 217090 
566361 732231 958625 152302 250119 922769 916559 635003 299910 184279 692342 550725 119086 360647 216631 356963 978536 256765 680050 37999 
475442 300382 598478 154453 449441 518316 335665 6533 771355 243637 253693 539851 186745 854129 497900 126451 342473 417307 977655 185883 
197677 307885 766918 326152 500107 240829 804731 979605 379838 86171 359872 333254 622020 955536 814320 58139 893446 975310 976784 796946 
516528 976884 48417 744690 740754 375352 536332 912383 560395 29617 570907 901736 120090 738765 542161 39721 228624 448522 679553 550255 
223612 829708 868586 144617 10921 985899 297814 859539 574128 466552 260855 95103 670037 608599 657386 886223 818642 515248 614788 577619 
712093 371313 636528 152752 870007 312148 257076 445665 372795 388752 708254 121351 479828 411960 964362 453636 510987 462864 140308 743483 
836358 769121 606117 569541 658568 285986 349810 993895 876312 225732 623711 108401 322367 979318 415114 751422 17299 633466 450610 38442 
792247 894332 441584 745486 173378 707418 222789 605622 36173 779761 578886 716509 886726 157926 69160 673243 442853 934668 95368 332174 
496801 556633 602132 849930 980875 238288 475876 999550 986886 276263 800428 743583 190520 191692 72030 15193 715482 890056 151527 855249 
888388 483010 632596 632513 923787 772131 34998 18315 346603 728944 985322 922063 752853 162634 318967 665507 266784 729139 498509 422557 
4799 19555 860065 54700 414260 852051 132020 32865 807997 16247 190048 634327 491126 308590 139407 439417 127612 712598 267264 112968 
766853 679432 256725 514300 380117 696544 700844 340798 242258 650408 578722 564814 514631 42954 919412 765943 96991 102030 343618 775735 
855874 432443 344811 451989 608755 873824 599000 25430 350465 692725 924378 992886 949300 988544 15822 604123 930892 970345 561814 69953 
697929 372871 974395 714142 143132 885169 650815 889976 424471 968911 695304 968571 958128 406517 250894 499847 355137 574504 656360 102971 
436729 194653 269547 428909 380853 132325 729881 120254 948235 626283 349378 589598 971833 749321 32165 357813 437183 586717 196634 599043 
454061 124098 621978 907856 970874 619166 748050 495036 298381 880573 964222 581213 98920 871670 929455 898614 829830 328815 443835 836664 
871146 85869 986777 4162 529121 487608 495986 42470 271546 986107 207996 503685 107919 69734 609295 471372 883651 611081 259723 641926 
826259 465643 639955 658508 861047 997961 303636 628876 668060 396684 816267 353944 492486 5892 941886 752918 487075 70109 527982 305525 
549568 779274 564177 104785 387977 761263 380056 923406 600261 366306 624219 500906 871343 889018 404074 138042 111700 215402 37646 825059 
548635 22614 994795 62272 906260 379401 196324 450367 621925 851389 639194 707691 849890 343129 739828 858919 191575 437742 981205 609081 
646169 994624 264694 355599 78385 108103 881922 728103 362486 600955 910014 401075 437703 769376 137334 685076 136456 950840 475382 177606 
551668 18862 645133 243952 347197 645290 936492 725743 125175 579121 9098 683767 268775 42547 709004 411436 760715 274576 190988 933170 
769573 709769 345289 870241 237865 483343 658547 733847 787630 409779 384481 110871 671810 771784 773831 741272 582977 293223 524600 391840 
138544 175105 473541 985957 849263 105449 788065 712737 191 798597 463485 361441 988145 51005 185825 253669 709407 593454 593419 214782 
124614 167488 780112 41604 3859 92590 305086 565561 513088 968073 388260 895650 734720 567562 606202 441862 439920 321930 237791 570209 
783410 858637 469633 479628 760243 685638 365430 81791 343591 703478 66763 370055 182625 91511 504799 957044 967550 624487 154369 928483 
862036 100953 887926 686525 337716 155993 635013 734114 326504 865526 127475 402550 997048 775428 689968 605087 370222 975887 761451 547404 
527556 206679 690048 45778 719308 7966 691871 801309 413343 528688 633291 23871 28333 983983 932864 17346 842156 515788 225285 444023 
449432 535287 140093 369360 855868 44935 439952 222379 431709 136154 388483 778867 724250 549641 127664 505279 162245 936698 375240 463170 
848631 61806 799392 829841 826373 798236 470940 620654 423546 994799 554676 179138 271840 289163 569155 237712 150460 80481 945229 391940 
933283 565311 688458 856065 301359 727 728309 816953 336717 600098 561107 961543 216264 121682 466982 870120 483911 838364 816516 692880 
717086 876693 764262 259493 212271 247526 856362 789143 301511 208834 299769 128547 493220 536381 622553 726115 439516 473177 807628 558091 
182928 290244 137757 300397 213245 257685 838339 315423 22128 167168 718783 689459 196540 386019 668252 45525 702072 433589 519595 783112 
765669 241151 906858 570837 650031 812436 333097 643657 424687 549071 289794 790653 460731 539147 985370 346128 810727 312468 550215 481601 
487928 906880 165565 770415 320052 716535 331164 429537 385193 827089 383203 488440 286499 108892 470208 722818 972740 814693 464512 810119 
921213 229549 962299 530207 719183 246166 446017 624952 773661 513715 957703 79496 607116 506729 621239 587408 513838 125251 529402 276081 
720778 59121 945458 150168 838473 694959 335685 45907 410993 591251 92267 818259 133624 833753 297063 110879 166793 954549 477997 173303 
426893 728608 597083 150129 899816 549347 744012 540567 934321 932907 147557 317659 305521 11335 729606 411438 953720 343619 447513 310631 
355730 969250 294400 927278 171800 163690 140584 463421 544053 24749 145019 691787 681650 76774 905554 878976 521492 471151 578623 798833 
580843 601434 179065 762765 251339 15527 226073 857960 816532 62296 123051 576700 566888 464907 953620 232540 756012 173228 16833 776306 
487782 662187 234698 631450 66013 187200 142623 120372 809733 754876 510193 895302 566545 377630 743509 385335 625787 906332 547989 398211 
464633 88493 240115 717965 715680 663384 669103 715182 442275 429560 559647 240939 122648 422282 713963 336508 388303 220608 421656 623899 
561607 72216 258845 83667 359527 75588 934490 634209 416249 157659 688252 238079 373254 693929 233670 97337 677705 861706 786508 806076 
429944 628909 484385 30617 1014 189701 978791 83651 487423 703272 245201 263696 18397 370057 71 335576 198745 571597 156794 840998 
305309 321034 687050 162842 228889 478760 851320 661615 641898 678835 50165 356595 42030 892818 436897 135112 242369 471261 332063 161197 
471421 565003 480023 224584 685240 592155 431591 124894 345275 581026 245110 186308 903913 11132 479102 793285 687688 37479 266406 687506 
507979 219565 685454 931932 288306 897176 155958 967651 994957 285672 807681 935210 150704 788738 252952 907678 641147 461935 907709 724178 
61299 660201 987315 647954 887618 73182 218044 477249 281927 862647 925232 627665 497416 898189 749181 605374 388715 758867 857861 359031 
211288 983527 907187 457787 765433 495071 428578 200581 693206 993154 522823 641910 550579 879429 456974 989772 543763 419621 212452 178276 
502985 321683 326913 138516 252857 262119 253484 897745 273964 479003 356891 194066 706434 5651 815932 891870 188073 404292 246529 933992 
421584 799159 868151 691210 835533 724823 540464 144036 959291 925333 927821 82272 266902 608025 410078 403568 574644 287105 832390 910050 
48498 19605 612352 408236 329162 950032 232190 633121 484578 504387 876608 540492 787518 721076 972473 884403 932862 610915 319195 127550 
419985 617116 600860 576728 902249 515212 782831 198998 636282 977284 336737 842592 592076 791652 988550 442219 705927 717900 482601 975387 
136858 278544 420333 592076 519189 42647 222625 961074 411868 146462 346203 413442 851807 719167 915428 878202 896628 834200 543985 617575 
309162 129 265803 249931 628048 808321 133327 709186 550340 530173 507731 275138 240077 689213 408947 886396 631628 750818 47340 384087 
816823 845057 283496 277021 250551 311876 610634 184505 127799 239473 515076 358663 532345 952645 205889 626257 880005 384949 874402 647876 
954311 209255 498428 801117 327287 134418 857233 708062 959004 732696 560296 905963 803251 265802 911570 534336 953842 902433 421947 258943 
314321 579910 537093 780801 807518 592332 742069 953137 37797 232037 415888 42495 251078 568603 969142 317462 723773 788025 743782 994208 
727819 745146 795725 88026 990476 751503 144739 742606 487667 168745 726949 797868 320578 426361 378621 807024 337483 995863 122973 328791 
669775 177999 918557 346886 110876 173871 120000 703447 49051 37391 770776 844848 932553 441183 382308 385048 750365 903023 818268 138503 
547300 775317 208022 314783 269286 102599 321800 431806 449730 777490 777329 387120 301899 390881 606180 497954 15633 149693 516930 270093 
556445 961431 137660 722233 189496 280932 139800 484406 537104 698861 887160 651770 773745 795566 120262 829226 802515 782925 448034 595783 
263167 483085 739088 752421 466649 280523 357109 504329 56980 914860 894009 731451 665914 686489 885497 898888 929644 297256 960415 566213 
37973 69349 65411 977972 154561 483896 571333 366469 699165 127108 799341 980522 924909 913156 3739 424736 921875 628472 197823 829332 
903474 964730 939233 128 717828 389701 636935 632817 481408 313621 22795 759791 73575 709706 30712 349890 966830 898711 909435 849911 
137570 581069 991383 53604 396635 158913 391594 893659 686830 399776 359381 22552 342682 144622 635390 183732 561899 811990 223143 147960 
106332 414039 104167 403483 271112 929078 146587 871894 856588 560314 134368 654214 273648 417037 175395 468146 876850 562820 553396 445282 
347778 884737 37388 444271 965450 74846 711340 442534 36145 437907 371433 649923 474329 745307 149036 951821 2194 969596 653730 757105 
953987 536944 65853 625447 344667 587219 244255 131841 810757 619447 338302 576603 639015 435560 502060 625531 417581 448533 479091 521290 
431503 470478 419297 388505 387621 908147 124715 420104 909278 520828 864974 551860 527034 255727 582319 819174 81240 693471 248603 100088 
567534 23835 937559 865679 872798 55093 658350 317067 757285 389129 142944 731215 551174 344431 733356 10882 139201 258191 974582 213248 
318072 731655 121886 475655 235090 353528 730282 682086 394396 543690 664851 862322 578631 583713 512870 625644 942368 93302 367977 602447 
176127 289190 616303 123055 162331 506639 620092 126317 1343 57737 94462 259359 490446 414360 898690 645106 698192 766847 882096 485669 
578615 641242 707866 723978 405623 791773 196013 10043 181934 262532 917842 888384 737265 135640 531365 53296 916912 86688 13140 418056 
11019 883721 386362 452335 378063 4676 792324 224135 301316 459305 608151 484317 771298 660733 306814 974287 102326 72195 872256 813355 
680228 278039 125445 473361 624341 961417 514434 205089 361209 605644 415445 541037 685062 711697 66327 866504 969268 30425 413038 435149 
218346 576602 55552 789844 113684 46071 970674 769722 236961 384736 716321 941469 669740 789065 91419 101525 359512 880929 546730 312637 
849458 173879 820025 952724 9673 186768 255941 572705 634030 969444 733572 855780 677433 918015 898789 943508 586137 282218 19992 369225 
845737 279681 89028 484318 910663 49418 889941 866315 433705 833860 779184 862615 705967 18991 421203 139270 70484 232848 757010 441728 
714341 219162 29862 193931 171322 21216 924468 124184 671895 15981 351875 311882 881715 9023 545507 850906 351212 786911 892518 487203 
556270 56880 781953 832670 144943 614153 335944 440463 858641 716689 977542 445973 930379 120396 895759 697882 173128 140211 825108 462200 
768229 77985 172197 619879 498176 798477 448293 437368 132230 282889 694258 696624 710659 543907 825650 217523 986985 678759 164892 168778 
291478 664903 89126 560653 375981 331952 127369 923059 796393 546504 388557 320931 371336 690560 423793 662677 381418 116948 376034 573145 
322368 464286 182176 330696 524210 654060 806507 147203 308938 712400 429510 951312 883777 371884 720060 335998 637458 96456 82502 641982 
876930 623440 175462 458666 922949 615037 382808 259689 88236 709333 137217 192098 187211 964559 994108 969139 620396 38156 830987 804946 
980177 860641 167262 399478 845623 556687 677389 614263 117340 112152 965419 443047 861840 427097 360440 702054 102077 996218 166941 310913 
908850 911305 440031 589511 143864 855435 402721 642964 537071 242497 804121 635292 61995 369165 781000 945024 398827 229303 787916 897400 
419981 973617 418202 890061 153973 192754 792654 326257 646545 574092 62828 274003 77175 727530 590980 101304 708948 649970 754805 401469 
905210 460590 965977 351503 484192 743204 862542 496643 400696 745290 331437 655249 804652 858296 804280 245585 586832 37015 573041 505896 
348442 96094 687695 902011 180399 471707 831546 15578 462536 43534 390863 509067 575786 445716 234182 127911 118013 680482 222722 913041 
343959 972578 381579 944364 278616 279855 209597 117892 689161 9882 907746 551840 227863 142730 99396 820984 200427 922895 262190 84744 
725566 393355 513322 631669 798571 429895 574960 853568 349576 877950 350498 409811 685408 398175 265202 656909 262387 182658 851601 647789 
4580 448113 387723 571002 442569 315301 831919 960391 302834 849148 657341 551056 743317 516147 318005 621030 144984 181627 392691 311025 
837924 600549 656786 6021 351899 386130 348483 43523 626235 638488 123372 27792 525595 804967 599960 994896 242820 990759 960295 637234 
465196 650730 748077 847851 294527 239776 543033 834611 427263 219074 267485 194960 119015 118347 632655 609372 472458 476879 991146 619167 
3760 950815 59658 180238 143016 307257 982737 336945 796199 776985 721342 358191 667382 556997 99878 393743 241457 706200 581786 275495 
866108 503291 895123 485242 74196 398272 737383 748139 937248 735757 308463 408096 193373 403 833731 235672 790314 136822 426934 57597 
718887 55823 396714 309705 257005 830444 598554 907890 761337 33033 677796 267863 474845 942153 254460 7011 897392 327395 996447 651718 
950636 370 400133 20490 630690 924557 303608 456719 655644 328113 261008 652428 836770 337673 277368 583850 208489 610631 968460 761075 
985416 474340 850406 879988 73495 924901 954187 86461 175995 995493 930137 90990 580999 163304 288280 638449 213911 638799 216389 817409 
651689 342223 233401 671913 549341 821072 480605 354420 403523 869832 530760 982573 32817 700635 513383 914036 839254 956090 176179 324884 
388982 341824 604011 561673 679895 926734 182011 662794 287542 981299 271390 629050 77 332331 912645 86531 993138 940194 635652 567797 
812837 117532 319221 297963 513486 406333 414348 788286 987013 857636 271233 597921 861373 845181 122730 523069 941305 539155 11362 756746 
234438 657332 403212 125516 803524 346600 659514 188833 530435 139432 62906 689774 945833 226891 230239 158613 762356 140511 778879 320185 
971231 371669 23628 406070 63834 758603 256047 595119 376434 268222 682594 951689 364331 824062 803950 127715 127271 35576 815217 768356 
432605 476297 500362 641463 379896 545572 662474 634371 336669 643577 881130 908122 531230 772163 783292 525283 174820 14773 359940 162652 
839772 513859 992250 186215 908060 390816 835990 643903 811601 825470 960892 903295 931613 251477 593259 139685 650695 375774 937569 360852 
762890 971153 138486 911081 90152 748472 145592 748251 947685 441564 232073 256163 394948 792965 579667 327586 976654 246996 753349 470237 
687524 351165 112963 443843 815129 687772 16283 739488 219863 900472 196973 545372 767085 300748 397846 910578 784756 549119 970761 426794 
317993 325291 865369 170953 775023 609583 729998 590880 353041 280871 350394 380358 927224 729507 927088 48419 874441 287991 306179 547602 
333196 270223 315612 920974 878090 508274 261551 775171 109697 129967 479347 102274 571450 57343 180189 322602 331237 88647 506821 681061 
703581 800687 408108 50750 195565 574535 798105 660215 794591 60482 881685 740269 831357 239925 821989 506823 982164 704681 795542 870892 
376881 24145 602709 337934 680796 489376 565936 866605 356233 524609 652 251246 540825 763168 288397 200773 490508 549278 808478 710415 
294193 509573 939622 605604 816205 729514 230374 869734 335123 93603 582913 293856 594023 421065 769912 946607 151914 642609 735826 614700 
484370 895452 153060 204445 841283 159741 336119 60808 209944 569630 187453 841021 89548 865126 530485 182750 632423 762929 560772 404329 
211458 935458 522169 939015 559817 642194 680995 720626 335079 740710 17698 302440 978103 782340 479957 329844 215608 61732 388978 152928 
301436 368287 929350 861569 787593 249612 90014 281439 971730 559550 627105 177143 98205 739051 641599 151681 125240 558432 567606 521538 
986786 684456 251790 293973 904720 758417 557120 192163 29702 961482 458541 66320 302365 367171 156402 287108 54227 374362 326904 880909 
388001 817719 861369 510285 137874 41191 605580 533806 163391 117674 34323 990029 214290 525325 268418 18364 675942 470128 567688 753174 
519449 773457 588457 615473 603458 216835 287498 414294 318361 225441 690980 60241 874344 166380 834639 673766 651063 332915 471970 829732 
997487 64600 383541 18895 803586 217922 700832 529565 908203 939276 861408 7027 769380 811391 397974 225579 168795 602561 626694 296202 
713514 942385 488726 155604 236362 569671 497437 635412 851555 356168 689675 373032 665226 840664 715164 790140 895180 215585 917443 856220 
208748 673811 232680 365220 654081 346439 910183 52017 582855 873666 148071 394542 836387 403803 172853 110888 652478 741913 445951 865301 
796199 233793 118329 392962 802459 697075 471671 322755 798948 693183 629223 412171 691706 889349 776467 339295 97619 717267 749636 273562 
507499 939407 305518 548568 419600 208584 654572 918910 335695 303453 271126 102222 559226 805275 715868 169525 45405 4073 348997 109639 
923870 298232 348370 383479 248867 37019 446735 448789 253128 466576 817894 127439 524117 938555 560988 461384 376676 785727 280266 577716 
345291 725466 603068 206206 553749 476479 75195 62236 526894 360473 760531 940162 107475 971679 181690 948719 588051 584773 346550 512973 
716814 270368 809375 170148 456707 711223 346709 351980 752289 584611 770250 392542 921714 4476 154763 667598 733014 300901 186751 929138 
881814 49311 373810 190254 920892 159068 212633 515690 400169 278940 43959 426371 864310 164262 582487 376116 868292 140620 456833 24667 
195347 359124 144456 858812 802432 406964 789100 51911 187898 731927 196690 111825 785474 768636 843759 838347 691812 989994 842183 762513 
893237 439708 122289 312565 605989 280912 842407 970088 822947 483418 701227 145734 899923 987628 249549 298936 480533 173075 152514 211532 
824408 700225 316658 991449 163916 348998 689357 155311 411790 824931 603556 172455 927084 8640 310415 706348 477783 460515 973726 790669 
380884 84436 563241 441265 371624 740165 242272 872302 507230 77867 611673 514308 395980 150503 931696 59224 456691 469168 692808 772004 
601655 202468 519625 478546 880588 301567 582549 850217 930510 330931 848276 674659 407899 961664 206738 605616 116458 113831 147725 330688 
642156 279951 851940 517859 618823 168782 401328 973035 221735 970559 20745 326537 551291 766937 485779 859892 6033 662582 858800 150766 
460821 560091 108645 167991 909152 787924 414019 842667 474257 39080 72445 645439 190695 584860 444733 931252 625069 690081 382894 380002 
883194 451477 778190 368742 503254 984183 688717 763193 109684 293495 203739 56436 353035 216879 285569 917774 939501 863037 374396 821976 
988431 406890 855076 747979 650551 342268 225535 918557 186435 893189 813303 290123 799527 580168 449793 717548 54534 1749 332804 897177 
354387 192255 584074 855170 466435 705696 557648 7409 141030 540073 178387 826802 201397 355401 9316 541294 908455 951976 109514 92778 
153249 393347 560659 267241 277453 883650 517955 645807 849374 993949 775751 567026 449455 151249 954002 806591 975314 916773 885568 19302 
688112 798397 838905 754594 131320 116812 235655 353684 929373 862606 821848 177349 129139 878058 298049 64770 188229 127415 662739 786969 
327345 149028 588212 430371 354064 797339 976015 575674 768231 295693 855318 480842 315018 34457 187643 994016 636096 793044 836984 698442 
543966 254050 443581 427798 427082 176236 744538 267163 503617 398260 847825 810849 648260 173272 815782 477721 839001 709356 173159 125924 
220154 120794 536554 873622 584399 260718 421182 590286 773462 78592 736921 61591 667636 315793 35908 897867 304090 752609 974282 214911 
429743 591678 868084 338681 816266 409890 123865 566392 592049 191681 633580 104642 125891 951123 324396 704969 326239 770474 852279 415963 
549367 183403 673437 56699 81571 952466 75854 946782 305182 679573 743041 833065 203319 943972 485867 730424 215957 399485 454913 968253 
420249 665398 196275 319657 844617 226957 702197 9666 88567 36199 441170 759421 958250 297173 276951 268515 556457 776425 788644 46745 
685264 798343 234427 554957 863449 987622 548882 636494 500056 331277 952782 796501 72508 282761 207048 249008 834817 861240 943682 81793 
468974 161024 419697 137530 33787 591138 318215 43499 794984 107018 146796 838108 403306 547438 212298 193203 535830 113804 829118 890548 
401949 701918 328619 165530 612802 755901 482478 266139 753448 640932 937439 8399 698653 945171 20393 807617 824070 330270 418805 940817 
639739 528359 13480 340840 262359 162662 885562 755946 974750 393774 850931 869198 548074 974086 350282 7887 14202 371525 871515 19281 
106115 763708 361906 304470 963802 356108 528653 746495 44235 124148 476994 757114 619654 455612 258309 79262 852604 526927 49658 298611 
444927 238956 207047 229706 238739 674063 126833 994642 581221 222181 634190 281393 246212 878994 31607 853353 944717 363033 658073 114 
925196 781082 831019 270298 154951 512654 194677 837573 832525 585728 611804 361081 566567 499826 583778 325900 540919 657584 942823 741624 
412560 5086 660063 696003 906542 870745 468144 471090 606334 802094 109880 344150 158951 55339 329151 227892 385190 287101 587862 600404 
689371 70021 977534 925472 486578 67579 208822 30686 720310 884734 857514 356899 43057 390531 893608 76099 369393 29136 650505 303220 
624262 51258 835824 725923 359255 36863 689491 508178 819915 988007 408334 432202 96800 584257 449051 31658 440226 195170 765604 529665 
554302 575622 302672 146399 11380 509591 404380 173865 143477 749024 38083 521765 360311 239325 781402 440934 927082 479418 235834 402080 
730965 974377 495472 369636 921359 11152 176334 60011 783589 746128 768426 769972 122648 590099 94981 621636 409038 152507 677475 353966 
289090 773168 405637 421366 442126 22391 776807 110545 557969 77265 33522 804845 320595 562722 85786 464000 298372 934624 74142 755298 
904371 190128 165832 327060 449246 972908 64315 485480 190177 644620 16923 244741 290938 834432 894756 764900 17452 834942 488132 99900 
467657 895287 167167 669748 622667 428426 51803 783007 146949 234179 836692 277076 899276 737486 784132 494580 7706 167937 476580 106970 
99924 460096 672871 500457 386075 263946 790385 124313 8414 52639 593088 407332 256126 317951 129070 944235 97209 498399 255922 463804 
223321 119378 194832 486418 341948 211030 793297 903352 143527 499792 450145 600042 613274 888861 198237 697887 360278 76964 243684 395343 
951697 55645 554363 930250 902979 916303 249942 452300 348138 329687 72756 448920 256438 742774 980514 283669 96133 837829 947379 922267 
329649 626909 143570 106609 875279 578989 125047 978723 299145 439867 394619 945069 561228 352725 363771 190880 658869 510264 57987 638287 
118895 117850 134694 729616 936626 431967 417640 960327 873743 274898 721586 40452 215138 87760 560558 520736 169586 496643 977131 897310 
238510 310399 533205 325581 768378 558395 305449 286279 359970 608825 542936 287058 907486 342411 582613 107012 245390 934202 252546 544055 
671381 196560 965743 816628 943201 716953 18782 904097 589515 378782 589809 93424 668255 53240 674617 947655 453241 836128 217302 582110 
312818 176523 804743 350953 341188 565447 801271 621291 686118 100793 230185 600785 23665 641943 56481 774963 290681 277829 782857 180023 
990401 764674 692190 416781 596310 489021 872870 64819 811095 51154 221517 774566 164868 647623 105873 555350 84545 704575 585769 720960 
961998 457350 173041 619470 765312 940038 791106 992698 632411 299031 716609 174113 316438 517874 350449 584391 483506 895636 107191 32390 
537701 243114 816603 755238 345503 321434 810712 924520 721577 935755 907292 883330 426708 968565 240405 292084 871636 108786 732386 233311 
343616 678186 670155 409113 894993 345161 308168 713372 166623 951469 255583 441467 979575 776122 893496 707942 460146 475442 32633 647264 
375840 484432 338827 654071 950417 869132 968880 894129 426264 414762 698884 278852 30502 672196 183457 353155 170692 601201 197328 107593 
92037 209653 354940 388632 276893 260733 137058 895897 515628 997028 951210 462052 759977 64589 838995 864777 102201 265886 147235 123263 
526057 225617 468772 910133 685992 230453 309183 128677 834664 976821 301939 704179 471329 823528 788352 866708 724370 573423 929665 942195 
105822 712231 52084 138809 876651 330844 270812 273230 823137 919266 242154 93260 400091 406565 840834 729820 640247 769545 685326 190810 
706369 786952 371331 326250 118071 89521 636044 388213 166805 108083 397255 723386 265356 986411 560669 418607 431590 879993 303 643743 
990275 805974 316125 685132 770301 478805 511722 343162 412626 331930 854671 93906 585009 328992 866468 315669 814168 341579 132440 441110 
749335 907363 127235 305424 877357 913002 466903 698584 453866 921910 643645 138395 766322 702629 524221 152018 907370 388188 533507 852648 
427948 493665 456845 360588 669928 781242 304 866786 896149 722659 470257 314971 134843 763685 240207 372738 94917 725872 86911 35367 
672744 784018 822964 140487 378541 320357 79973 293047 303438 9283 563219 95575 90608 8457 611341 469223 538342 173354 437708 365799 
98567 565147 582528 951633 554849 507559 812796 600016 356658 762848 222845 663435 299328 749773 876817 597529 470430 394450 747699 446491 
528202 561547 768661 321151 457399 363380 833142 144692 979318 100117 513642 603203 665742 501718 630434 234096 536 240297 993463 927690 
534499 378854 490917 203111 252441 971203 153001 834541 159317 847409 784548 725250 953266 343914 342316 843492 537336 957609 919519 941097 
616990 712008 52521 259740 509187 295311 592686 564543 607595 824598 513484 569441 542280 567202 636802 784131 818198 999589 712121 865247 
322179 459582 678640 393799 547299 124219 201757 937891 16708 517024 628040 32559 284808 310497 743400 870302 294111 87170 17704 48029 
745280 157618 247922 163141 849587 58558 706178 473352 967824 637624 695860 617640 541946 948317 911632 504171 266268 502370 332195 960931 
123402 173093 797565 518048 504904 873584 899280 636014 148051 668481 828300 411291 921551 298990 846888 280374 813587 38535 511138 680391 
478267 669241 15516 546599 616908 259710 282985 37495 213778 412567 169094 769239 45049 844429 350826 871628 310123 913771 363423 491830 
873023 101337 554679 793410 274150 325825 635102 143515 34344 149691 609192 417502 277090 23631 355455 878351 993135 82157 578046 598141 
472250 435783 589014 483202 947083 322707 205479 627067 738177 258534 482588 102764 107923 275782 122208 725279 149038 424412 829826 473258 
386650 802767 510850 820147 663608 408737 486723 755344 403958 541462 184604 194676 465896 961832 17008 204876 644317 928249 784310 563154 
873145 415006 837306 332193 268593 389278 894968 52828 434835 914438 615831 764550 929929 797956 922088 700285 818996 278694 922503 395405 
563602 649194 666177 444532 304524 524126 360190 768093 771958 267797 698306 399487 151539 131838 655845 485200 902221 781108 74861 83425 
202231 668998 357933 256693 272900 482747 754108 61343 875863 150768 388260 170008 876806 48178 170831 263380 960703 7704 575388 73467 
198352 935502 342869 930013 832682 797940 718058 475396 25124 957756 247677 28630 598678 140605 687885 275030 827855 304136 245193 755634 
888878 276403 113034 21440 462858 643800 396245 471207 712529 982108 365822 680457 588946 941804 672686 860456 588620 161006 850514 516440 
178404 136315 660209 334193 57671 935011 950373 295303 214373 658519 689226 891791 723378 649114 990761 304633 681143 700418 344109 754737 
989581 300253 491891 210464 253565 802982 299608 820562 957726 962611 385579 423359 58080 529158 628634 556591 833503 252672 765010 210577 
534275 541265 64902 952206 700480 214604 820751 878592 280568 958814 729261 758569 817838 755649 71702 658804 626696 740802 437463 589608 
678459 298521 925132 875712 542727 736953 498160 802933 413890 64590 407447 394382 452946 786056 60232 997075 497637 79382 812560 604168 
485796 27610 279361 437439 113286 914530 294727 241623 362365 680854 301289 514823 993165 793619 742744 3783 23740 199355 811764 890617 
793766 148452 1924 42044 12689 538596 767590 62636 718188 748949 333633 581941 205081 758622 338456 909195 428532 952071 367677 632320 
558265 264388 264022 152119 279106 267017 462428 891671 615943 520157 312519 83274 131260 367803 775006 266686 532955 801281 17608 124423 
630207 60236 703528 807501 677627 304203 728974 52596 592639 693552 125965 3511 848866 88986 659352 595168 529141 216215 137724 483225 
329134 198723 711519 588257 633151 703623 684797 876081 461848 740298 538343 334706 418854 769937 290025 783977 597495 746312 529534 163045 
207329 409757 787010 340011 853044 476462 328902 222991 875370 300553 484063 80534 19210 242514 475485 510826 683332 900767 432393 159145 
518913 390769 235844 11124 392536 272606 724816 487011 850643 595100 469764 880924 144549 585478 643372 588422 929323 902857 980345 383286 
345225 404798 877109 300033 235028 296721 335946 382151 372025 896131 596863 746327 275496 848813 148302 300246 90307 646282 228142 192422 
794543 65094 402401 154609 708551 724765 628235 498053 445737 296814 45887 573575 849838 722720 63662 768726 381557 763070 215772 885815 
397290 983131 154819 429331 560746 675216 964357 41561 45635 850482 878538 420093 681942 346857 955305 119369 797517 719353 515618 594663 
113144 469057 883618 107303 415167 662029 886548 335821 458925 805177 913992 164210 419088 160963 713457 868123 347837 670663 833702 405272 
511523 771481 216780 52349 750046 685158 761655 548350 174807 863738 466264 349204 762387 917548 77910 569840 67157 47826 705803 953320 
280239 125234 741827 988244 53011 453963 268748 262573 590209 284748 959784 162148 410746 675047 540642 471705 286449 30226 821121 458170 
926544 992919 610617 118757 407156 610802 417711 520292 304626 577200 987682 944778 648445 997678 568635 354869 22948 296385 446637 122323 
483561 251077 881326 134411 927297 865243 961567 702122 884333 176305 821156 946220 594135 594877 530612 401911 370825 975016 250237 146291 
346908 985710 536291 585464 234957 415456 623853 248928 268692 277250 84462 116856 920463 75007 793251 632940 469561 732332 716165 915968 
403805 739616 891648 415334 424198 656440 426912 558573 138889 568152 641963 63275 388930 871622 361556 438454 755545 116677 449847 830721 
820248 206487 835708 777194 289842 507369 505535 155442 365575 945911 693208 408659 401009 760660 667403 473151 551300 94294 3699 961373 
976671 79987 219950 36026 667261 773154 672800 966715 859611 417749 183765 588998 668231 451043 403230 875046 658693 883508 275812 216973 
114599 171057 14364 517015 762115 332072 768295 227691 26042 282960 610584 295025 382950 881947 845809 511084 730086 150669 957219 901938 
655183 543616 674081 916983 882968 259558 720737 262382 39562 684801 33597 390936 137470 353948 216799 215114 349712 291359 994117 199815 
830541 193134 852166 172304 615248 779101 945136 489093 219034 961841 372671 362866 692598 760239 554900 207973 887846 263006 786028 70647 
421684 481415 679099 683172 896249 637371 931991 732752 255918 682937 143943 446304 384512 670704 815204 298827 621635 921662 207940 397800 
801963 647392 713682 409729 217369 7795 876997 175027 257617 318076 672251 276766 14372 752527 343376 448383 292505 54957 796110 474057 
970388 554020 881152 651375 429835 59930 714054 864213 109450 561242 521758 383701 670383 159980 827440 139121 999859 712522 440359 908330 
787535 946214 544385 298684 131031 177073 708271 763450 507594 551454 981873 88383 227260 823579 268462 584749 479336 495018 493333 866285 
601515 357732 711095 916510 544350 773308 209211 527967 545482 100375 790214 731095 40436 572446 386837 606566 133489 339646 34083 327794 
713204 168746 612277 184340 202196 88516 645278 765232 601290 280920 953535 497897 974382 526647 425784 245952 368918 432501 36577 678481 
712457 260721 45395 275492 22622 299062 392289 952428 133334 211447 825499 401 216486 392678 324709 462916 76181 954996 948589 41641 
365964 180829 915740 777395 617318 915575 985944 548801 32214 523847 152318 128852 203753 341759 859472 871956 346856 893978 162071 842160 
831200 740338 167407 777641 242687 837128 379844 66594 527497 781512 500847 400461 389039 941307 21651 890290 972754 660629 936372 202466 
204426 739398 92370 849332 480394 424427 258701 701242 189594 435995 627948 911637 968903 719816 334967 446818 482967 895235 868567 110019 
26195 307829 404770 498994 817363 678122 556007 589441 141972 985793 438178 52396 343051 982123 268925 830002 884199 179342 409056 53638 
368902 328853 575794 581218 405880 384374 37086 562917 813657 319240 48107 608709 797077 510808 886315 522216 474396 783260 726053 97923 
602300 640056 61986 580245 212025 960760 170828 31673 721246 162676 764554 705779 734092 908398 845427 79442 639188 47897 565054 270875 
623364 730589 380847 583326 282986 484119 701589 445845 932970 2659 317751 877048 166550 480025 871979 589903 989691 99970 185763 881420 
899765 704430 622705 771087 496313 345062 329125 862277 52899 531929 259373 358766 125483 582259 834948 366935 992539 820926 615630 530911 
882932 97108 538113 237041 929056 629472 947183 280138 167501 920696 54788 521045 208340 651505 812686 770648 425692 738328 950653 246603 
191590 465814 187837 422231 806286 628618 393245 661237 404913 197560 338006 333460 192654 51147 189619 169394 819563 268198 393077 711184 
438797 730731 442588 290186 933434 8952 479408 983765 75426 259555 496668 982954 222765 44631 546384 831680 27553 984735 255902 289763 
233277 821088 8764 292665 679267 748866 681361 136796 697535 942317 955277 600621 991301 644476 689486 95586 686464 88984 824483 783632 
809244 219450 195653 506201 805790 343287 415660 103716 630361 200557 376113 273127 75646 931887 404021 715240 815559 190751 252870 329198 
963052 246405 17714 707814 198288 30733 936029 165475 838834 101010 574578 787710 465863 658503 371659 379152 88829 211881 520593 798226 
514751 134905 312561 945530 492753 527031 274836 30923 222507 233610 262413 486781 651498 17902 617015 782324 945704 64049 219059 330331 
899014 630824 776068 785145 766840 993558 280515 958196 311035 220645 822967 140849 994222 506347 623770 316136 866519 273599 745881 560025 
704288 750044 565538 264526 541309 240274 745970 596714 529607 178666 941172 493033 192794 385071 352598 336425 179349 758292 2618 691822 
108119 474720 953394 128334 785748 273742 997523 789243 208003 532376 307254 380943 50278 682631 134245 826684 431474 794363 935099 484333 
995346 351046 985103 622309 35165 495840 203544 534218 610675 234629 585503 409010 964022 752524 328956 207046 833747 813136 108366 529580 
665384 899318 809712 402641 42963 988489 106612 94068 282349 292505 7332 424727 242559 657177 377379 123115 757345 673251 618743 178443 
860620 913536 3751 444480 118851 588072 468554 347308 548107 586214 214112 846209 776992 216028 578336 591656 734990 125521 825367 769727 
739869 223472 732083 835874 293017 773239 24513 128821 117714 602397 419832 481427 412601 327578 627 38976 471940 912241 726912 359043 
398973 250207 737920 646224 61253 787336 161206 792065 914343 294599 844887 253239 106382 352909 108835 865418 328320 917809 52874 340135 
180695 74199 423968 782488 561184 48622 719404 801872 951548 594573 135793 716042 336248 707877 28195 355470 764646 477328 771697 408423 
276635 828978 944315 954016 488840 8357 240930 419871 665880 590973 607971 558305 585411 716091 28060 820894 792376 587165 707407 414094 
700721 96910 492559 191557 769512 476046 98243 334100 961331 198220 969434 49763 852504 657435 407861 557255 802682 641112 109627 628816 
42584 977178 727459 830277 92415 933700 127563 97624 792628 834951 51298 890141 517287 443481 82502 572243 562042 976591 620779 627678 
820079 291643 787236 781124 804542 929565 237698 201539 801728 471838 966527 204508 836258 441164 946426 597499 67825 713428 946996 405393 
754734 729421 651269 385197 140729 994896 12407 449984 480025 7799 946216 746491 36240 621378 297913 19206 976124 85139 947870 335556 
700910 405390 610146 100259 734563 805167 826731 245033 902194 579716 414911 183716 549781 524134 24470 100540 585568 501861 400095 78570 
423094 443978 366073 552988 478295 420377 867517 854420 79127 52518 444515 704772 135859 484742 673913 33886 868479 747519 471123 928058 
266746 23212 817348 694453 683309 549926 21385 752523 13364 840604 844883 101494 515032 287991 918853 44728 243645 582685 449122 127635 
386928 188213 355960 581703 999738 940290 476364 987670 984954 177378 234131 862805 524804 489918 122843 197364 482494 623956 666185 273614 
338494 648716 100733 733987 571540 321669 693053 563813 698258 312043 366500 46125 853936 389800 784620 515867 268381 13650 947010 903476 
947475 299660 450617 611204 584070 450851 808600 427567 251008 384973 219171 845202 220368 475039 661016 885390 691250 415248 194544 225526 
126763 323763 124850 949410 333656 533422 185586 543894 635754 104781 506390 859031 678212 214126 554196 664869 57485 57700 742814 97215 
70524 977859 627929 907654 275178 644815 60222 918892 165956 761204 786881 835938 270933 879472 703288 262127 953874 126181 143400 16631 
492111 926630 292478 458621 685063 559577 289998 154408 469826 866409 157646 310595 160666 181950 210822 405977 54183 740650 370173 198302 
575438 565574 53015 666688 155347 120807 295276 685458 28673 35045 320326 488324 724037 194109 169965 327376 899822 859908 449775 70517 
164734 478746 187655 436739 767693 302374 947741 114717 485761 698229 28032 879311 810160 604252 599722 541594 919913 607783 801182 193273 
206435 18407 405486 839521 531551 821700 243109 684019 228402 155496 886529 614043 959728 868396 209784 420903 229709 85939 362872 71273 
30766 184783 782631 683312 957376 242827 382948 535058 625534 728055 599946 50882 328873 727414 83749 62207 308282 595317 19665 120937 
796476 159051 797298 836382 238843 733428 753327 884730 818993 570945 693414 924508 972629 172899 762374 934535 979952 904684 328702 101823 
754014 569191 949437 288997 859341 908894 642785 379239 887141 960235 711107 248726 643954 38081 976476 244555 145584 641232 376517 560391 
411800 487476 370176 10017 390837 749533 986012 400878 206448 337475 564981 945039 284008 949123 196069 293396 792444 497350 111820 184493 
330513 310757 50099 131296 643111 195545 132918 490866 326077 210559 230354 192337 358467 537775 239467 369309 714868 282795 823828 481012 
634738 822428 130819 509859 810807 31800 518114 726951 732527 222663 652491 119545 141992 914790 962663 149364 591410 876572 52522 734928 
184813 22634 352323 377140 933527 668674 302555 857160 233965 929828 597843 149369 231422 304125 122719 430060 895657 80510 822058 30793 
575518 691739 340319 209213 29698 461731 843458 347040 696087 526335 778310 82241 151436 426729 319628 800426 922752 943850 206794 918145 
640813 449179 239255 669702 904806 669531 261192 676276 352838 715373 923145 483314 573872 176029 164309 92183 285979 976255 855581 339996 
115723 482331 928113 109423 933595 53817 96332 880924 32210 387426 184173 164410 973553 807158 366777 695181 218453 867664 747741 692622 
278129 963988 801823 671469 81830 961831 755994 792814 316117 779808 916342 159655 576537 842208 66994 588265 669059 857049 856851 502225 
39667 21832 699790 470790 467880 618421 877574 607632 949813 852354 762374 234035 471064 772500 811 975445 588574 189092 565309 131193 
514782 232858 418186 324987 615823 390494 267067 76780 424738 990098 729643 442584 200005 921153 845623 330638 895773 478583 893281 352247 
745581 777831 570360 938370 364599 101252 172435 854583 702845 563898 157999 686514 245573 47066 696070 78005 764634 30766 262702 613349 
84966 162834 363697 570307 353795 496312 156654 253599 720306 731665 632381 94248 794373 837781 850407 905817 284567 662005 144688 705158 
596039 834911 582689 335659 832841 56951 749957 724123 996753 772220 215449 484558 917997 866869 993613 964381 339535 367541 615231 553634 
134034 295442 526877 429686 845128 557351 508854 161035 200614 987925 845009 588145 37680 597526 945613 944439 814625 898926 680726 312000 
555808 160265 443757 674557 795028 466424 282132 579267 755074 141213 862899 883048 791827 438798 213394 801727 25613 903449 974923 319099 
756199 719039 646810 89097 606689 402801 419475 685914 24191 143280 658230 751700 538934 292292 625541 523493 157217 664216 285866 144466 
283875 435407 351054 130206 583122 806652 820054 686141 406841 32398 361450 326248 173713 2446 684917 681511 908218 785631 513022 315425 
394295 815750 280270 860517 649626 731920 1788 103686 16975 379150 528768 987007 412659 901749 53210 723418 368966 258688 156891 623800 
185557 813382 194950 91360 701536 550524 611828 624549 195514 955454 823776 906812 4653 254176 315237 41583 598783 453055 673374 328002 
3503 834966 183356 185156 741967 952371 754760 549607 708172 248563 205225 432105 640363 76499 427170 840260 223135 794261 804571 660913 
64526 532839 476499 860102 826757 175274 19328 99838 368310 891216 446883 735609 764541 517123 379183 755195 48252 700920 634466 156349 
688196 832814 631676 413006 728648 121426 251296 949671 842749 321870 673261 604282 98416 336292 59570 262548 869086 516230 536986 849996 
146286 195473 627083 802390 300368 451591 545352 851052 991161 241746 935180 861761 259392 373270 429753 664155 289120 470163 73494 796341 
812022 959665 491956 804381 132456 906717 238602 860435 566628 425356 972214 854975 743946 883921 377643 762939 871057 754161 493211 208105 
853673 455697 654922 234199 681692 410306 281598 797136 916718 552730 353981 877279 604348 279489 353473 620224 882708 799819 587411 729854 
480891 705107 796402 448089 450639 531640 556010 599722 827525 484332 134507 255795 31386 394669 634841 499389 85290 29285 541830 244206 
494502 5742 914139 342152 879318 622544 806885 596350 822572 440042 815584 276892 571329 938113 288110 365532 691496 314644 382435 112227 
886749 413845 14243 949525 185282 818342 610230 44405 231797 919607 302573 949950 819212 183900 526594 516142 962387 983084 914379 27065 
902352 42790 235904 715741 40616 588228 283419 241801 397398 503783 304600 324166 756001 143137 534752 830187 862227 531299 859512 319946 
113172 311646 458777 909583 181790 87168 167578 592157 647234 669084 212044 31921 380502 101304 187266 784238 159096 396125 716073 871060 
156424 762240 598490 893248 979632 671796 705991 174386 843593 686679 375368 396435 122438 745904 966577 405241 254418 456302 934141 488744 
436400 391419 399529 895350 113965 584873 625283 292703 750903 282582 535492 270259 993440 192385 483991 649285 50623 894240 715749 128202 
446417 125739 663742 17124 99256 325987 611142 322665 155292 46033 951831 701971 766008 351482 498428 844229 93593 981958 925349 815421 
119764 657740 422983 921638 928400 938522 917213 473381 512546 581448 259770 870063 770159 858845 804611 625022 736942 841150 859273 317095 
396336 611987 663237 998743 145277 239961 9507 487586 101853 797918 90281 614540 915461 446506 60189 780706 544822 460752 573776 885575 
707635 931674 835462 534010 467268 845675 96686 891026 421720 190531 43495 788389 952260 942175 142666 55412 465936 392290 952059 51670 
532678 412759 792581 67026 534476 629417 742067 502050 12405 758503 385804 291908 860976 613547 723264 377606 961024 281687 664058 767567 
110815 101895 528203 134002 751225 743918 823336 357084 635931 52380 294291 921420 208976 359809 594855 117340 807075 550288 57939 868032 
377706 462734 527738 344732 267286 931297 337958 473639 919229 448683 960676 930288 939867 215508 743886 289242 708699 625620 214521 385508 
229880 901456 646467 650918 32748 513473 833944 481411 113446 828163 502232 517301 55389 270932 808422 385397 990429 865217 839823 657907 
793322 481053 540930 725646 605268 434707 768937 709783 33497 923543 302221 439653 624944 93165 673672 189660 69287 708940 252308 957464 
953308 153957 992144 696761 390217 108554 373308 202632 927773 211224 603833 667158 224768 523048 218844 782073 320855 357623 283935 843420 
730829 440531 662939 857953 120111 419527 655588 204163 642087 501619 393861 829013 694581 408804 633123 910411 322265 715216 56435 91133 
315848 120779 529587 251229 633078 239427 895925 584513 173477 883736 890277 661538 149546 236497 583594 406821 62681 509772 898320 93765 
657825 492065 469001 442276 638711 483528 678115 488155 8294 413691 981962 296863 535071 780702 136395 198667 812234 550602 534249 889267 
264200 461329 89754 732192 508361 351509 787677 812860 78986 391351 287605 644597 197935 267782 357940 495234 548467 893046 463232 464982 
922499 14944 661917 298332 115688 137479 238869 998246 778098 144382 969894 83737 353714 407783 902310 261027 403554 913585 483936 650004 
629639 261165 688417 516647 345174 33810 682526 594702 409589 395278 785791 54313 283831 267723 866447 191559 207907 201057 330117 391689 
567801 183215 659163 204212 910773 342456 693222 820029 68623 531303 779733 278691 580307 666137 264119 459533 294874 560921 661047 350409 
591238 610132 940102 275740 316921 519614 237268 264151 763785 195451 151591 919283 529918 389830 746018 529909 644095 409753 350407 89324 
406285 743646 982134 697013 495701 785314 235981 196035 84329 949487 402401 332153 277653 840168 422008 766681 256776 352847 375872 307871 
530370 414720 671867 613470 350586 984657 108690 984492 345227 21599 274180 457864 992928 827202 945974 687256 179889 145981 976098 464747 
143341 763110 177093 909933 691280 750910 395329 525732 49308 410563 236805 53798 48026 521739 987730 135470 650862 935 424709 65832 
978913 556597 402092 932056 975852 317311 410928 525332 533423 97291 192333 158696 595610 144599 245074 666203 159311 775512 225783 632944 
186758 392545 559059 441575 337138 819331 934662 617240 838801 412869 749792 677262 397663 152792 684470 969892 10724 23209 264835 235949 
288745 698481 504744 422423 138991 307051 304761 968621 546494 839966 140090 773493 124481 711344 505908 550333 543346 44638 186283 906429 
216716 780286 611406 646486 326824 824912 539388 669458 848696 336533 985954 729905 995993 237621 973730 960188 44839 93266 998877 62949 
667032 20659 544608 645921 701861 676273 264406 977110 477613 915089 30263 958942 502756 159577 523095 731719 495931 998952 185185 931007 
866651 669612 458520 207769 884883 97961 371202 362894 883354 932308 59629 331309 3947 330565 852767 414627 809407 571800 117877 835308 
900861 49598 386440 892225 265690 55269 315202 566693 843506 945582 91159 179512 770903 881379 901889 270641 795420 305810 506270 809462 
854854 670901 25560 367318 593290 457263 996620 719632 254407 413058 308473 357143 2485 798803 828805 81130 399090 708617 942613 504480 
67261 116691 427023 507281 640256 98338 412959 726461 447034 702299 689349 885197 302452 727821 48953 181198 326405 271193 508344 757847 
530014 285832 245432 792276 118641 627818 917571 133278 536687 561535 735760 687088 488168 215143 499308 81217 389823 926054 336225 798492 
581809 385398 715829 885482 720626 597116 293350 185856 867778 135103 843291 783507 76009 744572 358411 630745 550071 143412 466173 821125 
250247 419441 193624 441576 206898 808120 154449 993912 863290 951839 17154 769617 586960 492782 986567 699844 356488 285567 90746 782041 
315774 255655 866307 116833 624281 626316 935611 98044 978843 302900 39272 625424 390405 204593 799329 678708 493056 528129 275371 957256 
399000 655962 600740 741213 167760 792672 27346 842378 358338 920794 456249 5466 443069 230027 916035 443026 114299 61821 312350 192240 
652779 873053 227499 697949 688584 522245 15872 632449 406268 391622 701975 985011 144371 906151 597378 219994 909697 833435 666622 903051 
489475 409502 895296 263851 271910 646742 759074 892311 872946 748146 409298 630456 634656 914703 913548 998808 159250 771163 942030 632076 
453262 721747 509849 272581 297548 680741 260222 893168 212210 912091 627976 847692 174396 123469 491527 846587 429853 673699 466420 381125 
45633 176521 268619 229987 661845 78017 928962 524899 871928 596081 224576 311186 473812 228399 31804 771221 718150 582612 68616 332295 
657419 595358 85362 586560 875392 335576 240445 164712 610540 901788 696983 722071 151663 708284 817452 737863 514496 495923 834136 130448 
680195 627061 135015 877138 391461 782047 812630 277705 6444 255514 509756 455021 795971 869167 925166 189902 182128 946956 735615 275860 
292587 303622 906070 513022 896997 953592 410194 256710 843256 244833 873854 706767 85638 889933 609391 798879 421809 295080 756028 421397 
857757 352520 982856 847190 999226 261139 652584 33028 911962 79393 290977 755864 485221 944710 662030 780005 100271 240703 124894 833164 
749519 172089 790016 492488 772817 66402 26127 889230 756430 997959 201008 222448 140987 634915 394608 427603 430129 132065 211757 260488 
894561 782965 134383 630244 857137 440069 676276 127222 934407 561802 952070 253035 309303 306231 513120 408983 364129 263436 462171 915759 
428866 30321 277100 524941 437381 851933 113446 994679 78623 455098 548106 23170 559900 194524 98013 6992 642088 413209 885870 841344 
660541 315457 807618 355579 234028 654762 888404 933046 566570 904591 88567 627000 336805 247778 122183 231397 214558 671789 107591 482976 
417146 383727 71605 537446 718373 944449 328187 559855 885940 323634 832069 755528 569879 106417 344421 588747 280952 243551 541823 532640 
215185 827001 412433 430705 736662 734517 927088 680649 950058 28902 410041 743951 673703 75939 263307 277968 65532 763597 697391 776555 
578973 240033 820584 781454 559748 71128 344278 790405 530027 897064 962461 11743 29813 268795 835186 660706 45087 62426 285396 421431 
339018 423020 933494 528068 125306 437335 522712 80503 631872 236133 334647 854650 912720 639692 618208 154012 826449 916100 897619 429306 
364793 621892 975101 135125 91272 251191 908551 336780 907802 484096 180650 863134 567706 777975 30068 550888 967415 422534 490214 438948 
966878 191600 583879 89082 288801 568070 776427 196538 444591 874215 539128 828749 368650 661829 410253 959092 620449 137783 753113 600419 
244578 379674 446379 443338 77392 248160 566782 38855 620874 419143 423441 297892 678387 379328 403871 395341 687302 523330 997194 145839 
721447 971129 652750 254533 534403 999971 163343 257154 316469 710566 480625 758581 725243 406727 861374 631277 358384 789458 310263 345910 
199285 269307 978203 850073 698650 872703 814229 771389 238280 125310 150687 169753 78902 49741 729334 492025 766173 799972 341360 554667 
45825 993879 658098 767837 523741 31604 688196 835469 379523 282084 787144 142872 430666 41956 634879 586411 999220 23384 870576 386935 
606267 912919 357125 445519 115857 936348 97325 14679 970303 302374 430448 648467 518129 414728 721177 801115 532714 208866 639285 537554 
133772 571470 388412 807724 206112 787608 983787 56332 829699 778128 156307 401804 792704 914558 430441 555956 876847 851459 565361 988228 
396767 69428 368959 740344 613505 809532 973640 326629 943169 840203 698805 375672 140964 99902 352627 892320 581795 657102 826190 210291 
668781 229753 680450 359909 978134 139973 416889 374970 959195 430333 286977 352564 486046 616129 386100 891057 528178 171805 789207 366459 
591744 601476 196882 247182 951593 639347 795842 990778 240229 606524 514593 549750 321856 230963 186210 956808 740454 520140 522015 486559 
850534 533996 504833 579182 961258 349730 288026 173167 46048 623181 895458 77691 946897 923097 993584 1645 388291 187214 694757 607775 
796915 781892 575900 785810 591815 767842 682231 172134 203563 284042 414732 357505 548030 245098 449547 69889 34758 629854 883840 802380 
972293 538896 552640 210380 254545 193434 611954 351803 481903 694987 92108 12705 147102 536428 354967 159043 400611 755812 44713 934374 
201778 6934 696291 859323 278387 262593 433130 917926 362193 464502 125689 540311 463399 463637 653002 566570 855736 382528 737638 249469 
175126 823388 260046 800518 285076 639773 330564 138571 460639 540299 750020 530628 247986 935919 922658 288500 859110 148340 205854 121091 
27000 773607 310226 236236 901100 561777 13623 103615 883057 526784 596058 149503 746605 955920 253543 76248 853305 507590 526815 312281 
460251 747243 985633 859727 227319 921261 827596 613862 229381 365486 751415 919228 299259 583373 861489 767508 769604 775994 167800 82630 
519459 924666 412176 768785 895303 916525 704147 943925 524567 98349 142792 625511 81037 871855 718099 792527 416224 112204 850033 147617 
566485 59812 164188 592709 421752 277212 748919 755818 121649 261785 547824 402755 174660 852547 436162 838465 523148 41313 239742 925518 
327456 299472 843569 72210 383376 707807 960875 842949 326150 91595 815198 136008 942593 402658 897169 612982 115298 659115 968321 596769 
235143 402413 458724 67919 124394 222006 241431 334825 679737 801910 468055 905672 445817 349048 133162 212665 149190 493010 715484 238906 
70021 466914 430928 722898 957111 24368 281953 940546 850592 745934 321857 319054 874570 355146 475876 478075 206593 925101 52086 327005 
57397 541925 673925 649744 396834 967858 958205 619734 850401 731236 19484 611685 294153 587407 29024 891068 51751 56531 311105 456610 
379282 241992 261022 738926 684668 937244 528870 547786 319723 996723 990580 411957 973625 277562 27560 527555 24957 195928 919094 423576 
844406 242354 929559 5003 668811 852425 809458 202077 25698 750340 509466 899998 855226 941411 378145 85874 998522 519545 930752 284248 
206805 949018 587752 879868 317402 693569 94561 670277 545695 961335 664845 976993 962500 778252 537286 929189 572549 762449 448159 321656 
514146 797769 221691 89932 867852 193720 565261 166055 652828 900314 165537 650283 843171 97113 668885 205985 358252 597865 58228 635608 
219990 292700 39937 769731 399962 450623 403317 621083 382149 474701 502204 711221 635085 716879 641114 72535 281693 507291 778208 150348 
746061 473061 35524 798308 718288 578210 60302 92331 552453 636029 519817 328120 421574 892347 539758 438891 387942 850610 340020 767549 
464228 449020 419706 560180 854367 329021 822089 551105 914168 923121 659741 211751 197649 207802 231591 677621 976965 198443 284516 457739 
970176 308851 406560 598472 961307 14062 984345 945840 581695 751330 465843 983276 20504 180306 443433 263439 808184 367804 542107 846766 
920601 589304 472691 471239 264133 430899 842460 970511 575197 411911 95600 931894 758810 230880 680340 125537 472344 841819 391088 969863 
630328 999974 127329 138521 196832 359408 140540 548687 620336 818455 277115 253994 173496 331469 470574 393516 514808 269940 500682 193555 
478567 184610 259569 298567 986824 997779 168415 538779 445064 348671 698037 490251 439721 109891 988508 870238 201143 514046 675729 265363 
350591 446488 263643 455292 808437 529373 643266 24035 584931 550783 902819 668031 808417 15641 230187 651457 548852 210105 675930 324153 
290891 513847 586117 230948 465559 306433 938835 302577 923293 471703 928303 964057 530983 668620 200544 443141 889681 836858 19141 833133 
684186 720914 833971 94335 839265 167496 431465 101344 671404 979672 418007 940130 225028 367112 282243 471693 135673 528234 812409 110741 
643038 988585 615000 314132 264392 463237 683761 900096 397778 205902 781962 614415 442701 255114 526549 947238 332518 218581 301036 895448 
782175 721292 467683 60067 39974 981302 984003 311410 166770 512782 514794 909433 426171 366263 125833 905332 200925 82526 151421 667768 
727153 635681 385232 224775 132509 52085 46834 306392 640813 518822 208369 938098 337835 292614 657663 575551 70806 109000 496143 86957 
298692 424402 272983 201531 996437 41411 100284 308402 377172 138108 150706 284412 173848 54808 945051 80536 24114 386311 764411 463917 
68129 934614 188658 999593 622431 952968 417883 53523 482769 302769 740386 621074 72363 491552 609019 745981 230577 716753 7400 27580 
123651 83860 907784 156532 460609 212246 36515 921164 984598 340465 866487 512235 923446 226938 232907 560065 160404 991968 692896 912649 
842868 572302 764562 148394 140003 525367 863573 877118 744668 803889 233074 825959 504722 493796 484498 312674 809439 843406 46944 481368 
802956 859603 778068 742468 690922 322739 998001 191896 698339 211027 137121 996930 891721 325575 518276 593836 750237 921541 5488 579928 
588839 377481 687495 620916 208941 352182 310057 163967 387551 522119 360566 852932 703594 946692 892318 354599 776540 230797 841530 684336 
1637 420079 276047 148277 774414 978188 156083 95880 940216 995907 497493 946726 841085 793261 388169 360635 210267 273369 60653 672598 
119758 75732 964036 269836 921916 961249 453966 807783 104325 361030 279921 583860 345337 590366 778936 6503 239027 990468 130749 931112 
659231 146198 741400 949247 809280 687942 426182 120977 594793 421955 918335 844165 693370 798841 597396 353765 84176 516779 511472 943954 
2290 29656 34591 979724 452015 22813 978393 565578 235787 927363 630183 382230 688207 827214 169699 737283 717583 739956 73552 617570 
932163 682861 567376 14768 107959 821007 774159 882218 74202 383022 218821 86288 534771 662830 804193 235726 99416 908242 686823 658618 
146044 976640 333108 28974 845463 372670 440409 212189 500989 342272 386303 303034 432 606506 150388 614155 208618 734831 130072 686874 
52781 817558 875181 127510 814834 220679 625906 18464 115544 824790 421966 193934 594842 764343 759102 82730 656528 173651 600357 330740 
843648 734235 528464 298318 756371 282041 222160 790393 623919 219221 377198 820215 674992 511879 688751 569006 970044 303666 368024 873335 
976577 364836 431683 176403 839257 985113 597309 428520 426596 575522 960226 889061 935416 496406 842361 175163 626100 770468 750560 109064 
442191 688281 714247 965450 539918 479556 282554 943161 229911 489496 703614 479052 333182 180218 498664 235162 723330 456452 693659 121374 
697278 678428 813385 534642 107414 937115 557884 155262 437858 828934 985310 209576 896306 853554 160880 916595 954541 916566 219155 847873 
188582 16009 194533 881006 494834 957727 348355 637625 592756 446891 717432 400879 273886 171606 17403 572843 333624 821524 739236 776958 
710351 409128 263811 702707 125340 893284 757797 905612 642708 161943 731075 325351 81994 142939 558970 974718 526380 963541 295374 296442 
442555 676753 254763 543509 422314 587423 321863 740357 117793 395952 635196 896360 643732 996432 715656 287676 941203 612075 828133 343249 
32753 875347 766527 928816 477103 121880 67871 136572 8672 246816 730830 915940 205733 690783 495230 985136 52922 442854 140536 806198 
93786 659717 839411 687959 785848 765400 878080 907728 317557 793026 438015 893643 41208 875139 886256 477432 564116 286733 49117 323311 
174153 367280 962674 135977 761920 367772 650085 159512 280024 118751 114024 270473 850264 860580 187820 317857 673699 940682 256007 622239 
741200 720774 247318 213066 262601 190760 716314 857302 887145 804523 857198 77522 37232 295372 922910 27395 55314 799853 268983 278377 
766915 8609 990433 441871 677540 162750 702447 266537 436869 903322 355999 853898 932227 226931 914097 459518 730296 406734 553277 65606 
145549 907864 434170 213495 552526 313150 150407 26925 586305 603222 600594 626047 726384 307172 137962 947144 646234 765845 614922 547987 
612528 769314 445615 256272 833006 117233 325601 639739 77363 449359 374319 347010 182416 823740 159045 123538 397694 589223 946133 242804 
304250 646650 775723 403982 848742 528787 847494 568855 806893 279850 558062 777067 43816 380692 52227 413427 921583 580059 485970 121921 
281934 342858 302349 695680 545241 714556 558862 794669 968870 320097 4689 673775 803858 52018 600582 510245 509109 966903 585730 199886 
382470 941691 424093 29355 588914 312542 849889 71903 100645 154752 388438 245277 511369 259035 282104 424776 874042 392111 423169 604728 
422512 94172 978958 500088 590014 661498 896105 553780 246118 455612 733117 532682 533650 861723 90478 965174 534377 995018 465566 430667 
368742 404248 705821 393081 588478 668815 580271 734609 910077 273301 83290 854040 194034 994635 9369 138934 726404 611564 678746 636260 
251803 914111 760535 227272 587809 30015 916877 208723 845152 797223 699887 531850 156840 361967 261185 460818 379114 920698 317476 332879 
678448 635154 838587 951917 326738 52478 430209 619697 197819 838565 812416 396858 245123 874624 307205 915146 477150 736706 643567 139728 
680948 933259 488236 388335 698698 511878 242513 938377 461895 802752 702790 163725 396608 419192 738098 31147 288070 311883 287966 229958 
246124 204330 832421 11751 938237 112500 362100 109250 656635 683493 748863 182557 990908 666545 308123 427759 521767 556540 456034 792561 
578874 500513 148512 117735 969087 519575 444918 475879 538781 827651 239217 586296 169338 16102 710167 349228 966265 539144 65047 141369 
146090 870980 764833 928010 566959 259766 526389 258304 130989 950621 936628 120786 12786 644041 574450 3713 779154 391563 853112 182457 
534933 848200 539452 522296 148371 645888 409872 851501 705804 667339 618145 320353 547391 92863 56200 967137 352246 941355 769597 321559 
6073 516362 89688 684270 522417 708221 507760 580244 937548 620719 119582 507520 394483 195486 153527 197131 60110 550942 295638 242578 
131359 399814 656657 447780 522510 827371 297875 442841 479259 773968 464225 825862 766405 327372 416655 470148 935528 507789 915774 199806 
344122 5324 433465 433977 912561 173494 228650 50003 357183 255805 561088 314824 223182 453542 133001 940182 248204 949764 323584 785331 
218723 211672 930367 203654 764188 319192 600611 965744 878610 394502 160868 325662 762588 337754 820916 230507 344611 213517 522543 54668 
225031 912991 673294 859170 798884 590130 663895 909468 964387 75605 102854 564287 576172 860749 199036 997526 611585 906823 166593 219745 
405739 200805 685753 630035 306601 274967 591676 860145 383148 303369 67147 308984 370643 405836 828336 971119 8157 700355 622964 593895 
692993 20294 34975 737839 938693 953245 782472 278017 448508 459710 18828 989658 716943 618721 631861 924573 958912 671471 262377 55694 
698377 948273 748698 378836 806187 967455 588359 973754 216936 632947 319925 195653 414241 364327 285737 131217 849624 10268 266321 238636 
190605 303250 399874 578624 23488 771627 648097 828096 984075 490890 243593 119149 216716 322055 903838 46169 651510 330384 625314 894633 
234340 816402 383283 612001 840467 554154 375087 476714 683905 681290 99022 747652 49335 648033 259837 21988 268588 831111 299823 794008 
608398 231477 729915 899486 418905 775749 312856 94123 192097 918028 513547 164010 240005 887148 589985 607425 799388 689226 262718 412544 
772864 137245 767730 101934 192594 386176 255143 276427 659975 841489 120958 974175 424821 513759 323142 828981 537678 345792 734383 843852 
889736 55502 160628 715295 208336 469229 306150 263477 574164 183631 274764 118999 643468 463877 674959 263225 656949 863326 252300 301433 
645470 605129 544348 207048 216732 264694 533876 621248 928930 650019 755455 265818 57334 536600 154588 159622 19518 909784 534490 144304 
968082 531751 977221 353893 786790 915028 665575 92959 190268 983159 525842 836258 708022 657662 796511 274589 475182 228253 952679 422912 
4384 268222 400764 678378 467328 585525 303904 132075 318682 667340 380166 769924 519544 439570 110422 156926 758615 392904 152922 369612 
168095 826923 409147 943940 221620 45655 654419 291862 627749 866882 539271 38117 386002 271334 876126 756271 186674 949780 749699 829373 
715003 607629 531340 732386 473815 51309 979693 866030 462161 392685 18491 32067 833859 501062 989671 448044 697155 272444 595743 265774 
652272 724932 266959 898015 938863 280741 574827 853777 780339 713953 995318 449331 154204 766175 659972 739827 137236 932708 510515 248367 
438953 422485 922607 697804 461005 538875 168730 782506 288095 219815 621692 418645 532519 34750 290791 163694 256211 544193 43113 669268 
100058 188790 50241 963433 591546 837218 376720 91425 395598 808822 501410 534049 379378 758445 134688 831416 857402 58520 395008 983446 
964963 743719 901970 997816 879387 637408 985134 115179 581869 133765 901185 676539 717520 349515 857069 268453 790406 911432 166859 146823 
318066 840638 843128 648636 826099 612899 382409 73227 741518 559916 338509 72670 870965 991862 638563 680253 971139 256980 770338 354312 
777892 89504 977937 690795 168102 513809 812137 456042 710496 908044 23001 113504 239495 101910 284188 321464 487377 943013 461697 339421 
574833 279623 128459 697178 996121 104163 259156 639116 767270 717239 936475 623830 727228 36076 526789 326119 351799 742556 983880 867645 
184174 424124 93141 274581 770963 558616 72569 380829 294607 498054 373879 408722 594868 773639 930499 786754 995340 979308 923373 455134 
307481 287298 145985 993055 40458 269632 576000 590176 943868 876531 429305 969630 603319 816268 306804 132968 528105 419431 962342 637859 
753242 434970 100849 711269 359717 631015 958863 103890 573235 750468 525358 322258 990599 774416 750731 902595 697487 627710 563285 53640 
871699 380425 364802 62647 959941 123342 723291 785872 713329 42390 588618 325268 362664 155413 292132 379292 148190 13977 997225 452614 
637550 168380 279107 798492 542144 793637 999772 326715 235789 967532 95305 557543 675423 767563 380777 760530 830089 788832 941406 429977 
915931 839724 973312 307614 506441 306493 117298 726774 461976 832419 745115 995264 45935 908192 498508 969966 656259 271602 654794 417450 
54646 493298 801723 295739 453499 183477 968401 118622 518909 131304 795746 260291 883540 916313 335570 254525 259444 691850 59691 159483 
325685 39593 842978 706017 428522 352929 989899 114549 838436 463867 514497 732848 604332 536663 834938 516611 325168 796019 46995 242231 
700436 305262 308699 968345 404740 90067 587395 711089 482285 236911 285398 280098 146225 5814 313280 632572 371231 69038 571881 560861 
633630 976716 652464 10054 59723 721543 31529 488917 186170 211401 222242 694812 78167 743127 991670 553635 544002 384058 182732 449753 
126403 602780 37988 966370 979276 932727 117720 447277 539004 244347 314870 26457 600465 535742 480516 994762 790723 545923 449189 246930 
66742 301848 609800 923854 421807 343369 788256 948681 984043 483258 639615 320310 126316 180872 416189 488088 686478 491125 890749 452867 
58496 205216 144207 249824 353109 468579 337871 463052 161128 7608 156801 982734 728401 350098 551193 299750 209229 477875 810286 250912 
58675 782773 261233 281581 820261 104071 869768 913786 703169 52054 594366 61811 286523 320160 810822 250197 425861 442838 841461 579430 
719303 208742 387404 733314 925150 866272 745977 639243 112242 545097 396387 459311 677347 468294 549503 258150 981416 385209 543928 218251 
530490 85698 496939 948205 121344 327796 886839 436316 480109 291493 857848 698336 394415 544942 344453 62965 928681 438851 581998 735613 
506933 17724 202816 498027 484309 820974 910521 631661 66510 522193 249556 841472 991276 204356 803494 860757 775574 194503 396084 149699 
281722 337825 326428 678060 422508 829023 656363 245552 600434 459444 539823 544407 883246 858541 199254 894595 498708 967657 857547 122068 
747503 846542 21394 553334 350697 335993 688297 335705 720872 737093 6181 471477 892456 275596 54145 74764 89687 465584 560906 9232 
449117 168505 924933 100365 538836 464481 823779 658402 581807 998446 488737 560835 254180 687617 81240 86321 361126 196614 60299 981415 
808111 359681 680590 220040 197835 535272 202529 517536 234839 519739 708504 279982 955246 928779 531554 282699 298620 117828 303331 341335 
99414 16998 549439 392478 90914 820229 254541 985105 278401 407332 296926 555687 999894 192086 308332 362913 738088 830921 118245 672927 
123829 196678 119451 617302 213939 228364 144294 497811 521019 51120 66639 972717 750930 881372 952835 361460 948068 441604 318954 768154 
599883 202299 676183 850033 251694 547083 171775 708311 286766 280491 898293 294758 340986 950435 417284 430178 112937 968116 704916 84992 
766624 648491 374616 834695 703600 186986 693573 384262 669262 854874 800957 309509 604990 228649 714343 900865 835538 280178 688341 249286 
504010 416455 519687 966634 17778 243954 447303 209242 242446 135820 455805 73217 253324 283533 950581 666971 149753 577722 170145 742391 
180742 496978 172310 100097 958285 302181 935480 886376 141931 761920 264363 701852 650715 548982 792939 43298 635663 49609 40284 710913 
813063 363179 19062 790841 600119 666717 418774 951825 710495 158342 858750 533988 904201 928057 504396 984791 300179 963216 816458 726474 
668644 87058 674736 729355 94891 218955 319935 708578 98669 573007 23270 699028 879758 293709 83957 410901 172114 876563 833369 686293 
281732 962657 588281 854259 989826 45424 894561 467167 550480 905199 335148 985750 168587 272771 781470 513032 706236 808217 764049 182667 
10729 110845 700448 385063 74714 106032 552104 973143 750977 825498 629875 293208 315056 912367 519045 171421 808593 170213 801616 628980 
117902 135557 736839 875209 804393 593181 628189 534520 700460 433875 778307 160435 457401 69073 727490 577074 439196 266130 943513 276386 
120075 94670 131960 854975 440567 822933 852749 286183 550038 693747 696458 913677 230339 905051 549572 923498 206802 819663 535399 608763 
706674 503508 937718 777816 878743 486551 260664 54090 205381 468259 144180 378885 349662 802160 384002 924625 438250 893279 610082 110006 
786326 387275 315354 380075 725399 482652 280617 720415 274913 585630 416564 953153 537226 817215 276574 295407 222671 644682 358811 925939 
213485 59002 496315 129755 438899 589621 350759 774424 314638 655699 333737 380906 787305 378878 188611 773529 146313 619040 330469 903541 
111885 825971 225518 53348 47856 552964 861174 843056 638286 903005 192606 255127 937187 719387 530961 201195 664947 159057 922358 606647 
819535 951004 258515 697411 339746 959879 8702 141714 585267 4904 75755 648594 268160 641947 455327 671115 83137 895942 230183 403736 
82452 35225 464173 437571 618917 152197 306464 482723 672181 48720 465847 722291 83803 619712 930843 591981 283816 588542 59550 811939 
409372 261831 258648 710692 49280 525168 81483 313872 792614 353241 955524 632722 500926 150647 324783 756632 502842 817522 460617 420806 
892718 282834 810559 689542 750623 603836 788413 752949 374120 777704 54302 201574 378315 521855 420039 844246 661458 742366 985479 885334 
666039 381846 81936 76056 670021 71493 361225 491849 979689 64028 124711 994724 158869 602354 143563 417520 28776 455248 925606 165824 
918659 654977 593911 997152 304794 337814 736122 385588 636517 238064 868085 232997 142913 742152 745968 949232 28455 841858 566548 936988 
626757 686008 756590 192780 308470 398976 175476 762181 161102 549042 338625 802016 493729 507837 149394 488717 23280 303980 657813 791717 
841634 532566 410301 727971 295140 138075 200481 138638 380558 145043 163074 657524 806180 388278 634573 904937 785920 890780 176012 155814 
18387 619664 396545 719197 26963 849395 743091 839938 955418 695088 762510 460205 529258 69554 142988 612982 794023 985159 713329 451625 
549873 105656 872358 629529 772075 326433 398773 649061 882112 48091 121301 919944 778911 17049 212774 64316 698181 584913 660870 974685 
869017 994747 570472 498043 696686 199733 478634 500601 511414 87584 490963 637182 349624 193901 343681 540712 182034 692104 579901 790266 
684384 306375 918843 80408 660576 625217 350779 38647 747151 981210 124402 622210 707802 797557 512913 994014 457741 744788 679946 595977 
717435 409465 781954 26954 907819 738674 12390 951471 602104 180203 538557 28662 981117 808751 639773 289251 385283 572934 475005 730875 
227134 1527 391975 701441 252567 908136 587082 293371 412461 201449 439241 61754 136818 723418 753025 31830 784548 515370 75140 480161 
119312 742240 879157 185797 25696 527957 233810 381891 735143 582179 106959 652279 124294 890271 184662 825752 990763 278038 60908 29397 
475554 358128 282615 209173 540744 125292 954886 65351 583573 716024 611344 550949 555249 928522 447157 123385 953304 62066 893206 400629 
997511 883159 577128 489230 891725 164579 115854 642621 184609 916283 666527 861222 787785 853930 94019 471801 981141 464015 671733 205900 
928025 155436 716392 63959 427010 454335 768152 335165 958686 788345 818710 176032 574530 225098 316760 642982 387309 516248 667320 183017 
914454 97935 949721 432847 736664 695249 423976 795880 676170 781575 66448 970252 724166 542842 746072 993737 909338 262831 427235 572561 
863081 507121 206252 447918 405467 814603 312683 558310 683108 755249 601891 626688 101827 216188 59137 180819 938316 615818 9336 199159 
652106 876590 885751 9472 260599 846800 2887 659017 389179 629689 525844 265371 958355 378175 104566 697506 388663 39067 432908 828481 
659540 638818 300605 642834 42667 221405 759376 225069 77623 203976 678179 497628 553114 856205 621297 485777 821193 91521 247941 466149 
518674 787638 636334 245607 7153 409420 102269 568305 775521 290536 436017 872487 431343 234523 823042 255153 835062 100036 306254 512215 
564649 559124 552006 817112 416402 77786 214954 988499 997070 120892 777606 633725 259266 356249 840496 505463 69238 429158 826148 969439 
292918 172718 320699 528232 263020 191830 762203 216749 401049 712221 283078 994972 464459 145296 655565 976628 705089 975047 999120 454381 
7183 18388 461358 189510 322407 585426 729467 12896 547171 792023 29222 161426 277883 939868 15831 964069 247584 276785 314118 401040 
63474 820530 154992 311774 771527 904378 96263 432296 230306 246547 579671 548387 184282 505022 688539 109606 76186 969765 944540 825915 
747944 714257 39714 889253 888899 913189 261611 605255 167747 744636 724128 261514 666958 867870 859142 54776 381180 78302 305180 739736 
625525 328334 285214 384910 740919 138136 673530 225945 649951 836749 805546 242337 212936 373795 620032 758818 93992 706060 67651 611464 
396530 723721 18000 969664 730602 170408 135226 104699 138896 63322 700855 611160 322654 838623 660675 132802 754942 608799 368261 963539 
239864 895725 266705 804344 519379 674111 428524 726437 409095 698408 467526 96864 400809 902345 861042 551975 763132 266646 890479 25269 
902151 449222 25785 621479 453477 298525 988034 22765 359124 982343 328006 334180 163614 710389 178007 939131 468410 831854 730281 740356 
545356 904082 780981 261649 498002 203278 604588 3850 425252 375624 22706 89989 248238 701786 589425 601875 95243 359053 685959 270948 
571842 801640 737660 882232 224404 443482 603977 877434 118029 20331 811291 146463 588555 218667 848534 76254 113930 755250 83232 947700 
741664 252869 572927 839925 689818 201331 510268 987856 473528 938519 748400 943454 755281 218874 555228 581666 761613 683154 705900 242236 
257664 683675 966015 156203 191138 814055 737488 184962 843264 410713 305380 309338 899215 603155 855496 432234 942840 893293 691899 6341 
249641 301133 689848 688705 336585 108778 326205 911962 898638 208323 314200 517033 140754 818861 84689 879125 382892 24444 121594 663813 
385187 850636 711679 794431 500235 745544 821685 529904 235040 99129 117387 307920 118355 464821 917675 153771 119753 511897 829516 197584 
813370 746291 165230 107098 40259 245277 367124 535351 736091 515806 139555 645633 402690 780684 937756 545125 525882 504001 264418 808306 
21211 572940 930846 193749 680104 188110 958776 776178 191481 307512 964891 364977 769702 382933 844585 186152 511313 209393 80552 134776 
547687 571121 837186 25711 845841 695199 662454 382983 595572 780851 83114 556390 543508 732505 52656 434841 766616 17839 147301 810258 
746969 374522 382161 526420 955214 700496 104766 715118 141681 515277 528518 850242 66510 209193 563431 197568 384905 149315 379153 247065 
166073 215330 479420 308748 757725 117485 852624 45482 215920 212644 374233 537834 752464 554810 664599 607238 952305 997848 774889 700310 
833410 556722 174745 5278 699864 932087 40278 394789 529030 670648 665247 490274 544499 203442 131798 404850 188497 366597 837750 455732 
717362 374603 445056 473580 366815 440822 544079 816049 690468 841170 933677 33186 856296 661459 945374 194680 884076 851789 709678 696276 
782898 415467 305525 961057 948029 255131 160794 680475 996377 91269 656627 452187 961665 532717 109432 568143 713029 398918 184732 296659 
874207 857410 277871 822640 740829 534868 345671 675615 142380 947569 802601 717245 885261 500158 759135 20356 456541 12306 840544 883211 
177941 860010 322589 604916 218891 747483 997 530210 286331 72067 593964 494575 674623 723326 831931 21784 296517 728396 314056 99610 
699406 345915 112175 511698 286100 227320 248894 224342 514871 398429 745755 316307 438315 455499 747020 536656 608811 727523 876 392823 
995923 707561 667562 527224 260522 945622 38308 454106 718643 974219 187880 862154 864348 119221 605382 364921 8745 702258 275278 205759 
77335 5928 420815 423761 851349 726694 369670 272721 322556 3214 682029 348185 93367 463685 955937 839672 741771 737095 744252 967789 
431422 774194 350036 466048 223227 138316 660839 137947 560019 583305 426461 884621 865693 458616 795697 427464 883872 11705 980702 544349 
564223 4557 774057 723737 902707 49109 899236 302534 395364 819813 855162 776685 988579 992394 304939 605287 463920 612783 466900 136284 
595220 158606 940241 673334 706868 317556 579439 890482 120464 592557 710478 743424 329733 166101 267034 553218 339922 486076 716243 939323 
85008 663531 380081 911083 624783 34026 195335 537836 893106 949195 932872 102414 288591 933277 643802 778118 551321 633359 596033 827332 
814867 59502 589530 133459 435834 308571 496110 896260 90698 312593 718114 113972 302422 609067 890280 267466 614997 538740 676343 403042 
929813 155056 332463 929769 921887 754331 787751 667851 577979 597144 491828 488725 240517 589080 814364 649246 755263 180336 872285 728629 
958053 152397 489716 387639 417264 239064 224636 731732 855660 805241 317189 229718 517922 765096 654972 80321 221405 615145 892550 526984 
962066 2339 805571 713165 302888 913816 272914 80219 397361 14362 203685 57973 635966 252174 115034 487411 39915 41501 216389 865262 
987536 673520 14116 607960 798827 89171 486027 799078 963233 109419 151267 431948 236802 824044 419063 695459 456724 266260 229382 774114 
686106 492917 951699 421077 145135 945607 824214 677148 364704 834193 862880 413858 997147 353742 678049 326126 188635 948185 577829 82234 
298321 952833 51630 642284 848002 288400 254701 191071 111428 886552 543718 84111 134530 784959 782740 30754 995655 812720 239926 455752 
500219 642117 653129 664098 745877 67216 891408 221610 347672 641879 712281 609061 523545 728414 400549 818644 866654 582312 981812 178962 
47424 832230 387966 402137 633147 204839 371768 512718 963652 877133 906479 762958 387796 442932 556907 697431 450917 528477 132547 400000 
396564 930367 68072 700864 810031 553128 361277 248039 504599 251357 401373 683245 895470 348582 718230 261346 995848 712327 505953 356753 
706475 80974 429132 934664 929546 10885 147166 30187 484706 584996 995567 617141 686556 982702 78062 679907 423031 317617 85197 64217 
345383 419394 101215 664328 306071 698736 75923 16466 261191 244758 386300 857673 418768 246628 294369 495327 169074 345860 702595 288495 
598920 60799 959300 650577 512858 288785 231450 833554 411740 755696 796943 900418 844895 27525 155857 749956 858075 34196 113588 802665 
640159 985270 124890 988473 999683 467737 233472 211241 37869 731484 700678 123319 63367 358497 394457 829643 669397 976070 871160 373849 
455535 687606 738019 184529 49659 483897 295275 415611 430117 476190 308434 827136 10147 854429 849505 317973 151085 465465 413532 811536 
699472 905740 755124 134891 868415 750098 792463 283079 963505 803917 114406 463682 466972 759937 475173 787688 328490 27218 304101 984557 
356396 791098 102566 533466 469065 114456 285663 740362 548948 566851 427617 295097 239097 137606 162938 35068 743460 636135 671046 686774 
958842 514600 291018 433997 133333 489199 376499 395294 122205 697918 958021 371722 808764 972020 391237 399751 343568 909631 966687 586745 
711798 142246 956633 51018 865572 621840 969984 304559 71760 48334 543273 222545 718089 637519 276269 834254 361785 440225 33230 867990 
586121 857312 385730 266204 289076 239180 621764 726490 100028 687398 402610 306194 966996 81166 620559 317897 897653 985686 537712 574971 
749238 853727 332973 772990 435416 977003 712491 68015 109430 579618 235517 275124 908547 827094 326850 621158 510046 957364 386314 214579 
147720 633597 307414 15918 647429 369532 198132 987712 924778 319347 493612 666988 580633 361626 220638 753636 241304 100028 391090 787825 
173686 380452 697768 502394 487205 257256 699111 664749 273507 662186 492072 41508 698798 987559 368061 859211 836961 464038 148379 271906 
706000 494893 58152 132307 585582 996891 165853 593093 778712 474041 607996 841144 706673 851771 504089 375061 130155 573106 796982 166250 
806487 763175 664043 43212 157172 336367 435719 399366 707784 497460 617536 759135 456916 186892 164387 65492 18399 433751 606938 530826 
60032 51323 265595 197955 297166 429078 102679 504437 985973 397321 639674 634238 645393 651309 315451 887514 738458 137759 747682 292425 
28487 365856 690722 941297 716867 305618 448285 515418 878279 536446 745581 681005 873385 133328 878834 164731 551233 310071 853755 511124 
120006 414711 394892 975136 110758 908347 991308 418837 855961 668339 913068 5553 969239 610930 297844 662184 228920 682968 671119 539092 
522077 266396 287586 583458 693137 254310 121979 453996 911266 80878 613879 615737 877859 540473 128239 770361 195117 910127 123391 763793 
546850 835975 529691 591485 725618 127092 865834 466123 348536 108552 103885 905985 767825 667286 33674 408829 638019 471489 658882 37228 
971920 722141 419648 121627 881189 584871 643781 61827 523051 824911 225843 396601 834839 849274 493772 609132 661448 255649 491447 842770 
729637 536951 240676 970961 151091 981043 281873 384952 258981 111641 60791 783483 960442 323718 992236 164204 893417 947543 33830 7194 
254785 566280 268015 1034 382615 500861 677380 62975 915861 695864 74001 679089 534929 215357 598313 50469 671962 144351 796002 864113 
435767 997906 274033 206712 868658 437409 153305 721902 480214 507657 377089 801519 485471 432377 414309 276120 212161 555407 908465 576025 
875123 141078 519694 439209 993321 879109 964237 620079 994071 865076 20074 478425 682780 172612 878733 646350 867436 196354 862856 447665 
592216 212894 235793 805878 82486 835912 976889 329666 354348 935065 48822 982294 665157 743233 674473 151887 45869 154009 686487 195091 
858489 368656 839453 443971 989983 318557 873316 265250 346706 676759 69628 874663 570387 789050 996536 438115 566476 364086 141266 456304 
81806 942113 321418 110372 675752 229391 146673 797514 663335 551668 470486 845722 788738 20147 462115 267107 755772 676703 585865 879315 
592477 628097 789052 532244 465842 819584 356094 893528 379370 621256 982784 697659 621186 446671 716391 26449 971895 243557 457958 932007 
856842 292897 92805 535795 127803 982857 230827 159506 164933 847013 923420 266167 754370 761398 134390 287923 299515 115986 825526 970325 
308996 613524 211684 552515 963325 855640 326449 526920 112451 440623 923285 447200 729144 696375 345820 916464 981284 426189 434985 298440 
957208 299161 606459 229439 63712 448578 679516 853081 863502 414136 11206 264775 769801 351143 955451 236906 582628 739984 167482 685137 
52476 936782 269184 367423 794411 121472 138210 676796 30521 226602 669485 14868 460133 235743 440307 868643 233985 453776 626727 782088 
464922 206475 615552 651287 486196 992451 944597 80061 831385 216033 813784 763633 730299 704952 527460 882465 905829 652594 974113 934873 
742847 507297 337298 436968 108169 214298 323126 993091 972824 476362 422376 623561 392004 47385 892570 522558 374920 624756 718474 74722 
987680 558430 844618 495197 662026 456633 239657 943742 750890 304474 88942 474716 658756 427330 291002 458592 680479 394555 116912 872466 
388026 502802 491336 26054 284284 480673 405396 355181 773279 64922 317548 258935 403974 551306 433651 264973 911289 316357 312650 715951 
711396 39489 667634 178284 135475 336971 702908 783965 96502 268299 250252 329109 158021 524414 284481 223852 997181 374470 928669 26219 
606041 696131 932618 226727 55288 412340 262740 574168 353566 606560 355345 234381 421877 500840 973233 326920 805281 155525 333562 931735 
501480 153483 409481 904738 63777 95727 875801 852562 989162 833342 634908 264593 764441 698530 686118 25023 742773 618177 510325 794549 
107257 372358 704631 99617 466930 87810 110378 310211 114314 705410 576040 616875 347218 186305 484763 766270 386484 348940 97727 929112 
180293 353449 258054 912118 787274 852823 658486 407517 231225 726870 676330 836745 796210 274482 59727 484756 548243 369497 335906 548575 
533049 557440 944773 100822 317642 740328 859887 105043 144276 853779 592017 396149 397132 337457 427605 390359 277461 857684 786899 10043 
251119 287397 352540 39778 539561 501506 783321 832289 861440 821378 144889 650873 725216 925611 365159 743256 434506 413257 549473 651632 
46085 259456 262145 38563 937165 64727 814454 243283 579889 769355 867519 932511 488287 575954 185676 183693 690778 307730 171319 540777 
613325 744733 416337 86854 760200 444836 322196 817876 361992 630855 164302 830216 605415 9112 543151 602552 895416 649528 887427 690311 
737122 469925 486386 315927 386728 672019 231860 243200 67235 702328 810582 74248 507440 153404 978664 769124 831801 26432 849798 818371 
521962 513690 595188 779112 835005 551443 829895 671324 536610 561810 813597 997158 653244 204913 728592 526077 303382 795092 446177 251647 
73524 884029 387695 687566 534737 93861 463504 234389 62084 763025 378897 755835 359453 198440 948707 143486 785345 220388 390065 481072 
938559 134618 911981 945264 256375 825944 404908 588484 99056 804775 152742 561392 8132 790274 154985 449265 690590 181803 557220 782865 
903026 247294 169628 293427 146920 294832 268319 843070 524375 562814 211515 525606 498228 174300 322827 402512 657771 959103 480411 155917 
444225 841607 977196 224052 791043 109207 52817 159484 378389 293078 290086 14750 404819 72768 84961 976584 587270 205438 580503 800506 
471802 643725 944999 202576 524358 766286 848174 765826 610622 933308 341387 91450 581102 441121 152531 265503 647992 387234 142458 434086 
454695 216956 265511 917899 69810 344671 253076 648765 45036 955450 578070 411454 27924 38403 289956 756453 647569 929859 844873 621680 
650428 808993 737929 523094 146284 991386 402923 946385 214875 849509 951431 390804 677225 930121 480162 927243 26020 604446 86479 39046 
82011 576970 618952 930755 89381 555649 759548 871467 681255 801326 475632 765012 793096 567404 114264 33322 428895 256288 931380 59563 
745612 395030 830075 522556 842946 600809 609060 930953 258858 902854 707618 628337 386572 589029 443033 893407 13815 653644 255293 410656 
648551 529276 913942 330143 292954 927967 860689 351417 98591 818245 282332 351377 381444 316275 189544 199715 429947 637260 314866 28518 
124223 327927 496901 363433 720211 454361 940404 125601 139740 69627 17697 234242 866879 54693 287252 920242 980677 567125 559543 73187 
497524 380141 817922 745253 445124 983917 218363 626480 520251 608685 851430 308695 519465 74637 720714 314364 310497 748571 550774 566396 
469646 699302 753978 191126 270544 320721 334507 492830 164300 263325 832207 994661 629973 581981 422657 523514 975495 163279 699887 762892 
764724 250012 595107 502417 234123 541362 856898 134987 764139 488692 430675 210257 721586 248453 200326 189097 529135 760410 145097 343955 
159484 231093 338177 5468 836576 497778 583582 632213 904386 820075 909617 296535 979595 476673 746242 283063 667651 834426 8147 557524 
704514 844549 21119 688747 478114 272386 139554 146366 479431 715725 16113 594404 833796 110235 124584 850647 628873 144875 670864 707871 
485127 275822 533409 904888 587413 619234 588047 524933 63147 168156 454301 77845 209975 56190 732647 512720 301468 261361 676825 208822 
574736 528925 347959 674258 144701 12261 599244 390560 20081 205380 867852 868691 229134 458585 462025 754253 135944 194314 303885 677531 
108815 896244 1962 772343 131213 414094 579217 988497 362549 355798 626153 363102 348 354316 659952 524856 921540 289971 269824 898887 
724442 512957 172123 717866 597840 572827 29327 209076 117777 659085 737803 974703 550618 741168 601823 263511 724942 611291 32060 345016 
665902 659083 532753 480129 242238 447750 27020 925 135032 690877 846108 738573 920752 962451 16643 529626 638418 64535 771866 384805 
135582 540183 664473 501366 437740 722337 848346 527057 568619 49443 287874 288120 144115 169021 425047 564352 186683 892953 832646 493083 
742503 676290 217317 306330 788757 34786 742633 82088 660891 210144 520460 369291 15779 951800 805367 111290 591599 421449 888269 374849 
153936 742363 957428 320963 324581 809101 160814 919680 696392 359532 881634 565050 712282 724524 680477 663460 957997 811583 723228 418166 
466411 342440 88717 378505 376924 356853 372398 340780 195865 886741 217737 148585 88115 787610 641156 660686 651860 643070 60543 827217 
645011 756644 506752 544703 26705 550362 141659 8159 142196 935469 288422 378979 451448 192747 517744 884724 679004 638671 592112 922756 
38904 442474 187418 97781 995587 997847 900253 379237 817104 904737 139187 46929 666839 44369 629219 397798 532760 11995 984160 429273 
623752 179662 218005 616001 651291 736729 546998 115244 213577 529316 490552 800374 477899 778080 458506 899384 943661 830314 428036 466426 
77723 67119 534473 320103 416566 583281 978805 69063 531375 488242 508774 7715 146705 763898 818153 413695 961680 216494 710026 21188 
360440 29414 392600 910721 800789 439640 801130 627072 93903 533786 850565 760642 15186 352917 143156 868542 937093 872994 140578 165154 
159273 444647 621983 475930 15862 790581 599269 796813 135809 13871 426688 607923 954155 120589 320438 383404 121410 117723 758905 855244 
117466 582431 641833 65447 957105 278606 442744 341572 348197 494055 689573 483308 466372 840858 456073 754628 880824 203348 811124 814244 
330658 296537 938946 613042 3111 811009 578306 954375 743612 58562 266380 890259 724679 163208 947996 867801 849965 421889 701636 914559 
36888 190141 23217 70954 983365 697807 268975 268365 299911 180935 779921 420918 527869 98507 778491 773724 472035 655429 565320 792250 
296340 176857 560231 630725 351105 415731 477012 831544 700878 51354 578979 673494 857977 466572 644240 361308 51303 978691 877023 866775 
518035 532298 67401 31710 505788 813263 51973 187786 941860 955061 982657 136825 102438 553308 721581 271199 895579 646853 635372 455698 
618324 470786 27879 207993 724146 69314 507022 628981 449249 622426 145256 38873 485977 739764 465601 374366 755180 117427 73249 209483 
77659 982096 193797 735112 5447 810620 13754 722965 378383 826645 151201 381924 986774 80942 613586 233704 367255 968135 491499 381429 
849456 439382 497314 694213 554446 905695 61787 299484 422395 581602 186992 201664 653125 182783 474782 21949 254696 937034 655706 168846 
251236 648762 837467 240211 897701 15903 965493 588934 980379 285432 93575 734802 847062 470223 875125 488322 702677 173362 837340 121287 
466037 620572 85619 651460 225508 595971 702076 252572 209002 273115 640397 56793 971708 642802 238598 404051 382403 580480 338744 43619 
761231 891178 214151 175238 823536 865284 686527 537661 923826 511051 310324 95790 112071 121200 339805 449501 805687 567387 323006 27379 
974610 798814 886676 845362 996595 373914 909000 180267 108180 117801 423473 634947 680489 227257 904693 692937 501642 54472 714324 700770 
868276 481943 957232 224566 188454 395838 939476 61441 919351 824540 8592 568752 776371 429269 624815 231678 565303 88724 70990 32309 
555023 348494 881291 637452 664380 405886 184452 525223 787471 914164 929036 474174 683401 245915 684904 298151 905265 553071 654304 312582 
731905 745237 813814 253801 659665 935686 772428 551678 189213 649238 206486 142216 464663 96598 339975 703355 961361 242116 683201 393922 
113222 469280 28341 401416 311879 575055 381232 65422 572464 665913 785256 832402 413429 500616 918356 920480 234662 536413 547122 169538 
709396 986358 746802 696158 264191 721620 563802 210112 181539 699903 80476 254354 781854 729913 860059 407978 356596 948834 216526 597482 
221521 209605 138935 427298 858519 951442 288846 594474 41489 207192 280785 165301 282368 250761 315268 390100 737405 220723 809638 194865 
194940 805788 792925 533744 155049 608105 706903 112135 391979 649013 943398 165893 16441 724857 950661 8007 457558 827516 120011 238790 
460735 357335 347360 484108 888753 755352 486359 587694 373149 857955 509056 245672 995777 640264 992133 24512 244552 400639 695535 459458 
475223 477472 165453 731875 44492 892618 850320 170771 483163 932123 280854 928001 565888 300246 6335 317959 499451 183676 404372 310007 
398103 724621 745573 777130 582013 90173 372841 523360 639019 191871 932646 212236 102228 240837 334432 47485 506102 307645 109386 906744 
938653 167419 701346 763140 292891 404803 937285 269949 673405 400675 517638 635633 376388 311974 722259 408760 845931 360240 28392 802608 
829726 109927 224383 527376 198953 527483 773581 903451 18801 236232 317089 102924 68766 247771 549205 901430 945657 938982 326661 85783 
906289 442200 10091 875692 541123 887462 147034 524661 989695 197848 307047 722822 429009 675688 312821 111943 311902 437717 573285 185827 
250260 278038 701609 477302 420771 528710 267788 482836 915731 228046 927036 115957 137064 250494 977174 730131 905092 207171 904790 644899 
584386 25182 537108 396483 708403 333920 573529 543123 983341 297134 447245 71655 785606 914087 742385 896467 906278 552790 454824 483883 
284239 903374 877671 877065 951563 910824 572987 514473 63119 910529 755340 285886 928517 355606 494831 671553 399112 132080 661919 39203 
943741 786717 222216 717382 547991 528923 922427 482290 144285 627129 97870 136858 800599 701867 99598 499797 584478 938565 65009 62161 
324439 830641 28025 320463 569885 482443 46074 940161 897928 917791 692459 123472 514412 871635 986657 616682 413181 256152 814144 281605 
443662 910699 303856 724470 521649 111261 152235 654673 264 404207 91143 573979 578047 537787 513563 468968 147148 380148 905104 401535 
169553 226835 38059 214932 626988 467319 819396 730868 476787 644153 61474 269344 368938 521683 431509 909569 346704 409663 176103 895401 
152434 402601 491543 482007 378036 737281 444023 855694 696616 417096 252127 411708 553101 101634 153164 446945 291859 201797 42110 780686 
295747 962474 557835 802991 659946 787265 314311 601898 194395 86759 85048 474086 607013 479469 974653 348546 958722 136207 146131 289290 
841883 408624 160337 612266 302104 380623 297105 416186 587928 314221 579643 721991 196123 633702 586645 782843 863596 767676 442625 398345 
570448 473868 319503 552598 747152 380340 781386 242136 803426 352034 981014 585358 735630 501286 270073 335447 299883 199099 984132 498275 
18543 959299 67687 159595 117351 446834 750323 837212 870388 771454 453972 369613 77816 312921 268688 647962 121634 731785 91981 560710 
976690 352834 881470 793319 654268 880586 888896 297837 170491 616979 451781 465109 531609 941449 445203 704000 930204 950995 843733 4612 
897152 515651 882945 557893 312179 573184 336023 604848 63058 231911 914449 931151 686494 149210 172276 21830 850852 158856 71820 167262 
930738 699755 910697 9361 757448 60747 440658 418119 672985 776433 515552 469493 306584 844860 374464 345443 409607 75903 882487 64392 
842535 443936 169890 940894 481691 154659 837427 437164 781519 340578 258070 428994 148785 706559 792357 402194 517097 39253 110624 700987 
655902 359118 233244 894877 611234 25404 791574 697841 436936 888744 281831 987102 86847 696903 816951 242154 297443 344634 972583 535260 
615416 610255 907124 687039 796096 529716 54462 570140 744132 935670 607513 532163 562760 825705 711355 835512 799621 672277 642828 451373 
594607 684948 826269 438434 247002 534175 544810 111893 272783 720894 359168 799875 95675 131673 219921 575477 458505 631865 80305 512484 
702127 133218 424087 487714 622470 338371 795049 851668 754289 670037 746238 688768 260645 48630 932098 141393 15096 45822 500929 251370 
153318 167366 49959 858951 651722 502911 429624 786351 121281 732976 654622 882283 372529 259250 997769 705986 943706 103391 71270 875826 
647818 628498 712637 348931 494577 896645 998033 683180 290868 716125 711128 945435 235405 693913 335542 852334 355972 70008 949532 330888 
629553 722704 834756 228564 843060 229463 533426 149546 989322 164385 532145 180472 99971 397499 963655 424408 64127 645670 784303 460388 
840610 47227 270314 861079 899825 824718 163165 554003 671969 47744 370369 134033 999815 884887 723372 502679 230341 969277 439032 242495 
776593 419955 921459 393045 1394 984321 146727 613081 294968 725210 109848 273085 692460 150253 925810 237167 419663 594594 479020 513147 
825105 676980 62066 955126 706905 443879 81018 267471 787474 805048 168230 589870 123994 883515 448630 244420 934817 686685 433130 191735 
668575 948891 621156 422753 294606 583623 277222 900803 84079 266977 89295 228577 186318 89284 147884 556215 226044 961765 143061 480317 
145852 377169 202373 200889 392600 285343 947418 457372 771809 986286 373400 781550 463388 405417 305725 404720 938898 101409 929740 978212 
923151 169534 477953 455199 744300 525511 654001 57944 808447 605010 430524 707810 722117 903041 764267 72109 230936 926665 521219 350631 
389842 352858 442296 130343 523839 306392 939401 682637 449703 985600 36849 949822 687137 951721 745774 40250 773864 913596 749231 606578 
750846 127546 85031 346220 355621 189973 886140 259091 934220 641509 165060 160009 425801 762688 260621 27136 948448 919476 849942 74206 
20221 877916 16375 846611 43291 886426 376036 39965 41191 520739 850080 843606 740739 714686 205995 592695 627718 462841 278755 13799 
107044 185910 446752 60805 652405 954883 864942 1492 342588 185594 791248 269518 338841 495927 942417 474067 61700 62994 788971 563273 
365719 630320 849140 726831 561888 485825 622878 612575 894983 370217 512719 697858 42781 971908 434938 818834 872450 550748 706203 256056 
164372 778857 670476 4289 811998 997146 847134 492737 680463 51120 186396 937425 279594 847808 524392 873088 279881 415301 900961 767796 
157606 240897 119505 837708 16052 678225 823829 496024 449843 455765 652783 560035 626826 651736 96621 350577 939165 505976 478576 801759 
763539 286401 718242 46758 557257 653119 517996 71935 649625 420404 374994 830000 150978 794330 82214 215886 111703 845164 719804 723852 
983750 936293 468109 266170 336818 164494 289837 369276 493830 155662 186158 733796 704074 933790 896399 371629 78015 98130 417570 466229 
592535 982919 150159 77178 383221 467997 32940 895572 382595 143379 438698 566804 930569 785095 436262 513660 943894 852049 326425 781831 
840843 682441 263283 393990 254431 157287 972804 701641 222585 905369 837418 305321 702704 861956 708950 531980 442124 23135 857952 347275 
97121 55676 976258 702685 98354 974583 371277 436245 661229 37338 618119 250362 724561 165295 794462 527486 876007 74394 624896 564758 
163288 731068 3729 931060 353742 844352 57002 71143 255282 982544 418347 608216 361616 766304 693851 922770 772921 768865 515644 957992 
711552 823716 983386 438613 833654 697487 243223 888621 154345 59430 146221 349039 951995 147682 107700 162872 457724 598699 895257 68046 
686273 165104 261700 200192 669080 308381 926647 738067 652468 838466 619212 104844 240917 923586 986130 971479 553810 506311 701118 161522 
236752 352789 630950 963399 346241 325965 581874 220342 116355 219832 897797 167495 937861 481163 42988 186708 305478 129986 897180 822119 
869603 585467 584424 430873 950510 887158 536452 787141 477211 123348 354502 569938 733860 584353 347062 963519 888631 830587 90321 738293 
962411 759563 902910 409817 954639 850958 63332 460032 44997 889131 159819 703014 455915 163501 593644 531363 599976 964712 167853 917604 
705072 971309 599939 397258 271551 612746 103334 288501 720699 469836 495176 74387 227453 943753 832274 481961 666638 212416 814233 504110 
818698 251658 676028 51239 262700 482764 921612 179178 431938 638403 49956 601574 169310 23681 756189 649489 543807 866765 571503 85922 
512271 523974 919193 267943 475053 310973 59053 160910 793931 991097 196203 203170 970616 678653 767820 688607 495872 650402 253597 887778 
583498 711055 401731 794730 911507 447831 673749 678096 144695 764833 96963 657232 594536 732592 527007 644735 799373 230083 684947 153213 
61528 606377 722689 7092 991401 928397 457810 58119 580748 586863 104557 486983 385835 139529 467574 675380 444539 917358 21235 644310 
863475 977988 919327 991224 151111 399673 142838 248706 391899 89486 628391 934629 56591 744659 284359 461386 361682 753806 49084 648936 
878572 921810 639831 780689 201036 828058 516704 135432 591400 48723 70013 471990 182112 63634 333847 782489 263467 488652 260463 531845 
342292 530050 263590 740428 728692 981072 10344 27527 599471 285495 291528 171720 607567 521992 431680 437893 328088 803894 307384 123179 
375331 120339 58559 828820 708851 186987 434476 731361 831226 803517 542847 755875 863889 156429 444097 970964 731844 621276 532667 360889 
928404 95061 252110 660888 48165 768053 365305 759593 378451 912107 789229 854354 706351 793272 738719 107197 442733 791908 708894 826304 
322050 148345 902214 544599 92082 240268 329338 114581 645086 327238 107389 473161 437540 293552 324577 618625 950222 301255 956903 550018 
594151 413880 66681 822567 596679 920732 450280 185020 156148 78182 342005 347474 560160 100621 824367 643406 717038 177465 356682 160987 
406787 269572 126691 464504 793348 241565 293127 713789 208874 596530 267761 118875 451411 790236 14489 413285 958900 389048 256482 99439 
232576 108807 443343 338177 90195 725566 997788 260731 206618 484940 953744 571021 61715 278340 256260 767315 193294 886816 13600 329581 
180325 533702 579120 408511 158683 380212 962830 963714 893061 844986 222560 807221 219569 233932 875421 473356 985141 189677 875473 798107 
718158 642895 395103 645408 860734 389201 643664 811056 487267 689980 743733 148155 112544 826386 309150 332221 818527 324383 532996 260908 
675630 909657 951189 529962 193324 527395 604383 123912 763480 521273 193683 595557 235741 846729 595635 520476 286621 865228 177477 164479 
772441 571003 709491 47381 4656 140947 743443 746680 758208 665078 251180 445435 461087 576090 797159 604907 477813 316560 175320 547236 
568866 596110 185133 773301 585914 516170 49645 651518 182231 372746 30927 880338 475693 115298 992126 279366 101687 285444 380728 541566 
322797 248542 769762 951142 271347 908550 94246 654380 731371 576255 237899 304618 894451 563817 855684 586364 867383 257474 576566 494735 
738761 673369 548739 995169 525284 50495 176176 149068 598367 437591 26561 426668 229231 652846 350947 476580 107131 307232 259244 334877 
468434 975091 40515 475811 358839 2883 794176 413537 941116 807199 383372 240967 726663 351941 473287 852977 537910 309580 15850 848589 
399138 643372 240812 980328 389767 768243 128586 723190 133814 453236 451435 535497 504346 616436 143280 450386 250224 124766 42278 76252 
215174 596278 226331 717007 842615 57549 123944 818103 287847 83963 788464 540860 419927 331235 654970 616119 43737 978233 646175 302481 
287491 946453 487345 727282 793229 203410 919678 970848 970130 736740 892755 551725 427498 901017 866626 964402 163984 807073 8245 65723 
696513 936346 2509 295754 673673 752777 444567 144963 773102 371002 757291 923487 559531 380302 706259 27404 889256 974101 78566 512872 
448374 439693 255489 37124 404741 755515 70008 597567 159946 629838 89160 663917 837901 75587 615820 684433 958103 254249 424351 18033 
825169 624825 413911 3467 969342 663318 401219 977072 155884 758550 604194 822121 962167 62021 591445 769047 250420 300568 743924 726043 
202319 935491 992962 769940 869847 269009 821284 663111 301595 95232 270189 823208 550693 38907 646603 751859 939 466052 631962 199888 
912707 37446 383867 820097 68599 234466 407415 940765 917730 401957 637050 817019 690791 379634 303224 133654 335848 519586 540670 472378 
442493 754085 571164 290027 564183 786093 412610 489295 461017 865572 992580 200904 851040 585979 579888 696207 35940 108547 808942 292682 
184959 113344 978781 966519 12412 857060 854471 645288 578291 650276 769120 84323 963002 728766 945016 70726 650610 935438 437312 602911 
492916 548593 420208 772160 81751 857412 434659 297684 104577 328919 40040 164846 587758 171680 471144 817900 669619 639103 854642 891538 
507273 975378 112294 968548 65248 836463 151411 921221 978135 17426 975809 320040 926482 691724 7337 544102 233939 476275 193091 867816 
294089 794238 434009 187963 429592 658615 339475 61428 545512 496380 534974 946629 226711 907073 366344 122740 181822 293686 764319 451666 
556887 812006 262477 988657 805449 133250 907316 460061 685171 164751 38966 251868 627692 492106 586840 967640 714010 219591 684285 394129 
584175 266136 529182 522310 134976 902226 854762 698992 442519 408611 884418 172923 539829 344549 109087 505959 872645 97274 844727 724976 
567764 302818 862473 7986 643931 395772 688281 976320 216241 60803 764291 507724 867339 771522 659027 95135 570965 432381 609017 149798 
544228 335188 280595 121678 226304 531206 598882 199158 580180 478725 725864 479147 157216 541639 111645 986146 55684 415445 217561 321237 
168787 456096 830145 814489 992377 25518 80579 656944 121961 219542 3666 789533 134829 849137 717594 703172 868805 38899 94112 736008 
152992 813975 671523 374559 923269 628170 582238 372999 62230 460382 113890 205473 973983 794778 368495 532562 827144 685112 542218 980658 
203522 363091 606723 652330 276072 368456 847101 921181 970351 752785 89498 72026 779418 889674 647251 732700 90443 562587 147687 339884 
481782 447674 157281 373342 534411 159065 36949 373823 531993 584688 466975 389170 572961 298746 636266 890738 346847 553553 453208 358784 
879317 270250 704113 508203 241446 505599 288101 200996 167739 909937 845923 834600 959921 380550 452307 991257 165321 646364 507397 968654 
710531 348744 43446 623905 749644 213971 500631 605400 458853 443076 2829 995628 958380 529633 532633 387654 9250 577966 953539 404262 
876946 817006 82877 656555 299760 243335 532187 540790 829673 453794 489458 766435 887222 877584 854925 225714 706047 498806 118578 850097 
552044 469934 154419 837106 271022 108507 695637 234672 22614 678001 227942 654134 309113 26553 670253 486908 769417 488326 830204 870206 
282420 13174 707906 272182 622335 572862 499699 187029 859309 715579 283790 331505 553340 14740 815332 928588 951672 288532 877997 817747 
562268 821321 832117 879757 483991 376129 281522 615086 754657 497849 583279 215115 382025 850681 14249 471023 585010 609415 565823 328481 
385970 894100 958858 194558 161514 811745 4766 274433 924166 725841 589931 141088 117950 12367 236120 376815 289750 202617 738325 456893 
732039 757425 556440 560829 263002 239178 35020 342788 397562 729099 165744 73862 207433 285242 479575 998116 402193 924075 848569 648815 
236995 977664 184321 30758 51442 644107 54588 754861 738961 898880 923061 721642 190473 768088 554781 225082 222772 730070 637521 176323 
442602 252507 677495 742133 788677 273931 224317 271147 495756 96690 950632 31831 489325 815316 766854 475028 441189 589148 886990 578156 
13561 562695 195500 792017 452944 780993 766558 587102 451631 823214 8851 82624 473461 357167 581272 225771 299744 331971 777738 959857 
686746 408254 328437 116047 860014 653460 528636 463108 592377 825426 444772 468866 7124 605271 806318 525073 844635 347231 846974 476841 
298771 904337 632164 302394 83556 891045 955169 702523 885026 620197 81267 738327 774158 866479 903374 590026 579969 578729 966791 772001 
662852 69078 829936 391460 397980 511952 340549 485796 630475 967761 293605 939015 112381 434199 66775 402226 861025 421255 505966 223661 
551803 518915 875027 221977 64461 117966 825837 366584 593016 197667 811014 992246 97201 801 666901 337125 231290 31485 974564 104629 
628398 661008 767418 950028 53459 539837 81533 743231 28957 745257 434472 489155 627843 653233 490045 175022 324533 877691 865543 96866 
214950 592390 13254 714253 354885 398414 87099 222961 506251 643497 992200 161771 322553 359594 488130 829778 777254 79108 739997 947146 
974791 712170 619802 362490 300367 338835 997725 720576 930700 14160 413650 573877 519953 587579 543767 609251 195089 820414 564712 203575 
524778 232208 4903 430728 360568 362571 332058 262863 429807 91289 948501 656529 436355 720320 369306 147879 917149 528697 745475 225488 
380094 43159 608993 746202 747442 665279 881624 906044 493618 758844 563306 239716 330101 370460 521932 676020 741836 809401 296471 582666 
365384 544481 108288 588183 234532 797992 118042 127735 130106 904300 374478 603505 545334 22540 787465 770747 371478 966472 814959 524012 
56279 604948 203952 505663 729845 842079 543762 547371 218746 56260 295225 791961 545582 689983 414691 830182 341346 573725 489168 761944 
891986 59728 24776 606365 814895 26426 864853 335773 291782 42003 721012 936191 553238 349249 534723 777090 113381 511704 794872 456704 
244029 126455 109468 667125 42407 691095 779235 862974 683985 471589 404091 692477 583592 223308 179453 880777 834886 306375 954139 711233 
37272 899826 612073 82203 249450 981103 422698 186782 269899 823893 323881 171333 184396 328652 527786 837812 705079 903436 852143 451910 
893819 15157 592437 215503 8910 727891 450587 41108 57125 756378 55731 419881 366317 716932 622809 510017 199504 863922 576337 259575 
965243 183519 967280 366076 636408 401749 251866 902027 296421 362249 630119 928452 686932 355619 504698 473175 498526 390777 209591 612987 
669366 658403 250213 444644 790532 964915 513144 859711 145817 604225 818722 528168 687122 40546 680992 719550 973905 726720 126709 330512 
914692 302287 643453 496963 633151 64474 81134 711308 343147 176755 935538 709819 196542 619522 900756 458213 732461 51507 138329 27896 
246603 620303 520641 747654 195026 133059 731559 973657 453365 329014 832536 586779 719453 902005 401627 187315 644292 48434 453538 472128 
267621 279176 739164 58491 636520 481760 350999 342685 417969 254644 287457 992738 147434 357244 918616 527322 319728 690303 281282 500555 
830522 85550 988722 634270 678207 90689 833027 799537 887240 636901 194928 693628 753651 14168 743156 392586 696521 450980 874570 290341 
284509 632245 467323 51759 797091 545834 785172 106289 861361 771660 749847 735310 60084 830068 299122 41676 949891 303849 532383 916366 
87388 213789 411046 65306 888889 736895 680005 518345 167566 389800 485906 61970 702846 625135 142953 571779 169984 496275 307920 414661 
764692 855546 188403 743846 559785 467843 808499 466731 179466 636795 403766 217459 62392 604628 414172 169037 887371 546509 203701 467665 
95152 385571 635128 599750 747915 836552 809238 798853 748814 823534 334742 163382 41669 756010 951359 298505 241251 619077 305132 251670 
725372 86575 421731 111658 98025 446034 472800 184921 475121 182848 920284 557819 909842 760500 935006 773879 304920 983994 144132 483751 
954614 638091 942503 354262 741184 780080 407858 896178 917244 96989 550184 590814 672069 233183 316403 431138 317107 895247 235946 721357 
283252 873170 44190 834679 795322 314563 248428 71734 398892 529236 431521 240951 199029 361793 3604 477173 188684 972127 382473 718214 
604825 183522 538665 624152 830307 445542 862253 262144 231046 555050 647923 646765 87233 478667 916278 746818 944375 474533 68431 833361 
708097 558372 218885 727165 140583 716722 955222 612299 435099 203827 884523 607215 69881 717810 12945 102159 921079 798622 223322 962655 
603512 233737 564390 450075 704074 326644 949483 14695 298645 821813 594781 662096 648267 237312 617279 566107 881705 903667 986605 545292 
871919 776285 447335 302160 344333 542006 342786 522349 688606 990963 792531 827283 358430 664393 825560 809254 67407 450715 852590 744414 
42859 321052 37214 234382 511722 402017 797956 471331 130191 971146 686634 815361 373127 714282 220088 275808 503380 915033 624182 70647 
926018 385925 685629 306810 188513 255275 516734 543751 936575 311767 669402 20701 225736 887735 466198 710217 126630 738541 479295 43657 
314743 669791 176012 633575 498905 244075 558996 28756 1249 684651 759174 155032 832154 946659 280052 937827 94064 757311 66003 765703 
241665 183967 68024 137136 70237 549098 919756 587903 671710 389734 104756 696887 969833 837451 326566 869183 271641 281869 99092 831489 
33566 469063 605168 475218 261524 909745 879222 205435 443233 416576 284643 9871 976814 670547 340622 350882 239630 92288 983875 749660 
711426 976206 247298 12627 907504 425535 947035 345878 781542 86910 470572 290316 974701 923613 558393 638110 359902 900326 544072 53764 
476988 207219 170625 196302 258560 383008 813132 318726 542127 499205 177515 354159 788136 647689 43926 51164 77068 158814 883771 826664 
365176 755878 901641 593648 471893 599551 517468 345000 826970 186795 439179 354216 743199 223978 764159 625475 667227 964472 719946 521501 
431901 499429 3203 530024 314659 792550 652684 356066 675724 615427 258815 103342 583186 87374 378194 810714 419171 351593 802207 869173 
677122 472836 459351 400236 54768 501074 535607 609133 669303 67771 192061 351995 26735 617062 498837 214966 434709 328261 213406 540465 
97094 649547 936779 851990 701619 817286 897355 229380 679561 594212 70121 130180 657215 521682 949748 315265 672132 115351 426372 663365 
26611 628515 447802 503238 163761 353401 994898 737852 255475 539248 684466 796816 794154 103704 749538 491573 398100 562543 814621 203708 
780207 975084 871730 601660 250194 611969 691720 19207 539524 145465 594388 387884 189880 205313 637928 504830 57861 695457 448227 630051 
853678 427365 238154 267269 204680 132344 219062 671112 688786 374308 879409 539657 616028 38537 499192 171482 652212 704339 695480 825172 
625274 55623 772452 133588 512508 793257 857997 956055 205536 942265 696681 666849 422710 566472 826814 83655 395692 909846 109749 306873 
666951 411029 608216 911397 924077 189186 680332 885460 471270 263765 527093 215502 118873 448855 159265 180016 564986 174893 512408 32971 
826121 633557 538627 23600 787901 226922 834743 65678 775751 721944 706061 551526 249508 534059 73394 861609 867832 945589 953998 568846 
278812 214359 488493 460618 168456 68039 283014 330469 979640 447485 654911 535316 263790 802712 157786 218465 661614 747880 678914 676847 
665783 817184 300494 195654 511100 509494 389620 447721 343680 979484 831320 728761 855046 934890 596931 282134 357870 421662 940088 308209 
192052 239887 551173 369499 729083 261379 87843 43128 72537 151694 204194 777897 214548 20270 966126 665062 169667 595983 54444 480082 
191258 598537 829895 195100 501825 650354 213602 986903 286280 152033 361496 570240 907231 53263 602644 345267 81094 521053 633652 103734 
130140 509863 895599 962912 150656 449881 574129 781970 228086 489756 682128 471166 494603 230408 857678 310258 161104 284659 24623 410409 
586432 606105 542315 780568 129094 744803 606552 602447 265483 360771 401054 1116 837680 987186 334099 175269 956216 630547 758968 474534 
427025 74179 340198 393888 862443 323224 108528 603681 95921 794513 782172 473979 731768 251717 616780 994871 990928 574423 397439 21217 
557157 419753 432713 353699 375664 919076 94177 81861 608692 804422 860087 857699 75959 409263 246753 453421 874757 471428 311436 23100 
717930 374674 8108 936190 944665 281794 634805 721614 772569 457386 872143 552196 798273 421589 956997 986224 157197 358081 238587 977151 
766383 885935 680257 208387 388996 713469 393710 8773 425009 220164 158112 167414 687807 659790 919504 834512 946669 4555 40095 84032 
151890 572954 313175 547353 417647 199028 522198 827216 129029 652452 507742 961479 97762 747518 765803 470564 431429 183799 502204 244868 
483712 943717 959967 863352 618685 676532 221965 662633 135909 841200 540725 561520 726607 153763 429035 240535 313158 5583 976474 163347 
473952 161965 15068 306217 990812 570637 660138 614484 463477 904951 758289 792063 418765 661623 619484 406778 952999 795372 629937 267404 
932245 33918 139715 188 689482 712903 562728 667782 747295 551811 894754 984249 599508 968486 547275 264457 392789 137343 119887 441728 
215308 504373 603294 73715 819749 269587 784857 696922 920912 46092 118643 836497 880266 726363 967969 832943 621014 908920 822190 639081 
275506 573742 391770 663025 708571 902734 552361 212974 238888 46534 610939 738591 31410 641528 918596 837983 234003 275055 632923 46413 
859825 112115 442319 951708 42936 30668 333530 725309 901832 920164 751979 445160 78391 297736 951532 727893 207405 607078 747178 358435 
92005 749497 473444 211070 29876 689910 102477 65299 931456 772612 717465 820444 256186 274640 978837 904650 849582 214930 562921 348442 
893701 511913 316885 306335 228679 132083 966591 56635 731178 4346 131394 211110 486723 58961 661931 846022 734883 970034 89967 957442 
572279 825489 258733 754170 2858 2990 287617 194521 39156 297868 150160 375311 952455 772129 282736 277156 907424 338318 31360 592486 
727235 894619 992832 716744 143117 902054 281102 804674 527147 735656 306409 999247 501107 628974 546643 432344 83749 965698 641899 619132 
19258 12986 58280 975680 818313 624208 535799 851455 930064 616442 110849 311340 183706 636219 702419 693847 431096 379123 111811 221177 
305056 283611 606548 219525 497824 616054 737752 82178 53058 862370 660709 971298 196393 662043 481624 932529 204866 353016 390182 47359 
776972 640098 367488 700267 12276 664112 773072 309663 176346 718727 389166 375623 338648 182062 467916 403151 462365 997725 458989 655762 
848806 658919 531381 100613 127371 265124 661240 373825 903337 634811 211540 346929 321345 6683 373016 547667 518937 75819 476095 557018 
675902 156019 493237 756820 381775 371295 369702 856532 734630 731166 375160 391843 236191 261359 586943 298990 874370 91677 913909 875110 
262160 419926 393371 572245 336121 224655 33646 443709 725283 9512 68359 791055 353439 437954 51307 959980 355593 276830 435205 849015 
285702 860641 194854 695240 472687 282870 885435 949936 173085 27103 537281 46127 156574 394561 496975 1790 530561 799368 449958 862363 
557170 261973 664238 99919 820539 197128 551104 583479 756449 481990 935657 499915 484872 990660 227332 983808 893725 458164 103189 451965 
570526 913485 84185 785485 941033 120770 361887 860417 980856 210711 726857 182013 393898 106163 508120 473449 673507 762832 852964 944887 
228068 577204 230207 911437 737394 360941 312812 333541 649433 741067 554055 843176 677782 949814 401687 579819 965368 411012 242898 306627 
933252 725667 197282 1576 299957 210217 183391 962203 99557 967249 639950 971068 813779 640659 740943 682034 770918 851398 565155 853537 
144316 711659 959236 913714 277629 672311 374534 744122 691289 865818 279538 783006 467684 876231 154827 958648 189445 108981 336746 67025 
651492 474903 352105 760278 782414 67083 354722 754847 47907 507115 427580 164608 160689 727423 534802 997384 502696 743207 106532 351266 
332329 879092 255638 687877 63773 632063 376678 676241 721475 822400 984277 113639 759988 652981 57421 715200 86624 218781 533421 513656 
873383 846174 567521 473915 333637 902270 537145 120978 314507 467314 294786 534262 103502 778456 357789 454801 989718 591775 254803 781490 
777423 309129 979851 679250 46421 270252 419368 323084 208320 503404 47893 123850 352774 121935 229353 624461 134534 215173 784268 266588 
805153 118363 885502 646602 490852 381488 917316 522288 475097 437398 211123 893427 485551 196895 39385 266204 731145 552091 17274 518785 
682852 578124 222248 784355 684284 874706 941188 550541 131722 700898 419766 562864 280055 9028 523231 635541 841576 857493 14276 43881 
627108 643377 375053 732227 642826 841931 72884 339654 224241 441873 495826 73923 616089 121065 706742 553599 54676 518051 42677 182217 
804716 507752 627325 58644 153200 124293 344923 271577 176063 348196 600510 876713 368289 30234 378533 848208 8403 570934 796571 59688 
428064 906045 483839 556611 312237 634291 553810 486690 430641 459042 779905 598051 859277 811407 271532 262774 558518 292232 687280 516496 
320324 76534 343312 427787 828578 186798 942685 291175 963994 135773 525588 24014 749656 996818 789465 451654 990288 312836 778580 762890 
190397 235056 384620 160220 989420 294052 141890 727514 704025 837440 652692 925075 396264 240532 807026 364493 158691 852872 807437 267370 
777688 426844 843552 320359 189707 762244 856451 315594 21279 395356 565123 318399 259473 693145 824108 992933 633585 683364 263020 974385 
285445 837633 45045 841587 346092 215705 471117 473907 533636 40346 693903 888798 480648 879758 490824 935959 346645 613183 772436 878130 
105374 962338 635325 573631 728880 533294 273005 916546 23946 405937 34336 941857 399505 708057 886578 82542 141423 254462 224975 954631 
701242 939453 231988 115266 701402 289013 294456 278472 134080 471771 4056 993640 269921 439999 914862 948570 735194 569590 884313 922036 
414541 925497 927601 329497 921774 825617 930238 414831 236386 320222 374832 562724 817471 358515 100411 926777 89969 606333 968419 8669 
669691 57357 272303 694481 730993 227196 179436 399781 95060 385976 305582 603 16615 446080 903027 449257 214929 974403 568944 534823 
831549 21413 82323 439155 349410 62536 974673 722248 174119 95037 439081 990564 289260 737528 954469 410106 984618 585446 431700 808738 
90707 377927 250810 384597 376237 502734 480459 71684 588702 374456 493683 74852 99747 266385 680388 497090 488565 566011 136115 726601 
928782 865752 634222 760403 864015 227432 934243 600013 441814 862393 425915 166882 867542 128532 880107 7081 515675 53006 927084 464365 
70627 851309 90670 140546 635168 81019 815159 493740 873153 789797 351356 701376 993580 312593 36978 558319 800283 500517 736934 896339 
400782 827985 982168 148323 535357 122070 885768 37219 273605 750896 157416 326771 2449 882180 639769 151443 839982 551511 873754 259978 
242009 875874 550722 390491 625752 653819 959336 521128 286196 751111 682905 263032 396223 34911 536704 548700 188467 163723 299240 514662 
537473 171876 621351 407355 783789 256541 661337 985489 363533 146522 231223 706380 458192 583055 196730 521044 525556 286813 434266 821897 
243750 836264 928783 90432 224600 377689 513233 575049 822268 167591 755387 848276 676669 853162 404788 250304 462102 536142 999656 713586 
399962 759407 792431 315340 442 97152 996072 199140 286658 548337 41203 908465 842950 653894 270883 264930 596766 948978 565863 91818 
725111 761917 932974 564135 283983 778537 911531 800082 765770 197519 909337 466293 656865 226066 741892 345523 989125 290160 126035 247542 
598885 802352 151813 359513 575225 321101 574451 912768 367671 801455 403561 4706 452623 981535 308365 10675 957459 408156 636569 233839 
643636 91685 438789 589214 802643 289767 768933 625479 141398 879185 849618 457186 847512 425269 700743 281700 721719 822866 212142 266610 
106366 648277 990768 231832 739686 894544 57539 116403 676889 117751 691871 272311 857987 30608 141244 769708 874388 984985 302410 69549 
107701 459832 563444 636818 447652 564512 80798 477267 215048 534057 625025 919227 567915 344060 266305 325907 206175 970376 811157 957785 
534733 456163 338451 766472 986424 816990 255249 997705 168934 50093 238897 92581 618930 149258 150443 702680 967771 354160 563493 58856 
350546 571382 568777 370555 8440 579457 405328 216189 531664 567623 897939 560530 489146 389416 590607 342911 350684 904737 749766 744315 
175037 371364 526777 376682 829735 463120 259510 52155 889006 941511 296059 581846 646160 189385 680076 588418 836967 300993 457182 973263 
411657 375170 951896 984379 951347 649705 872421 56838 225759 301689 341030 388644 116754 600837 947837 597636 77860 227090 39511 792780 
659099 819696 284910 994712 117177 800441 409149 283302 609095 360042 781545 346622 136008 28397 540840 920970 684569 470035 861521 126398 
690176 357674 316800 773560 645512 596902 779536 280582 174149 166268 677582 691283 380387 79292 195987 56267 136574 447080 836152 615354 
227893 916163 127775 723508 892581 108280 457079 111627 682412 516738 429694 986827 826565 358384 865051 616487 478022 454019 722560 223098 
597565 465292 456194 234908 347815 799410 313997 425280 563854 722581 785868 664654 972284 165623 117259 762328 42324 588796 588976 911412 
950741 797556 582364 170783 842362 924601 860363 250756 480350 998381 239296 766009 312677 480635 748592 764671 374040 61165 947388 778640 
671072 500502 152689 881176 461644 378335 523674 522593 1160 518238 36848 968397 891314 928633 505865 484570 808175 377261 313008 476328 
322061 675699 970283 569993 53626 151211 532684 849856 20302 633156 520287 841826 254893 349661 618042 688225 38795 754960 713671 8175 
742257 415539 342801 836321 148935 957672 578420 276936 948006 924960 690266 227551 543830 362812 686891 252289 831567 696493 818823 10976 
46634 442348 882378 466238 732684 784745 103727 707678 807451 71284 334056 903327 847225 687682 455618 887985 309696 394018 479844 195696 
258620 669995 433079 910588 929242 173935 643798 111939 512639 573600 833877 213411 542550 621684 467624 110897 644552 209103 418643 86409 
455321 938532 519045 640159 732546 984575 479829 902815 817075 472683 219333 334368 843404 94430 290607 636252 441912 868543 606545 161068 
131407 983683 283785 190441 914235 706793 546678 73221 553179 496237 861137 920278 299454 710996 321293 241287 991132 939458 453256 503720 
360915 589924 437639 917308 963080 716665 792059 807651 668417 156907 555211 881414 650448 95086 472809 440177 743760 467375 383519 641667 
904256 861845 95955 28259 953375 211270 80179 721552 520461 861036 445745 115943 513088 997791 441390 418291 495635 672596 531929 717804 
410984 955308 953942 865884 252876 886174 762749 390478 736631 244725 688295 806938 510436 74245 305586 697396 198161 70944 213064 424158 
308510 254542 122912 596164 801909 787615 399381 528078 286544 271719 332301 783542 333403 379477 622268 471840 717772 85917 334764 855800 
980874 675552 509338 960544 945685 40101 964529 2679 471158 888039 9521 582568 101565 42431 16665 136587 549164 64925 250868 497090 
727289 443083 738584 211685 821301 209352 940799 534610 628455 893363 51655 270177 567306 299750 215289 948467 429596 792646 869852 674991 
518367 375668 424324 699464 130642 811621 500707 320792 375114 867499 909230 482047 481307 468871 439580 835283 547968 36679 442867 795759 
738841 907351 877462 572821 732215 528093 871179 853493 663812 334576 993008 371707 921638 184357 724663 885678 87978 621224 878865 430856 
996541 682705 259501 223966 153490 714746 398535 712022 67017 419820 627211 144732 955809 265835 829271 28525 576050 394056 694566 862424 
936502 639440 925302 519533 47807 985841 375007 944666 41651 487823 795563 442671 740461 842871 550140 517232 819567 428287 257268 38081 
177334 922903 385613 290432 68740 612385 951013 234340 578984 150409 379440 435977 883433 188478 223624 999839 546299 286921 975328 75770 
800494 596497 387391 380897 801113 585281 148389 821560 688544 682680 911298 877631 140002 324079 485436 325515 59531 945711 36375 393422 
438123 593502 293525 977413 208096 366055 902612 571933 293054 407052 781585 303306 251022 452551 69820 173662 913313 603314 378858 581970 
283824 352873 969912 414064 694558 803406 430579 810676 436091 193908 202836 2056 802816 446135 899591 751653 453959 454673 814803 796729 
670020 963275 935217 768629 666615 231188 142212 582657 981362 254654 178537 810828 780293 249644 681308 210304 854587 650901 940801 430281 
442063 207203 884668 654357 838775 399793 504714 299205 218151 259872 394968 266933 797638 8197 468961 988661 510289 493129 14923 659050 
428654 144972 118448 630834 708475 522201 114047 440821 21114 696525 588297 385272 279550 110932 41465 187582 132049 950215 893162 881966 
762734 637084 231630 487593 98304 490182 161870 246166 301648 393891 206435 464801 534719 319697 750292 4079 706177 634602 330220 277511 
291721 637113 375020 788610 824037 70125 51714 575014 373288 306133 219985 96989 906521 988615 562762 93692 707256 325046 293317 164790 
308353 786913 919146 277875 879909 493483 67216 376082 585319 151123 967462 317003 544967 977204 725524 186285 684593 643341 284584 385393 
614745 276149 289951 393986 801864 797729 944502 729493 415501 529112 298836 760471 860114 899723 293140 564367 213209 219990 770291 973678 
1189 165509 726385 944817 789101 334469 339729 818470 874864 414661 462809 418927 535396 454724 865796 390395 811884 395224 324674 982485 
718143 425914 563513 135204 793241 622593 159753 680582 619356 262158 968866 878040 344565 399221 532524 433500 255995 537269 219520 701055 
450396 493871 836955 883630 95359 98916 834852 130763 661437 4143 264142 849717 230791 180887 177028 939659 419351 452405 144940 547542 
325762 529886 144787 484511 449919 943299 269448 421024 580487 59240 470290 42278 291473 410996 172580 514957 696083 746189 694837 898585 
363166 85018 588369 444696 458321 744428 783841 603221 671630 735498 370564 76819 968584 589671 110535 245556 6614 91297 720981 453838 
598271 512532 58713 340393 457961 363206 795133 652225 215318 566275 919228 344806 628703 526090 319457 883128 363239 372870 474747 628503 
453764 846776 973753 138881 717378 301405 148417 469615 18295 416254 901611 711081 664497 503976 202979 214513 788177 491176 570107 736590 
715937 620729 644562 560710 464023 451918 111435 475152 502640 102999 853740 200037 921932 317974 130724 877816 960317 887408 114572 903940 
241319 595846 672575 179624 281516 495516 976216 119096 101134 394321 525563 674009 891041 191030 451821 149482 647632 923525 404877 389227 
964377 986010 775017 824877 194640 388684 61755 114271 350504 734873 42233 253257 901918 802132 438356 116232 760376 356692 538991 235841 
500017 141441 903561 564165 791345 36395 696177 580676 350846 583867 376105 573126 827092 368907 791500 755601 563792 438640 262406 769749 
330037 419748 132845 573820 766387 707825 202999 530778 356740 574514 684381 167182 318040 630736 389716 666155 670662 596710 202897 984778 
689535 380236 898546 336598 254811 290000 855834 860590 175636 901261 815394 494032 614526 590995 668471 225512 361038 225062 159431 431770 
47175 417322 950039 686711 123969 735045 579324 709344 143626 75105 807419 180085 686303 365921 433707 315143 39994 672895 962007 238844 
772632 922233 631630 937379 816856 580603 114180 906285 300456 634595 231715 763713 23340 957182 173883 870603 487457 282647 353152 312966 
782679 129841 470887 720051 37292 579084 703201 889954 757723 484589 604628 197412 874783 342423 952043 237347 401069 960058 449967 625574 
689268 114374 917367 161285 438695 216355 349715 825248 764492 765348 978966 930384 383828 651715 986723 950778 97540 273675 121894 734930 
425512 369016 640307 416636 215247 379235 608350 876203 961359 274364 818895 952668 75316 811225 789934 787495 309729 612214 986662 526466 
871708 214761 580783 400985 124958 787475 304507 557372 42082 33492 829363 767553 152345 424298 703266 504933 35336 60462 848463 1071 
742218 971774 200484 578882 270042 445555 902439 112351 674033 217347 192589 302318 415591 141031 901838 273218 722946 84484 375395 82715 
591040 229102 556798 867699 282551 259857 344729 869087 702730 866285 315091 882703 482611 928395 754472 606645 213396 584825 425359 656024 
98891 48595 202337 232717 559714 531077 827572 268502 258130 128661 415588 243262 150016 462290 30342 174927 464799 929216 987621 997141 
994114 285856 957430 811451 934011 717725 254675 666181 874486 166070 45509 658029 773721 544815 938440 59751 799099 503970 361042 793749 
6391 227323 544063 960852 375133 73475 213206 265555 832734 735839 492798 913287 617852 916111 13688 386659 971200 197540 767644 78967 
971609 449865 836803 522987 437987 355865 444922 878545 64040 983971 79906 646264 850392 329735 21287 306232 842688 878571 629214 402998 
770339 928417 607920 531169 988455 252143 870101 237272 338495 192553 126763 996765 611463 673815 685283 842884 661947 265425 827806 937309 
780389 715552 271634 314840 550444 532575 988584 849967 941312 912813 828551 986473 170092 456951 647108 595974 505067 716149 550695 372255 
593210 639082 295060 662387 569167 715631 434391 418594 509219 103119 71694 318408 619475 321290 751122 140645 752236 842307 306036 397255 
643285 548582 106160 89288 880198 936424 715915 939295 730660 29035 293548 498649 550910 740212 346741 846 879760 145423 88030 749747 
287874 710975 236741 534112 421381 38007 237826 855747 939891 561114 888183 279793 164923 777575 67041 158369 359811 387155 50301 813927 
65726 666311 295932 572197 906428 239646 411866 525468 968774 583904 730756 646551 458027 80608 828228 314522 48166 493374 867373 92020 
526458 418828 760843 72890 337082 721419 462966 480171 671598 163702 79962 992883 480025 884030 681216 454978 908443 979556 179718 280404 
553808 422964 520367 953342 221021 837421 16763 357549 786892 503477 369993 816435 882543 980843 121907 810350 536886 157850 732009 652259 
201434 849417 588106 730634 162489 483661 840827 899166 627568 489909 794449 964801 915526 93366 466043 571196 88228 908513 715169 684843 
671291 831774 417760 273796 678814 48459 605991 963221 244150 882922 709758 742604 267450 52543 213025 323500 346022 569590 915379 391454 
739147 538502 487740 528337 416139 532866 795795 207862 313034 215382 119648 50970 27894 556822 750605 120164 864958 372797 79203 269005 
584221 719205 245398 387940 706440 479835 108972 628123 687904 516679 694272 426145 3150 511138 151812 891003 694999 861832 819599 810040 
661788 265060 493806 966550 87460 278475 112920 111566 180603 667035 248448 837032 556693 767733 26108 8593 89306 48475 696723 692104 
245355 897629 529291 417805 895135 651221 932521 209351 479377 830304 74681 187871 449328 741000 157391 586399 66588 461650 266738 446837 
396617 39391 875549 447748 171442 29741 771414 146150 989706 801974 116365 602253 562162 384775 948538 39146 100685 802475 465164 255751 
315094 852105 926145 97814 216036 89256 941265 844136 965070 379351 175051 843108 107678 375716 141977 65150 285002 788274 308358 345729 
749011 86947 860323 824152 62329 764572 996561 378153 952430 420046 574331 586328 693929 925092 894111 301668 824115 287480 212328 950765 
493866 982305 244909 744638 709375 235732 673319 449657 596883 985512 436197 913727 915266 260520 612063 724811 18646 971212 142693 527612 
723407 286779 395457 750638 731759 91337 190972 563050 744723 185135 143671 161102 860518 997338 55205 185551 40678 995002 957963 262140 
687159 979959 760877 742018 780313 683418 340870 781378 970524 930696 672379 949633 96825 841748 234326 934261 897744 508304 448789 640241 
829554 380577 569697 879380 975603 427510 833640 319254 414709 448243 391859 859709 12814 839385 968637 295571 39116 805665 491653 660576 
316374 942966 50666 981745 249052 596613 306071 916761 577499 164955 848191 164826 881723 808278 858511 1723 400822 995900 260196 909539 
505800 816680 705532 19940 805351 352963 203290 355531 401904 773661 597988 639223 586238 513816 101415 269350 357359 873028 520065 638088 
462206 965046 322486 520544 170681 565392 938155 480033 257925 53071 425430 294564 993613 653892 770801 176593 744737 572597 663942 144371 
867875 145503 530643 423427 557597 498482 582663 514770 122431 998209 605538 219029 43632 409170 832781 360599 636942 341596 347094 704864 
775992 819333 968177 257937 827311 88533 302391 404554 787659 774506 45992 303457 73160 665500 759323 407518 109588 907629 848588 597561 
570550 102741 927773 878222 413661 803798 899554 17975 665368 179864 996817 724321 533384 375591 851493 664143 934614 928426 887650 435103 
347918 314927 104058 411849 212956 750634 381523 606795 949658 273981 712979 978739 257830 999666 485150 908437 830666 616081 263367 885371 
229044 184950 979512 255514 511463 411140 863830 260282 758972 865425 993346 707343 35641 735668 226463 224307 772045 439173 519172 327661 
120083 895052 711434 617220 563100 644942 46559 393198 652020 692579 581064 906470 695952 689983 740536 964857 86086 905919 257360 266403 
906206 800975 653680 608400 979388 623808 812754 692188 793571 820033 420055 435335 403863 518448 613712 185824 305201 101126 2031 637665 
489935 901692 660067 42777 299791 437693 191355 106587 378735 163381 230591 322576 873143 178022 265896 855239 515615 789276 363514 707321 
268615 641266 929729 592641 711798 912153 234628 176495 924246 283040 354533 73014 349957 947851 64026 139071 632451 72178 402773 332412 
481764 357414 260523 972239 107280 188089 206262 126199 999570 943547 853245 272476 630709 412099 775564 19497 679293 890259 898219 601410 
792027 258845 761854 150302 823170 896608 808907 809903 457632 753365 553536 916094 993289 738136 128414 353581 829142 490009 481656 212874 
891457 737481 462168 701940 996582 749162 28670 654945 601755 222259 252107 40317 230001 538153 712383 96286 999382 270034 979374 672290 
601655 552540 932284 386660 525825 974467 865139 581687 890963 332601 169327 792911 514610 188313 934736 579730 625007 843891 625900 978938 
651200 620914 284265 377043 920061 107807 245843 123211 867072 762705 780733 350749 14637 921107 153923 616685 626232 860765 490128 713115 
198661 531437 710116 369953 4562 186904 463787 252866 936061 499668 805624 315693 293106 733298 27356 199460 16866 164435 719649 974929 
318096 50426 624124 838798 214203 514174 434303 766535 922327 314895 808692 203810 119319 118260 964997 237598 753602 530747 205646 694240 
669945 736157 28475 134507 639807 809237 691682 195203 632703 171692 862950 3940 70951 923306 155407 715794 144257 376527 545831 895874 
863307 736654 559990 514403 189278 61087 977075 50175 546417 274926 274502 631814 306348 235435 633892 506720 668336 77819 318230 998040 
957255 436906 465521 311198 514382 995575 153096 38151 39338 550942 168302 380995 79185 412834 856368 615110 839506 209395 861702 30955 
138297 184395 818817 722419 768240 195270 51821 354303 763412 416278 536874 857140 921100 89225 45992 74551 510699 607962 409917 86947 
150338 593220 432242 324521 989281 164642 135359 432831 82121 156181 233216 852140 134568 544998 773322 467256 2277 544707 965387 559519 
975669 688610 432370 234020 208023 293982 235337 500695 627431 243477 954653 444677 968795 14543 853262 781776 363585 329431 733407 243106 
418503 443943 712298 235524 104902 982695 851726 808285 432661 34057 877559 278454 932486 288290 530659 119993 663290 290573 208353 810488 
751911 375208 334041 280758 773916 252847 422900 457941 505572 451359 503128 473660 732155 900276 410095 251929 595672 77336 159961 895635 
431238 76569 104156 343822 254379 417493 240293 498726 419015 853391 640556 548058 253304 412577 268124 391406 230808 432928 602173 149601 
457023 865662 55691 842214 745477 2010 364058 876851 219728 134596 62846 40656 920029 795526 947163 972432 107113 646568 701368 831262 
945797 855999 501237 584909 761004 972006 81245 537089 329851 680138 916954 64429 555995 662634 809866 487283 79480 301386 781121 293123 
548682 320458 608248 276455 442029 434836 850085 2356 562880 551093 930164 557601 307463 401209 518769 145440 720815 629233 196432 813993 
956149 325378 765539 536526 558526 43475 456128 107930 443352 23849 466006 211549 161793 719720 572255 484164 89788 657062 351022 766124 
708176 963109 257040 669536 222072 58170 174049 628179 155644 92122 14761 67128 312382 923857 682676 870191 384231 352761 770422 690341 
584491 331284 414763 609308 604642 344682 153859 439136 206145 745317 974527 511834 428727 249802 150639 685476 123174 534438 684787 635194 
323846 895408 466041 934055 730751 186766 654472 457449 518747 654852 957265 747647 584855 974147 773493 26106 875820 469388 39119 127257 
810248 893791 949638 141124 108947 183387 835981 932838 407365 208970 899302 896399 332593 549634 482389 650273 722685 865882 100090 155680 
387650 164953 857172 276690 881148 764415 818255 658881 775855 599253 398529 284979 25289 84792 289460 27748 685143 472464 806850 480385 
141996 472521 441913 782255 394324 726652 782396 642540 919818 383815 481737 919856 179939 254496 400659 875956 59396 244088 478356 300438 
250131 46558 377528 946724 327463 732046 818405 321289 234203 84538 827908 336166 997769 796594 98148 277805 602122 450592 89178 396100 
362143 566653 241190 283665 372803 745283 377428 102929 837054 146908 372008 101337 462397 991005 853752 648465 297050 8782 695323 110992 
277609 868584 506377 728420 964368 299506 767130 31297 775625 649147 802072 82692 215619 302961 124273 592957 8265 579240 357970 747411 
699094 470844 77769 840455 850021 189903 660391 725934 289882 588614 793597 736453 365525 443996 278759 737967 662337 423352 202187 566152 
784003 142984 425651 801586 389986 540139 735611 760641 743100 854495 78137 819058 707942 960380 359672 789258 464584 515530 127177 178623 
563697 826207 281348 323990 19229 779710 510178 120553 74437 224065 952270 922542 909432 209421 930929 88082 54653 791109 480833 321450 
963295 22106 191427 588667 589481 491441 673884 675037 228274 445333 371674 562395 296002 324068 59230 267638 829580 666160 471592 822828 
816825 444920 138637 851793 241573 910060 602554 671652 310907 9557 110343 682200 602188 749431 136328 280720 743110 688272 658671 43616 
526578 374823 193371 696949 547336 959329 636683 744396 893958 291147 257970 624668 969462 953330 385806 934861 69466 148663 885075 990358 
479758 560035 23282 539081 864653 275879 707895 437688 7806 664713 978373 604467 394093 190837 646705 712175 272935 14385 572194 753184 
820941 481245 174156 46593 204590 706116 689966 965449 33377 210589 424826 575011 485653 15036 681040 947758 830401 629095 546314 798410 
786678 931599 121653 383696 138861 204602 101796 219180 640381 677298 478269 535149 211416 35973 980917 113438 828187 979343 933821 657545 
844875 872261 717550 552092 564597 169707 65969 633759 895829 715090 458717 573033 974129 992462 888668 265716 491058 375990 139327 416734 
763957 973867 558209 660944 147151 573267 421475 320889 890171 615560 740128 692597 290271 7736 613571 649274 430362 721788 441946 619907 
230749 256679 990218 735628 755349 440625 262868 837271 14932 900023 378145 441888 115630 679855 116525 524293 757092 792948 861134 923042 
967317 481799 22675 334069 271514 445764 58109 462360 352833 278269 703517 539817 483298 504298 742722 628500 589406 175232 230974 125725 
888496 182719 408411 520801 875479 701275 875403 227633 308308 216472 66755 178879 704461 656492 442507 175538 552047 262995 778990 704307 
102259 455472 184482 5943 881246 242754 458970 362104 590869 903346 264467 672891 405850 453398 10274 254185 315611 46477 577932 193785 
91980 61371 920512 532271 535454 705529 511897 135794 45242 47776 244524 180474 237492 429320 554610 479126 408458 748960 488041 90180 
325134 701228 760411 112592 861333 225863 998657 509809 475021 268380 89732 804538 465384 40349 170004 904628 557494 545393 132748 664641 
22848 783206 666621 260321 701760 461422 330525 485521 22526 207041 503973 254201 678674 709343 549905 835686 740231 610805 266505 954871 
249928 864982 310058 2717 31551 144060 718744 391017 201910 192038 393272 529463 362095 70058 845806 44134 339846 805700 991177 520843 
376577 605855 366234 677742 357700 621299 307692 924905 482408 775084 662198 997532 378704 493173 660489 625418 293240 218770 890873 336910 
228909 532935 527847 966444 810737 827127 881848 939296 794702 744964 413047 599716 633340 492805 720180 77431 33957 301954 128862 395118 
880483 876697 87726 82376 934198 805791 953887 268487 986572 153352 365751 517099 789474 824187 741817 878058 967149 958336 130253 305507 
666735 637170 330423 181106 948568 304318 255668 552927 921258 895020 13890 827289 620927 441433 551922 115542 330817 866063 128880 160379 
488254 494404 497933 170434 583020 525825 527709 355548 151843 970181 358006 884043 563855 748867 237989 741420 479255 479394 389851 388843 
887434 70252 596819 439856 253249 507197 936963 678606 851478 763844 819947 305660 555950 354385 558179 537279 569448 145577 733344 375290 
910114 118351 18277 191542 431094 252002 441257 602738 979314 894279 314442 725936 683825 542504 295813 238619 183109 681951 982840 756164 
227498 540524 830490 621337 350545 52356 805180 407589 257121 788024 36334 407273 941492 205567 23250 563059 14351 134378 925332 440420 
812754 490851 178666 727606 525000 192660 774646 362206 513384 700123 643523 585220 946572 484388 602803 411657 724260 636375 224537 312469 
901142 602180 281079 567930 568914 587471 432694 828078 266124 126468 272761 468835 673457 215979 258826 618493 314108 330285 75395 519116 
396749 193619 778430 924252 74445 89019 935055 229181 933766 511028 997700 112669 621709 247203 146577 30777 895084 347782 100236 431243 
955555 717940 973103 825671 718309 21192 587936 544904 979236 203608 610797 262539 924378 786195 973268 296217 307562 990698 966846 463601 
289018 683406 389998 547743 976805 433447 526187 706667 183760 297365 98815 882791 282396 352311 689535 565279 214529 333283 403054 645738 
210713 440206 980071 676451 489962 902497 284354 547012 411861 116324 514956 817157 98093 912646 508223 103122 598029 517923 326310 785455 
84272 533672 117916 620003 79076 70255 179831 265098 271773 937729 987076 298523 483639 310258 421923 542754 848280 744432 416880 312455 
545876 28831 828011 349518 854228 672313 289295 707423 469444 246088 562675 392226 912404 884390 129997 546024 580405 88352 614722 941709 
760036 195137 912043 326351 354570 852664 169746 124775 881340 82309 815162 645241 862212 197319 545092 624035 644690 964818 485370 868861 
536887 315367 53233 828354 18848 337252 724435 390002 591361 610876 320310 708009 293684 144508 370071 641245 985803 258983 606836 907337 
599849 826877 383724 825910 490195 664478 729169 392848 385467 954671 922339 208890 699165 185857 293426 947207 501856 139629 943396 969082 
445731 181110 915627 561552 857450 344955 854376 984730 64442 165151 355566 310445 299795 704249 848621 348519 382519 74314 434351 365534 
247370 804765 590042 113234 305020 901521 976373 841143 858701 483294 523294 776174 300179 581796 689857 354350 128535 739038 332224 334709 
631221 148044 128282 282391 807552 177824 830363 953797 550876 487063 688964 285118 700892 779698 633556 356442 518530 613800 832952 942444 
637831 877937 512245 157895 58988 328483 913554 450492 698897 340895 49710 245090 833325 942568 544200 488195 509546 414791 348598 494173 
809934 748918 226887 709047 788209 401913 147989 788501 253328 166164 583507 162282 425861 55911 803514 531125 937677 895167 656428 482777 
618306 665232 725056 964031 647705 916140 69334 87361 48351 283758 965770 112357 910491 554892 830629 600268 2467 817795 753702 991929 
303457 466165 986850 713158 500958 440671 553076 828905 563430 478849 975385 351023 622482 392681 555951 56340 382304 420576 313851 222972 
953101 163821 202690 979287 151613 82785 448193 98965 504296 32284 817373 53387 263772 250824 266416 55401 841474 275072 532390 204026 
193792 375895 823195 141324 237722 50709 114961 750595 603093 740360 653863 440938 293055 170851 628450 82963 681599 901735 206846 76219 
594740 211483 82912 807473 961137 179390 24946 336783 389469 223947 870291 656398 322135 527752 759586 905605 6193 84335 50470 188858 
573149 302151 514137 589371 827063 805860 929229 368580 663568 488752 121176 129678 719613 223522 745132 235899 399684 279671 789132 929516 
752801 18688 224603 611226 175738 863108 972945 568170 345 37070 713976 735750 362084 157986 975806 62636 948433 614531 711502 125479 
488223 131174 569865 486058 414905 653582 19781 168711 278627 945833 157559 755412 817956 523668 160642 748088 820537 909390 566574 179173 
250295 491476 344648 854696 881241 696692 896515 600888 291517 328542 924579 435464 327360 334410 450331 357712 661962 59657 752073 771758 
380067 66013 236253 906102 728982 662100 645487 617401 463027 139782 289699 699159 680971 603649 276048 44443 159192 753579 439048 438383 
129601 333331 783418 274854 385187 350469 536302 752564 425642 598949 109879 193137 526626 370065 632003 397191 649892 578480 446925 864503 
786402 877537 433111 464400 211829 653150 487789 188053 943000 11112 709468 782039 558320 498760 435308 764441 965928 52593 365091 91770 
12042 49452 104893 514713 735473 162400 517936 908073 570335 677653 362859 771062 776094 776617 652026 241397 81329 570161 416999 781035 
443531 918247 678286 660814 145105 690927 247817 736185 478573 420958 364321 374149 850231 729700 693618 463849 893055 123944 475372 244733 
96566 605011 251940 857575 5320 72044 173336 891713 335848 166713 914229 899648 17795 807239 11948 824484 412056 939010 891426 356650 
401648 855602 219840 86513 525747 218816 644844 789383 102031 653996 498812 235179 472499 683378 209814 633477 79749 79830 486741 269652 
921218 962544 179748 30105 164562 926218 513802 791899 362139 902697 213063 486802 112821 818217 443149 370895 78238 472113 592859 596451 
623695 287901 62545 41712 233170 369703 657568 422204 96024 253160 159993 835215 560490 458469 218692 692967 174673 371429 737340 762375 
900934 169904 251044 640894 788653 955296 670840 728229 189224 149440 254136 359745 503062 706529 602372 587240 126769 429561 195854 753057 
589019 645434 713504 751295 421655 236186 591001 5196 903077 987459 39596 122717 475384 1510 27250 608041 252427 679963 188160 759857 
27035 343943 744920 604473 969302 208917 988921 479215 312262 361810 954781 893435 630005 442004 422165 370536 882589 38969 389276 38701 
141994 94969 376380 71690 963061 399464 203568 884280 192075 912475 755258 779755 863202 828219 619797 679855 221697 462845 304649 960145 
574267 354302 653921 354108 111856 421399 393218 20692 261761 685387 701458 183305 769714 593078 562765 918667 333724 750992 415397 755785 
595802 323404 759480 778689 901306 556063 924916 787603 683738 984793 874789 197841 952122 491836 685218 449427 583005 516225 571376 520625 
747792 760813 204104 547340 279954 83104 980508 268882 85635 101358 219679 607786 525010 253611 219318 246971 885537 93800 709094 602992 
328062 550353 447876 685033 358256 223152 290805 519841 659402 122236 39080 573208 897253 647490 853879 979194 171162 594858 731571 915055 
406397 523461 916109 731112 242499 102229 648148 805065 438467 719683 662630 592460 366372 509902 962507 832501 888637 668692 772027 614120 
171521 202566 875092 775988 95808 209793 459190 437018 712939 807476 780358 85785 624378 668369 197294 622737 480599 892492 853035 688206 
149331 652536 196105 166190 154053 50968 232715 835715 194611 279691 20239 640012 975844 596923 798768 875894 614044 315833 516398 704355 
725097 885803 841908 171939 384735 884864 47541 839983 805631 31440 444413 723252 118461 504947 151874 169683 990431 527136 119482 988811 
104377 623145 393606 979077 364142 678825 926577 223860 720913 396393 869363 935269 387899 616053 814625 445638 34858 657721 308459 843170 
881366 18580 533346 717162 448621 206476 926997 351743 928471 307869 718101 260021 126861 292062 776528 599631 825297 91907 431107 351195 
550737 169118 957000 173900 860266 199844 152696 371982 931423 770083 829667 350604 94787 461759 36667 213290 147040 297720 508534 454485 
64060 936380 488155 997893 173272 128763 502942 836840 271134 519435 418831 337026 412964 527905 787124 970031 380451 770299 85001 464252 
282076 193869 468399 284301 246373 91343 607445 945414 758334 766379 945631 440091 700089 12685 539187 921720 593587 590183 426197 382892 
943521 153201 368186 39132 606111 847618 444681 496181 757943 693745 949789 224564 630234 93296 8426 77675 520880 572316 283597 31131 
604522 660468 807706 99508 422797 565206 760189 460111 876407 67445 428050 169886 56232 90227 901197 863003 711752 707218 420190 120294 
638856 700523 411369 284246 978343 102656 135807 573119 400474 519507 50006 136219 508875 265688 645606 620959 563960 490021 851800 657334 
160238 703319 123389 565753 235180 206004 474945 546644 448445 344558 57936 395124 448139 766470 203230 718096 46183 269651 662041 625389 
602781 493027 764407 790884 274651 173847 450479 605085 250722 629040 415866 637663 894298 275494 643586 566234 104483 850423 267832 619578 
805056 39461 108726 978034 250799 447820 651647 355712 886009 938461 523044 906463 555854 231148 383185 994027 964462 855506 261599 587801 
587655 944549 298244 421078 349101 580926 329956 32331 872652 533670 967163 308418 362181 170932 337734 336748 486220 895312 445645 176732 
382369 805669 240254 428577 49245 898449 471836 261062 601537 50404 67645 899990 51201 911262 493220 78092 150198 345206 640374 732297 
624283 997993 336792 562213 171902 779317 568039 591956 771325 823818 793049 962183 106946 231526 207973 422874 202464 372608 537865 760769 
800463 238538 664713 998744 802113 726986 114075 700258 661459 834659 48376 916812 510809 228102 566693 638198 585213 84478 380230 748055 
133667 56820 900644 262958 78036 29462 541887 377308 10690 849731 774599 655396 852280 735875 993879 785021 54705 310949 34666 900493 
556693 615385 318404 148825 237876 805534 288347 251212 721477 765325 269260 927086 168292 21647 885976 869271 796248 548083 372288 282686 
89576 168720 142368 311163 192055 834787 826705 672170 92684 146149 223367 25458 41790 124324 346067 979589 124231 929893 914217 476164 
342528 450930 243258 931732 372208 756503 767243 258317 448026 499718 810539 536430 978327 270072 936524 71567 753222 780742 415965 510777 
758746 851443 904380 770701 407894 6599 985321 249675 717726 539265 931542 126890 431409 971163 364106 795187 20522 405304 12773 738355 
423579 153685 772509 638637 285850 538981 18183 35293 286831 383091 639683 442078 249662 919103 472027 846631 520438 882027 790898 484566 
257313 324523 973981 173414 19387 465889 946193 992496 765403 244043 560565 100377 539593 743179 741430 636752 693963 686155 983402 455823 
217738 358692 407550 341200 303524 765014 933928 853888 624373 695430 40103 151196 626357 145845 893605 604340 265945 85898 513033 103056 
761982 439372 899834 316944 528877 638431 649442 584019 771553 801503 463632 460147 797845 973630 132615 176349 88146 620378 171785 934910 
370554 16871 69994 433080 983082 230894 130663 5116 142857 150718 151056 760916 159811 832973 209319 983462 33220 373394 381364 581537 
351747 799190 517501 884136 525690 159392 116749 532384 325067 946726 701270 713599 926850 794765 262356 97946 945954 261634 209614 507816 
553013 302010 321265 103065 227507 88339 321004 841333 251205 875242 852075 982225 668478 272089 59601 759072 376228 307123 691774 785201 
384696 860873 722622 314036 309040 856607 412881 259863 366495 149656 451963 770764 689669 378775 193927 26000 974705 777203 129360 695559 
522938 709349 412698 441803 897377 114531 255470 821030 137327 857257 670974 970761 371211 759603 288238 642883 879317 113169 311395 618285 
710652 354336 918753 371337 323888 122957 92003 211637 847571 317275 667018 142348 118648 219492 951249 93385 814644 855700 199116 582345 
551297 78104 613546 624220 36625 88955 358462 227155 978984 514135 953454 617482 747432 552019 971010 969198 123952 804539 286485 719045 
837966 712782 893617 735378 519566 707340 377904 912367 356053 449435 929525 717687 24662 732026 922967 312111 466682 626828 165072 41713 
656394 767474 866225 145436 749065 576284 159715 732505 168121 852891 136665 443847 965645 743555 969561 134962 329556 627258 572878 245519 
395346 170162 345276 788108 256397 817543 835815 634956 649552 461361 746396 76313 41553 424374 514956 731649 516961 94395 350941 552616 
541744 49841 331236 780761 529624 411702 503838 789815 143601 35640 833335 737516 953842 376514 286493 996585 731077 782532 63018 969216 
983920 709862 731338 373601 923399 420604 979166 977880 211684 772570 565624 766618 518186 11472 155275 592743 687301 934986 22938 499197 
141950 274979 795373 870807 361790 910802 92544 645253 388147 952043 929020 119609 814197 178651 850033 343604 766448 794396 891646 633825 
698750 895470 221186 785574 500967 916254 840336 671070 872235 865197 18324 884317 3003 746179 904392 683932 725210 241018 752158 629729 
595240 502117 342829 375257 370402 542086 585696 427466 228379 725048 998783 29990 767908 584172 307807 646311 416675 444076 44493 135611 
649733 493417 870315 294763 656017 722231 108117 801327 374432 948267 781235 836433 565267 727743 217347 547995 27005 167210 636444 822698 
712366 563888 4695 452028 388553 539795 647620 942777 350849 751772 53677 177716 662861 925479 98618 196544 463037 469128 270917 360698 
794184 396549 434976 630263 979863 622542 577902 721056 946473 761869 585150 414834 790095 556130 180426 422503 538999 312861 578313 971218 
100537 956368 866581 250314 333949 66525 438918 711961 696803 604865 687133 978905 546238 578059 962543 76961 122902 146230 815291 629521 
698098 12825 379069 753381 486437 710000 739419 192039 330989 975791 860736 296142 593131 69023 382506 767924 979678 792146 410662 654135 
560511 692092 841818 635297 733630 220535 2428 67825 30604 674629 499132 581269 87690 213880 85841 20487 505019 801864 856268 275275 
361436 612906 751154 897475 587625 522944 974587 147065 172056 413688 514885 35567 909946 554952 785073 188207 650758 770097 323310 549691 
187800 466733 384672 957913 650610 658848 525913 902858 48398 612543 668518 76363 33821 593890 225939 776452 854150 17083 917110 307439 
472877 807422 894092 106325 14901 89455 190443 71215 908513 975625 40708 621207 903240 292634 308146 110899 462927 262828 672631 776116 
104408 959060 217131 624740 460439 309849 998431 670112 913124 761244 992373 334563 374888 995570 564688 594942 870072 117188 256541 236983 
424009 887245 309883 767984 282903 623978 249099 774935 498562 919066 991527 344067 558927 495447 209342 604996 52966 50258 870100 777037 
14150 336302 754157 101024 795815 103746 273218 709525 71297 863434 508742 175543 860189 791406 695493 193963 696182 617844 780099 876288 
283547 663983 987433 430346 449941 719446 892440 351818 209098 537313 453819 288284 109325 148412 700019 610014 4507 484093 487860 441533 
756052 899168 844995 321940 787444 17422 151093 403343 22441 389248 191766 82610 988746 141824 156068 56346 115876 497050 327322 956338 
78285 317839 137987 291056 416497 63060 229710 752631 683119 675588 566712 125284 314408 61664 317646 109148 965953 513097 449443 565219 
274264 285360 164897 351266 511339 112654 696665 31937 71885 96399 917617 889251 655417 754743 504239 222442 275040 634032 904069 566570 
893901 553063 383135 389726 706078 928865 464220 954776 104413 444833 826845 552856 295619 537940 109317 318973 925299 901022 906405 939828 
585551 507108 109228 536356 68501 85993 431086 594467 841480 13142 532801 2298 236846 947494 883578 996748 120151 907922 872737 896845 
126219 660207 645758 70449 908496 430822 262722 869426 722860 765633 399773 491377 669398 905408 86627 262206 359659 67806 682446 998404 
196768 705453 468444 15844 250874 745734 370688 805135 385214 83555 405047 977300 308063 374637 782054 528246 34374 234461 223410 24393 
406728 22565 506903 974988 750692 730286 11485 646889 245724 727555 565836 475137 30668 182250 350222 478080 830705 675594 74588 834192 
173935 404209 890267 17450 929806 510732 571710 322851 863512 635679 288885 192594 382798 138165 838132 975430 849530 312344 128873 467764 
13026 738082 691045 127046 341812 306264 626992 260695 786333 810541 52046 617406 84781 648878 97201 564990 199779 322588 304693 309189 
780348 159527 380176 999364 286687 455836 687227 803918 455047 50291 186983 216480 480001 544388 914885 205207 771732 851869 933469 231960 
404818 285533 507012 164974 255469 228912 960758 995721 466468 962067 145370 369805 390250 762787 105305 492563 281442 637075 916114 548733 
249089 641762 361626 498371 990384 737260 906219 416176 33829 368943 816483 796638 120807 31953 369727 422520 6960 849357 20369 283834 
97673 375346 780087 850498 703991 528668 920318 119975 123545 597434 911250 794180 301357 619966 179801 657490 331863 377236 944522 570824 
671391 487501 564546 83974 209587 190101 165758 442768 438260 850288 824863 968747 722211 36997 841549 753955 459 509539 372973 86921 
381314 243108 783277 410601 272951 446109 742933 156457 8654 800410 353366 469918 972819 436339 628706 380870 538621 574077 667675 534396 
236677 86973 256173 548021 233787 687617 870423 599672 808086 179049 876208 161021 340397 422921 642104 138551 832032 528070 691442 971859 
131278 641137 612628 934069 958040 14787 356929 12231 551497 532603 710098 631265 643261 832186 360297 850871 85004 914794 321669 292442 
259271 499568 583622 229823 471394 216392 684386 67611 653582 654712 890974 541258 332331 840519 848309 807485 469950 184398 927226 90983 
625443 411439 320312 848042 152846 924533 338936 888453 487561 428234 176667 669661 344446 877293 859935 843859 170162 841937 155476 555975 
110230 558487 892468 659220 531736 471051 62644 78779 861935 428197 609572 362927 709329 725357 37497 377684 745816 434640 308488 445528 
619091 392075 878356 486981 817288 496564 878588 584824 814608 537138 916647 874744 902623 91234 670402 58458 165480 15484 522615 244033 
312149 461539 279749 31563 325494 711462 696690 1275 925678 282066 699933 878002 734773 866085 5928 270031 228912 439398 174093 234270 
593935 480767 870428 943513 64506 331013 340035 778141 413170 140014 908009 417857 85655 191828 947281 70251 407727 392307 616029 268508 
950385 673407 948467 588017 732584 863416 215686 45293 211996 844351 261308 773616 677040 660011 435985 385026 871969 811370 421313 832805 
228624 469087 555651 210248 6451 687838 392505 128305 220532 888899 481782 189564 871198 766872 150776 962081 682705 337291 712959 858735 
250503 835484 849114 967815 838883 913004 822530 824231 357354 749220 812673 628960 902742 687753 185711 643064 521118 663871 915192 299739 
884169 520960 959573 266865 124666 218092 962199 305753 199369 92772 868646 42531 454463 663377 612293 687591 380479 156604 832708 300853 
518231 434316 245778 105607 517257 505865 104909 737368 382705 986133 672818 886651 592036 830104 257464 828759 815500 510440 231864 710283 
32484 469982 676369 396206 8938 350582 180611 810599 737529 728263 572502 956470 275181 502142 980012 525607 229519 258161 298470 795523 
962376 454928 520855 692432 253788 869509 505429 769600 596695 293822 197277 995924 842201 543368 167673 535565 172091 861223 378139 803217 
696976 941918 615896 538397 525898 793174 253804 384592 795444 760203 958715 330936 955793 372385 712293 97346 354873 971645 231370 897149 
962394 273453 802653 551497 517380 332262 194062 174828 25116 537416 979793 685147 912846 982091 202185 727127 235096 821625 641660 106933 
45665 883650 610522 522521 563118 908976 735024 962221 104012 651499 42704 218182 31920 216755 564050 582274 380723 606576 725852 775387 
892604 713599 551193 479299 857366 90504 418912 460978 538988 664108 847987 413449 632862 235242 518577 623643 245178 526033 942456 77730 
277897 632371 798981 955218 187194 857355 594849 753306 241831 823774 359623 421837 554205 712356 382216 180155 887768 494288 504632 199057 
829714 807441 617125 940627 200799 759207 360946 402061 258266 260004 131567 105640 549617 925774 388095 267630 797755 445382 862486 49284 
332311 483590 263403 813360 926311 914572 627606 92892 4833 115170 391538 102230 998159 71011 767512 797933 925068 529920 746769 576897 
796015 908838 200343 744300 955326 693405 59626 20299 799720 99831 308871 551787 646964 42214 506642 173303 17123 887760 885796 800164 
720565 177052 81913 123919 3031 418771 583922 300045 548435 686754 802533 617586 891188 232215 470276 108189 790178 733635 902004 954045 
335368 959559 64878 920740 637088 392462 106361 129565 238692 608675 61865 850104 616426 905697 933038 868207 810743 756073 560890 122939 
835903 954924 91090 340162 207298 311338 754161 751844 419323 256150 489276 254748 285658 876232 991795 127624 502402 255405 957113 303433 
407306 655692 203253 189705 652230 969562 9764 205977 444946 189562 523650 741731 459891 462350 641680 74726 96146 18985 870126 343922 
364891 505371 66879 703980 926041 53661 512666 625684 691449 688438 410876 640341 603176 184115 711108 850030 906058 139568 932676 185838 
450921 33010 556821 561171 934150 805276 673084 388737 222595 763797 244079 902901 447273 346924 802986 390383 548451 437648 556271 593865 
466477 71174 355848 421668 984578 725766 710833 830486 732805 337309 62622 538758 289748 861633 276868 390642 378539 833237 726603 442282 
251849 437398 414001 640668 904561 69235 509047 222495 645879 391042 945562 132903 141749 195205 161988 349644 561027 775209 571889 806717 
605453 164920 958762 373759 410756 232655 309129 762675 327128 657972 406078 68969 248373 346206 312376 191144 599088 243468 927592 630879 
240702 965618 143035 481757 27227 930892 826533 298891 104621 79975 739271 511939 539303 683220 121139 718143 733799 299213 434018 168059 
839602 932807 14777 309034 545980 745852 239054 226625 139493 360900 283742 862965 345674 421925 288374 40801 327464 975746 364122 502571 
796531 317516 354858 159733 360536 892261 572464 458538 394800 262963 897202 93200 497815 31591 615359 848756 233645 283858 33217 579198 
251000 787865 319228 373464 226687 626627 647839 405718 503380 502290 920343 187533 155929 341573 117041 483454 586395 230256 834137 197528 
110729 990858 698575 504516 313613 414262 648871 670110 405384 468763 944780 130531 130114 532154 14132 835504 768927 438453 832743 186577 
527998 325442 618235 712928 159210 432524 371519 954141 456616 67573 919560 941715 686170 730348 681691 786278 995404 629947 581417 505986 
772733 67129 483594 148917 808462 138231 145392 436714 873530 553292 138653 928062 427537 497215 957366 707417 715125 310084 476654 51078 
326436 419892 63703 914505 417209 39493 670126 715867 190648 392373 399700 774389 654267 62117 36942 729713 867937 378184 779423 427863 
290961 395565 708505 744709 862389 590508 361746 576125 724327 632058 423717 964050 981919 990968 378957 469822 919208 17623 212634 132798 
929501 107195 2700 3874 976028 837264 505115 699623 141559 231503 339442 497254 694999 536348 307348 567144 110219 819092 821904 219347 
313332 884791 655307 261188 393751 940680 984757 392584 895669 153730 561584 121291 986808 570635 401024 719375 148048 958097 227507 765566 
502993 752920 388256 100535 390309 126248 755331 156414 291845 581295 245032 221181 809378 16132 572494 225293 25832 394920 767712 96686 
413041 748583 193007 732454 84947 145382 742435 919011 739350 197507 552538 311271 643953 384139 717216 373986 414526 56234 971597 743497 
883398 526308 535372 857283 754530 94784 289440 369617 377360 490333 693738 710806 791316 664723 161055 789037 207529 600080 907451 498453 
291678 312836 651057 154743 245777 662461 452898 979633 817476 136149 394477 724170 681548 9538 450533 991082 478465 290865 671380 110012 
372360 24116 548466 430623 194460 803399 944242 903184 221877 218007 130423 44011 487209 615101 744050 654129 32162 764011 352937 353040 
74546 378382 143006 556633 101582 882747 883178 380053 314312 410640 526737 863365 947422 622248 590817 303035 179268 960608 961774 567992 
973596 428764 413617 327978 842859 649921 261056 308354 655208 638939 814449 690443 574453 929839 517811 725169 154638 468594 774961 695809 
271342 130736 665234 226019 523957 463968 70103 78603 454135 280875 481463 744517 918979 257947 9908 142722 476793 33112 633845 535932 
451836 278922 940754 999903 873676 62058 985368 512622 957094 887717 510498 370473 603115 618124 621960 229261 702623 116884 498937 101165 
607611 841748 618153 797678 81325 499023 313202 856120 460131 852901 944616 944981 401660 463954 557777 636992 840188 98434 16063 85387 
966598 869945 787468 41967 175786 173365 896217 397938 492814 893451 886101 558333 214190 645711 437948 63173 915030 501766 796751 783813 
535514 912757 498005 297230 282738 850162 443781 403340 91853 744692 828821 525042 106259 436909 137492 623223 651106 439856 660631 806379 
242147 527605 989933 237772 608381 308937 47292 4084 370430 339778 71450 37220 321882 867333 861025 938925 734145 536570 543724 524444 
550112 368492 598834 56751 760079 104591 264636 158605 926918 397077 241968 283067 655459 156231 685125 692781 17983 666286 930201 519784 
170058 52153 384531 80624 348251 334037 269165 797193 430049 678784 291102 923252 186876 748594 850240 954370 279646 562915 60561 969107 
363093 233593 193060 175575 180627 290744 804435 610467 130810 333149 575889 690373 808109 417590 262792 945687 204482 166455 984720 646949 
164047 760725 487595 351673 37295 877618 934 705083 492242 828507 347665 52541 446380 626277 774061 615715 360086 546231 233909 772771 
529194 893573 886088 410740 258279 509990 732734 434837 5362 611795 563942 119256 475404 630130 75614 893184 100834 308504 601432 824286 
129181 470790 849597 570295 968046 837697 827404 890910 287508 850762 469519 750210 741165 976319 668104 309488 858453 703096 637366 427361 
372018 938622 417409 128592 572024 627936 412690 881342 825361 217862 39190 929793 134516 20995 291146 829045 380361 36206 410499 563782 
701149 349190 447525 273905 35654 877910 167609 126475 450013 392272 250699 253106 393683 840715 662449 775171 757422 467866 192583 791541 
818421 294516 357854 81016 598519 242745 191814 812242 395713 117130 775719 28664 725894 233361 31670 548361 370059 295012 466367 518539 
637896 310555 287150 326705 97271 333181 220278 470929 891641 85047 405243 409156 751840 368581 3865 916771 245661 20188 296903 593215 
684617 25064 429575 766445 122925 218340 336613 81499 879754 119660 500062 506673 306456 215616 31198 496153 67557 694420 793902 432280 
230628 711005 252521 24586 860978 866307 228399 876556 651892 844210 651364 236124 899960 456150 759876 908049 4732 684131 669247 622826 
999990 455412 250839 446669 76387 259196 862927 760534 80702 330625 538670 545980 286216 606182 200154 314541 991240 77221 867866 836660 
706823 899015 150859 977511 84186 912249 625313 879810 634316 122508 748943 55166 125560 47314 447648 249157 814481 469546 25219 994064 
794066 303212 785049 227990 401071 224416 814217 732142 545728 246558 960197 605824 38426 507327 832785 479646 267529 58752 747904 911881 
128434 610291 715218 968538 114440 850006 429811 665049 435050 681541 633024 867409 565150 187047 663697 914961 231394 74131 27509 300034 
410964 324501 779081 736771 806362 502033 673750 421521 40649 951422 354399 329387 570506 719146 737717 993184 856262 600806 546969 90122 
431940 328460 271946 835299 982982 99850 895270 185212 464407 91950 430980 278613 418359 269869 232808 192961 380246 849704 110791 995670 
432389 69497 458404 117952 411499 198829 714492 696177 623459 341843 471340 98761 541744 911125 497890 870045 431748 253442 626231 638689 
339429 736991 561435 215788 198741 685530 73965 330486 638723 396465 161337 632615 970728 914950 477801 788044 331003 962146 963253 6052 
690480 592448 947173 452541 975305 511913 458546 282133 69825 121872 90412 610041 691053 715805 848551 356261 326655 753111 868270 220463 
165717 721264 943594 345093 952212 256304 377712 414027 461708 140546 184907 394353 277727 858518 625676 192116 29612 718934 683558 69249 
267291 975956 873092 965974 149215 109370 209992 66270 563320 952477 510883 615752 416532 669417 660988 288781 274426 129914 936521 768679 
983757 830352 805245 590104 806531 952779 760623 281971 13177 257241 660060 527684 562418 529688 180175 229452 140807 275044 492939 371365 
31660 665159 643071 682874 875436 621129 143918 363489 594636 768477 309174 64034 437287 437300 974655 416528 616327 602087 344952 614409 
816196 738162 232526 284223 707276 603612 850353 226793 817176 781653 525764 265680 171205 784108 167929 781831 432770 640134 128057 244757 
509806 37241 51190 775754 849071 74343 765302 66257 46510 530110 191233 20051 957143 915550 245353 96257 344248 420450 115188 303423 
746391 754111 762924 644535 981038 246103 834232 644313 128772 577969 92632 591679 411986 254407 956904 234303 446799 40008 638484 467274 
746334 340032 429020 229479 85562 592428 557847 833892 671323 40633 90872 915150 822884 513171 50583 204720 729410 562081 42643 606777 
254005 282429 949628 484052 929247 192443 474226 204576 955858 710876 893701 750891 98489 176022 176225 276218 389435 129401 86668 229754 
672009 286904 912979 606983 132214 375113 357583 231512 447259 950803 384721 83575 469847 253170 54646 167510 37870 519407 233564 762813 
286736 979122 883914 947935 46436 629856 578981 549108 243590 147122 807868 821733 876630 141197 558579 793732 277265 668716 602886 623721 
630344 7907 990598 825727 257847 787062 180121 775738 660521 302407 138807 890048 316375 817610 575694 431180 67505 780956 329960 308114 
714838 464251 512548 93797 998451 650292 428704 861853 167235 951712 803888 847921 877650 918225 135976 349302 417636 951046 284375 739505 
105482 848490 40211 256124 164907 385504 877794 730452 441142 715964 379415 808744 807649 978124 511616 962287 379134 210123 91119 916618 
386682 981793 282033 842653 443267 937861 433853 334439 322029 516591 391755 194178 54110 914886 262283 700923 584326 644592 818923 977709 
235425 458022 156446 723483 326621 934207 121501 452965 302653 425664 721696 674182 138928 607101 24564 232534 712677 521920 914700 990441 
540890 295624 907209 934445 731811 689546 325847 324105 266270 319160 491169 529484 758443 267262 860705 802864 458733 265420 924631 908632 
746667 394540 936469 756670 659886 978021 807139 303047 581747 30235 102448 894107 526464 748261 978785 595392 606296 556476 552367 934777 
909065 110831 310341 788183 285790 965995 14688 900741 146677 446760 109652 422178 83998 944391 927393 735443 788622 674972 120778 786890 
405745 963687 438686 424862 829770 960707 699387 113811 766325 420598 238447 263776 99044 139229 713262 330222 668795 975999 306687 653008 
959029 77401 39603 634909 899364 940333 284302 602527 8489 581298 29865 511124 537508 536166 858242 450677 408740 33089 843678 602434 
776911 681408 95178 14298 717157 343009 300523 668687 230660 699922 648336 555180 362748 407457 250474 947034 772999 83629 902585 799183 
837907 384448 307005 870135 216826 370388 672195 307202 641708 431672 699849 885616 95366 111550 701812 986034 393344 376363 498149 278920 
60397 896563 185914 982363 460686 807700 55816 692262 365312 958361 898785 468365 195730 982293 914821 461017 664316 732514 87580 45509 
112873 291983 749385 307144 742376 331922 90219 690370 804544 210525 865404 516691 62167 425986 221410 315627 362763 216250 64243 793360 
691174 175572 436701 22653 928554 445943 335549 278391 951156 119318 817503 568480 224002 900599 326170 380539 222812 138518 430630 119071 
793323 948799 650823 914157 840836 429783 897261 331253 4825 361556 680949 262459 565813 413344 875632 28595 549939 485265 88662 382224 
908466 783309 662635 826691 462201 887661 102481 546913 855133 641969 254591 630075 862843 869045 104148 709211 915847 468203 711284 606293 
542170 179071 721931 296270 22689 857909 862744 240914 596665 285874 245591 228858 367508 725897 590080 718375 992835 413129 871194 154070 
740866 664045 80323 361179 50333 170094 269306 326154 905943 18842 895173 581828 385923 483716 148667 731623 250633 148013 161846 191836 
541788 804372 985474 391889 869275 584988 716643 218168 659513 288903 206774 288327 544984 813137 866233 273075 517105 451344 285779 308196 
582057 660651 647525 505667 410399 536902 673751 673016 158317 935792 416800 676824 596706 599851 72721 288705 443200 724471 809458 709664 
382016 328293 285461 159058 392605 934492 458468 740510 482399 182396 301304 824145 687573 220793 266728 519725 725144 493133 250567 632179 
707525 367410 982746 465503 644135 843975 108769 804432 948667 811838 105200 798445 231646 916988 507779 442712 117141 677004 118668 746869 
483370 471912 388529 96673 961671 901774 67980 453452 484950 937926 483866 621600 403795 694725 298590 938595 942219 376506 80647 368024 
535412 541473 173180 973823 658314 173829 255872 82970 827528 307424 569685 522215 236914 180098 83066 209204 143597 170684 329530 63877 
793698 597802 297950 915515 973767 52252 210562 891370 146136 526457 212957 449457 692085 674888 302147 969422 280953 100592 350125 891942 
726963 475464 412906 976587 940249 34278 764167 233165 279952 668336 194633 658236 240998 889140 122817 687369 863257 608132 863755 907655 
782071 536910 550640 194022 349165 303168 817438 727251 69960 560176 144604 285513 745512 963385 353631 862727 974300 187330 814750 564832 
690713 918587 172030 248064 417874 689203 496441 384211 583872 320657 839424 530544 413244 514439 435598 494353 79762 714143 763943 938943 
922690 463089 239798 22979 359975 604456 529080 812904 879670 221501 1538 127180 719376 172532 776527 953755 316099 948724 425853 211521 
575309 382021 565778 667604 944873 883817 67572 849435 219814 636043 285172 398839 404661 39779 498307 167319 103579 161219 586320 512928 
905270 397155 51670 154834 13714 272994 826164 504021 674598 392641 13199 831571 626315 891299 295154 407200 677407 755225 124009 103844 
27710 31376 418708 131902 521621 329798 648129 43768 536778 443476 77185 392714 29271 62474 116413 80309 850505 502728 646879 690225 
371668 294252 59983 598158 790981 218015 302428 727666 167332 865358 431149 615925 137847 699473 280595 244982 254943 430360 423568 12975 
970679 395292 19771 820243 387683 495244 112839 207208 963747 275091 245161 627408 461170 203943 940470 965556 155 172740 573705 404458 
932703 305005 520336 923086 110480 516824 359863 625300 300065 116208 588180 571103 504589 261388 655252 837490 429358 398755 761795 141711 
960077 954975 348978 254352 877618 850285 228521 197446 666351 601285 659434 91498 967397 932695 777606 421545 525692 104118 768060 175541 
217964 891769 73816 942746 407917 793361 364474 677731 701275 41434 406912 535108 325545 837288 481115 36330 808207 147263 556331 86216 
964929 305132 601107 124974 6308 630267 476302 2082 968369 625840 958336 162137 560536 142067 281156 2916 694305 768572 918792 654893 
952877 861553 492802 602569 272796 320852 804168 423602 368371 422658 30430 254236 871464 557253 963108 503606 352070 715190 8893 251183 
936857 366552 104651 484519 2486 69059 529074 808024 236038 264841 244685 256040 112364 993678 881061 568967 127249 837015 52456 286532 
796413 193954 731291 630885 834176 396140 75556 306223 741482 703122 549178 917828 787089 998361 468147 414757 201704 828192 715857 907876 
796139 427600 115234 686122 272265 864946 856382 184790 399261 503799 14349 674150 633753 775862 417261 434588 324326 102703 824577 822313 
155707 359089 442896 630397 757439 371173 84162 595615 138362 445413 126776 488821 155605 435642 424862 190504 281068 261443 619315 69940 
505895 974194 225438 710882 939802 130398 767128 617763 266664 494265 432009 971853 341430 758333 44706 363088 999622 715826 447789 404580 
622411 688102 149392 900563 881960 496047 640204 101541 473101 126565 310522 510421 89043 415766 393857 168857 472910 929976 418142 854856 
853220 256582 371961 209245 350436 374227 238586 388102 293399 446060 818613 827291 62977 894437 769147 281908 22634 849160 514939 371460 
52341 226006 317702 434420 715307 692040 929455 578840 719227 914960 249089 522101 260362 860798 735787 109975 364209 827324 59556 313348 
706937 855323 713807 658486 805573 721404 247610 299492 91694 779687 406122 987553 514374 835565 878610 125066 678416 761972 857656 478354 
440731 411124 600715 330651 703175 9830 188195 260827 846667 766410 491783 884019 851967 23160 854120 294932 883785 484103 807027 93220 
689436 281406 854974 941616 156437 436359 752745 790917 896631 994288 811983 167945 921733 767959 452029 663620 107486 36682 726579 238481 
320821 972871 975597 884218 124329 2621 592311 705253 580727 132597 658861 102653 788349 840457 232427 163233 705586 150313 396433 722606 
437530 605858 349297 911354 264443 885879 889413 91921 163955 879663 683687 375368 655310 227351 790433 686748 99181 71580 349240 398737 
695764 100905 310679 312366 592398 671031 624415 128725 454189 847486 707884 901114 770838 990581 319156 413399 306371 995062 567137 362558 
146548 779057 613015 219485 491871 27943 610108 430766 913023 301017 258440 140973 97271 673149 217682 283761 410115 458573 237853 887595 
541653 349288 22876 103414 44398 689119 769477 590332 554084 115535 98705 186759 767543 734777 170420 561908 286454 655531 977202 499998 
534620 573029 683238 150011 242358 537551 246435 36743 379303 532018 485228 168649 181719 434751 348063 363951 257292 310125 415932 886771 
777853 328615 287127 585707 948103 700982 106201 543488 129883 852068 551334 227781 119186 708288 478350 51246 350803 722665 910027 875667 
468923 455269 856179 452784 189547 457065 834745 274065 405865 255177 106031 335211 621075 989144 5693 781022 513725 690450 864088 72702 
654665 483907 913679 457028 678160 828303 955145 766001 885274 704157 403489 28059 413502 372291 598290 538724 255175 442383 784359 399382 
642239 121464 442701 455526 517359 7796 270239 874218 34065 256198 919687 961446 900838 659521 551300 509247 159512 964982 785608 166678 
751942 817180 323763 999233 383339 704077 567577 217446 738602 871835 673541 135582 492010 283176 91564 155765 856549 98645 378644 51778 
559817 848121 54898 202560 575904 77924 916706 313831 366806 570537 545126 206851 57626 769696 422033 601827 165009 110127 786387 542256 
526672 795496 248124 582125 928929 813174 422234 91314 736697 899507 567135 175305 672652 967510 471642 487854 740000 516242 860511 562092 
433042 285395 669080 326284 611733 87694 363589 661548 212311 498696 12110 955926 46900 206236 816046 605180 748173 343604 61175 547319 
283565 671246 969528 165450 351352 673933 18743 122026 323880 575177 342258 459189 987790 943587 399313 148806 849177 136497 569429 122995 
3447 829401 874383 345406 707933 643756 972088 50092 240691 930695 706818 762182 79951 625831 915481 175152 811241 634934 897003 563614 
361134 258498 809182 832789 256597 916466 268201 943055 589247 717232 649084 16979 801148 15015 659493 410433 471945 517599 937727 544855 
314639 871455 378222 683350 267920 374166 905662 136420 539508 117043 5642 888065 156191 662375 253376 966418 47659 234834 629136 377674 
833779 869195 527890 223724 615795 853249 803168 718939 916784 222299 77392 41343 61704 68796 44729 96365 793487 832502 569266 835799 
690749 770465 976349 405695 740249 519753 346734 105969 83495 58071 414036 406104 86777 394944 5151 571631 200220 793422 986111 279462 
718444 591101 602979 386741 584831 989318 243349 66932 249496 855182 837464 400942 907252 632536 448569 596531 281907 901497 515792 966970 
18673 29293 205020 404644 586747 386310 480799 2341 57729 554894 201762 829503 579129 394687 917863 10425 955868 481229 938294 610929 
837880 612444 826765 914283 236477 405812 362116 813017 115395 827602 963011 692668 496511 15609 509058 481809 636353 186854 487264 267180 
667677 129772 745285 425600 726436 977751 823444 23847 460519 293778 873157 202052 821755 731045 753916 97367 662428 771173 694072 712757 
605354 431364 575103 409565 809784 312796 21183 862183 699519 269485 662084 259243 913188 459130 173513 892867 738971 164804 971601 298788 
918685 236572 492508 449569 709336 254536 224001 51389 741517 884918 504438 354026 846015 144127 52892 427898 132097 728513 564973 229117 
201050 439989 151653 21700 83381 980643 237541 546473 450205 635792 915470 792088 189472 831427 342677 990952 911873 349377 993582 717605 
812404 894376 418899 188458 809212 548669 661422 736664 820826 776379 385189 951342 525875 549308 966860 863093 95240 173374 193655 231719 
720535 788353 558922 419589 222336 524744 523434 481693 402606 547508 790278 894305 421769 302417 991611 197478 28525 927984 519783 847573 
990735 643231 599796 7956 574671 187998 41396 50580 555132 997503 346841 376056 584025 582696 10833 983718 239188 357785 359594 520941 
427613 398430 644167 354364 688085 525566 370544 455643 872536 937424 299747 884467 95772 959203 984311 634653 479491 710309 344040 126483 
692063 185173 807892 156081 596563 68923 725964 246051 410546 908269 215032 347274 430430 773934 553418 231600 973453 255380 285806 716083 
394183 411812 37145 100831 96589 538222 909153 490194 345814 642329 605972 886570 759732 236713 946013 440949 947797 194108 343697 928146 
869979 771557 385247 749744 348806 941918 819637 517661 457066 780724 221450 878774 460054 817383 413323 657537 479644 292012 315805 804112 
608438 727512 947173 757709 736069 659511 683384 469891 659982 742664 691669 873253 804985 812132 989157 56543 769159 523542 152095 264449 
554569 15404 270871 896930 659630 580861 309462 899107 476090 724012 8699 783829 531069 819145 921384 740427 488289 877656 472294 35404 
878529 465787 278436 550579 546585 450566 723680 271006 767148 964422 830750 537665 764791 508552 679319 806902 612307 611350 97709 234318 
406543 682373 195492 870744 107626 649806 788739 909727 650032 283525 610137 202000 61897 134666 729977 423255 247203 381096 753635 703885 
84682 33914 502484 480988 406487 818090 305819 309780 839972 47082 955488 936014 969683 458284 252584 775983 103463 82829 710982 132712 
6851 276396 217828 599910 528535 435674 856471 533598 22941 291651 933748 307729 633571 258646 856724 885396 908704 981288 311786 613942 
534015 932133 352883 786676 906745 378605 133541 255156 474464 102966 440431 64205 708725 675584 951302 923226 240201 169878 808036 179627 
39474 369979 124917 270683 271459 107640 535728 702185 649023 161474 135797 291769 475259 832442 250683 950804 501633 614203 197960 85534 
391209 475344 203593 984969 759435 921598 122896 625583 203073 451223 672746 806440 877036 386815 514640 134991 563548 228434 789040 354383 
427798 952440 926021 128386 6838 660903 753203 857233 892694 447709 533869 852487 600327 748899 551564 269704 230571 753491 666627 573403 
251493 57220 378665 338725 644328 427637 361745 483311 709146 636814 158716 119144 422879 683436 683411 894338 763977 906170 835000 468812 
145170 697654 770868 466810 88336 804867 271875 459145 73716 35943 231672 519932 803216 973236 865227 465610 519536 133621 28090 105230 
236064 88954 806587 342201 304852 983356 420407 904768 264829 729320 725889 627095 225033 63984 584189 303786 446251 697280 200104 383096 
472382 947983 119607 61448 493067 485244 881421 613868 35376 219421 768195 523159 168075 594388 4929 407293 243242 934087 297740 589839 
779898 619045 687281 632434 993457 334483 925929 471868 716615 169245 168730 253462 746530 515795 805159 730369 204787 436340 485844 12663 
45215 516415 670712 974630 913443 929767 295553 991853 881807 117902 68090 60787 401288 371717 727545 391250 764601 597492 125963 267447 
129413 929073 497623 681622 151547 767543 927084 675268 82811 490538 444093 194782 943657 588231 693952 724807 306612 273294 999613 64358 
901525 355830 83965 674257 806724 619758 830915 385132 893582 180800 418242 421747 516102 961136 438643 305019 206610 482864 662277 267409 
7602 985779 982588 236649 700193 386912 192057 284894 830510 671911 113243 877345 108074 797486 766072 22603 158190 433205 625500 77027 
170123 312050 130313 78210 598295 66364 725817 594247 722134 660992 144569 906484 944580 333866 381193 797528 483706 632559 906047 639882 
841224 247748 556890 682286 780452 901137 165138 767276 344030 127578 253997 222165 536161 408270 401689 731899 566508 619266 963269 384790 
228600 110356 890993 861325 952003 187926 417010 215753 580544 542159 219805 743985 460908 229770 206186 550459 859219 151376 331478 180938 
374171 853293 654130 653519 801882 436918 129031 187498 249482 168038 959094 545301 980240 150491 610712 187878 566372 4191 391042 346278 
457790 548616 867256 529093 542351 199959 323921 50338 828750 218195 170891 937546 611869 87438 187457 806091 811136 586689 90344 752949 
798167 18665 428901 472134 963737 179290 352588 726937 125039 352806 870956 101691 690175 467511 645276 651030 398397 54948 761997 854017 
577285 424754 777069 693060 624008 837337 865448 891960 137240 795457 161320 664999 751137 563154 13886 72056 366389 667725 438763 927485 
242564 415439 645329 203773 72943 325328 318166 272666 165906 508014 298775 604379 88764 640437 402038 486822 674072 149504 88765 990142 
329932 897739 356447 243986 355492 154841 815369 354527 582128 565429 531121 439645 550556 762152 948094 456828 285138 829566 868664 488925 
150610 403806 571619 470908 7976 130457 997700 164548 784849 363990 878765 798242 213384 939097 532588 439983 964663 313866 348699 917772 
53844 413047 269459 241220 691194 884056 988984 233383 222114 704905 746412 532742 136116 729325 498082 471905 373720 637941 771114 821406 
544511 961741 719525 673335 624932 314746 818472 559726 504409 771597 74906 664564 899170 321633 721378 400044 714426 264271 72427 496565 
674305 407400 746684 609554 86518 706637 362383 572833 568670 460918 967555 687655 672353 17063 938691 104046 228582 520181 752021 994175 
862747 183554 244754 916899 599377 156059 964644 450811 812668 436829 338247 531970 618214 266760 491640 369646 872752 308929 309318 596787 
503671 72444 142253 390426 354370 480923 103743 718293 915207 869017 963016 801348 877267 582296 119145 478750 525088 566247 616105 822962 
477215 786577 457355 405282 873374 224879 17257 688290 827718 387589 734465 877171 162708 590990 678109 666909 493097 211130 192200 102053 
36310 61566 586140 582891 836715 666731 236438 420066 918331 959117 615701 445558 205950 256211 62686 352800 190474 960030 842993 733477 
891249 916150 626837 755529 885337 462459 240066 562299 639960 565565 216534 969432 336689 602633 136666 150375 576051 926087 4712 176726 
227748 606111 959463 201484 634954 445625 219407 962082 382325 772354 975479 83063 593070 779658 88565 304221 340778 445908 25738 331563 
303420 210368 634979 563186 565973 489253 824592 14049 432650 392973 136963 49489 417690 848574 271754 235752 746385 167131 411859 294576 
156625 445094 888975 919293 870972 809087 955536 227603 861279 316494 454611 106605 931417 327063 488577 704803 723181 847730 915575 277153 
638806 149349 638600 651624 207 141290 780664 183387 936168 458718 806830 276985 888208 864793 714002 799418 111979 54860 639176 685551 
724625 243561 922342 854227 63977 616279 869883 965663 362203 755031 263346 449032 506031 270619 216482 279846 802928 897825 120168 249785 
196716 323677 510675 671294 134021 844796 676688 578148 921827 841520 623874 625893 281061 993511 764925 703373 699311 621842 485924 697319 
787520 200117 978880 602774 237788 194481 961212 234446 957894 623336 360490 939667 546867 643144 83215 677700 489596 445934 481003 974103 
91021 361171 380181 159127 357247 841045 171915 549792 504595 431833 905454 99622 396341 717665 944161 590101 100857 44260 3418 491535 
130172 445677 808158 934610 693729 180978 922225 773028 813425 829657 8653 662652 64203 4406 155712 633947 836888 171736 540763 339856 
232390 539858 651520 990223 62137 247669 420145 217952 619047 158275 4839 834719 400033 980029 743794 9175 461298 114213 104568 581329 
489402 731759 892228 71900 55056 583772 111825 174120 586563 528572 473461 190657 983073 88254 342819 767169 954937 75664 604791 335457 
729551 953876 554381 561745 988626 886917 35363 733792 909530 999861 174324 335763 192963 168063 934224 683981 159297 640004 971921 443200 
917259 337944 661389 814274 335592 73695 465670 738415 677751 181552 823181 464639 227953 54600 976759 808186 892321 801521 835303 152774 
143586 623749 38271 566535 112749 778998 465513 829387 417132 341411 397753 3432 421065 49489 59040 815394 386377 447355 419491 671204 
813848 855021 238232 723941 344564 19225 94399 145919 319663 353554 617436 779892 442351 979903 288916 605928 95269 529978 458312 16841 
599757 881040 183621 391477 174481 902985 959367 273917 963777 82185 606673 599790 324236 563076 534665 75998 873165 272681 357560 172148 
364951 736693 356469 31846 741242 606153 191345 946916 849515 334367 609891 535895 397321 622037 906385 371524 408310 311620 974093 9581 
269999 103538 702149 810020 49909 403307 949161 117453 341250 936654 841580 825079 724247 240952 87245 176782 603300 392111 460890 247249 
727189 241283 386123 792753 828307 794882 477088 328911 912706 179149 929904 209646 416848 775556 393026 81277 468027 959657 663443 205282 
66539 662556 348738 137478 622738 754623 885936 415142 600144 403970 888441 129709 866466 424072 925672 91480 775340 697612 723812 484144 
947079 638856 569551 478772 353193 798308 107301 299043 837014 689546 665501 907922 582809 183226 166150 244472 403015 242065 493190 16367 
675506 839057 178292 738080 770146 472234 32205 222604 528318 304503 742837 293703 941548 18192 105757 645525 994375 245163 673673 676996 
567348 920025 813025 14081 100031 290799 176536 284049 256160 731331 715299 462472 432895 350323 711119 207192 408087 162813 7569 581018 
449211 960696 305152 574037 269653 342757 863216 944975 689558 240928 653230 739727 88043 902335 938 621071 116511 988350 22481 797113 
937494 760460 349992 458994 4628 626980 109126 318461 399541 39176 475445 627146 474333 589664 443803 69143 512836 495135 354146 980007 
775476 428592 584254 306099 816145 641370 21035 206226 82439 350407 988132 61284 753446 121465 991363 848967 176698 10150 576221 8831 
